case,rank,sample_index,image_path,gt,pred,tp,fp,fn,precision,recall,f1,empty_gt,metric_image,raw_points,cross_border,reserved_before_dedup,reserved_after_dedup,tp_distance_mean,tp_l1_mean,fn_no_candidate,fn_low_score_or_background,fn_localization_shift,fn_near_candidate_unmatched,fp_empty_image,fp_duplicate,fp_near_miss,fp_background_far
p2p_proto_fusion_a0p10_best_paraffin_to_frozen,0,0,/home/data/yh_1/SET_3/p2p-src-zzh-2025/datasets/冰冻-2025/test_image/2022-06-28_11_11_09.kfb_2164.jpg,400,522,339,183,61,0.6494252873563219,0.8475,0.735357917570499,0,1,10200,7,531,522,4.935817890877153,6.258776157654842,0,39,17,5,0,2,41,140
p2p_proto_fusion_a0p10_best_paraffin_to_frozen,0,1,/home/data/yh_1/SET_3/p2p-src-zzh-2025/datasets/冰冻-2025/test_image/2022-06-28_11_21_44.kfb_659.jpg,216,339,174,165,42,0.5132743362831859,0.8055555555555556,0.6270270270270271,0,1,10200,2,342,339,4.596946215629686,5.896998764454634,0,32,7,3,0,1,17,147
p2p_proto_fusion_a0p10_best_paraffin_to_frozen,0,2,/home/data/yh_1/SET_3/p2p-src-zzh-2025/datasets/冰冻-2025/test_image/2022-06-28_11_21_44.kfb_2227.jpg,253,613,229,384,24,0.3735725938009788,0.9051383399209486,0.5288683602771364,0,1,10200,3,621,613,4.587878751269197,5.858336225867793,0,10,11,3,0,4,52,328
p2p_proto_fusion_a0p10_best_paraffin_to_frozen,0,3,/home/data/yh_1/SET_3/p2p-src-zzh-2025/datasets/冰冻-2025/test_image/2022-06-28_11_20_39.kfb_1160.jpg,70,114,48,66,22,0.42105263157894735,0.6857142857142857,0.5217391304347826,0,1,10200,7,115,114,3.8746987590673623,4.8359433015187605,0,19,3,0,0,0,4,62
p2p_proto_fusion_a0p10_best_paraffin_to_frozen,0,4,/home/data/yh_1/SET_3/p2p-src-zzh-2025/datasets/冰冻-2025/test_image/2022-06-28_11_21_44.kfb_2532.jpg,180,490,165,325,15,0.336734693877551,0.9166666666666666,0.49253731343283585,0,1,10200,3,496,490,4.660457071292936,5.863557121970434,0,9,3,3,0,5,38,282
p2p_proto_fusion_a0p10_best_paraffin_to_frozen,0,5,/home/data/yh_1/SET_3/p2p-src-zzh-2025/datasets/冰冻-2025/test_image/2022-06-28_11_11_09.kfb_1975.jpg,27,83,25,58,2,0.30120481927710846,0.9259259259259259,0.4545454545454546,0,1,10200,2,83,83,5.546195906260925,7.1483483505249,0,2,0,0,0,1,2,55
p2p_proto_fusion_a0p10_best_paraffin_to_frozen,0,6,/home/data/yh_1/SET_3/p2p-src-zzh-2025/datasets/冰冻-2025/test_image/2022-06-28_11_11_09.kfb_2435.jpg,79,152,65,87,14,0.4276315789473684,0.8227848101265823,0.5627705627705628,0,1,10200,13,153,152,5.406827653947926,6.842476294590881,0,11,3,0,0,0,11,76
p2p_proto_fusion_a0p10_best_paraffin_to_frozen,0,7,/home/data/yh_1/SET_3/p2p-src-zzh-2025/datasets/冰冻-2025/test_image/2022-06-28_11_21_44.kfb_2529.jpg,107,256,87,169,20,0.33984375,0.8130841121495327,0.47933884297520657,0,1,10200,2,256,256,5.406040462847699,6.898193140139525,0,15,5,0,0,1,8,160
p2p_proto_fusion_a0p10_best_paraffin_to_frozen,0,8,/home/data/yh_1/SET_3/p2p-src-zzh-2025/datasets/冰冻-2025/test_image/2022-06-28_11_21_44.kfb_2443.jpg,163,295,136,159,27,0.4610169491525424,0.8343558282208589,0.593886462882096,0,1,10200,1,297,295,5.018189195146753,6.291949046345939,0,18,9,0,0,0,11,148
p2p_proto_fusion_a0p10_best_paraffin_to_frozen,0,9,/home/data/yh_1/SET_3/p2p-src-zzh-2025/datasets/冰冻-2025/test_image/2022-06-28_11_21_44.kfb_1661.jpg,99,231,83,148,16,0.3593073593073593,0.8383838383838383,0.5030303030303029,0,1,10200,7,234,231,3.9383203138078886,4.96435025226639,0,7,6,3,0,0,21,127
p2p_proto_fusion_a0p10_best_paraffin_to_frozen,0,10,/home/data/yh_1/SET_3/p2p-src-zzh-2025/datasets/冰冻-2025/test_image/2022-06-28_11_12_06.kfb_1228.jpg,0,651,0,0,0,0.0,0.0,0.0,1,0,10200,1,657,651,0.0,0.0,0,0,0,0,0,0,0,0
p2p_proto_fusion_a0p10_best_paraffin_to_frozen,0,11,/home/data/yh_1/SET_3/p2p-src-zzh-2025/datasets/冰冻-2025/test_image/2022-06-28_11_11_09.kfb_953.jpg,17,37,12,25,5,0.32432432432432434,0.7058823529411765,0.44444444444444453,0,1,10200,10,38,37,4.512259945490944,5.70277921358745,0,5,0,0,0,0,0,25
p2p_proto_fusion_a0p10_best_paraffin_to_frozen,0,12,/home/data/yh_1/SET_3/p2p-src-zzh-2025/datasets/冰冻-2025/test_image/2022-06-28_11_20_39.kfb_2413.jpg,40,78,21,57,19,0.2692307692307692,0.525,0.35593220338983045,0,1,10200,16,80,78,3.8978692954195617,4.834522610618965,0,17,2,0,0,0,2,55
p2p_proto_fusion_a0p10_best_paraffin_to_frozen,0,13,/home/data/yh_1/SET_3/p2p-src-zzh-2025/datasets/冰冻-2025/test_image/2022-06-28_11_18_14.kfb_359.jpg,209,249,148,101,61,0.5943775100401606,0.7081339712918661,0.6462882096069869,0,1,10200,5,251,249,4.349114530792806,5.5165677392804975,0,39,19,3,0,1,17,83
p2p_proto_fusion_a0p10_best_paraffin_to_frozen,0,14,/home/data/yh_1/SET_3/p2p-src-zzh-2025/datasets/冰冻-2025/test_image/2022-06-28_11_21_44.kfb_961.jpg,307,395,238,157,69,0.6025316455696202,0.7752442996742671,0.6780626780626781,0,1,10200,2,400,395,4.650670344936349,5.978332842097563,0,51,18,0,0,0,26,131
p2p_proto_fusion_a0p10_best_paraffin_to_frozen,0,15,/home/data/yh_1/SET_3/p2p-src-zzh-2025/datasets/冰冻-2025/test_image/2022-06-28_11_21_44.kfb_2439.jpg,386,748,354,394,32,0.4732620320855615,0.917098445595855,0.6243386243386243,0,1,10200,2,760,748,4.557269024872407,5.794558956566323,0,17,12,3,0,5,82,307
p2p_proto_fusion_a0p10_best_paraffin_to_frozen,0,16,/home/data/yh_1/SET_3/p2p-src-zzh-2025/datasets/冰冻-2025/test_image/2022-06-28_11_18_14.kfb_2892.jpg,33,51,23,28,10,0.45098039215686275,0.696969696969697,0.5476190476190477,0,1,10200,2,51,51,4.5737294643918105,6.027447576108185,0,8,2,0,0,0,3,25
p2p_proto_fusion_a0p10_best_paraffin_to_frozen,0,17,/home/data/yh_1/SET_3/p2p-src-zzh-2025/datasets/冰冻-2025/test_image/2022-06-28_11_21_44.kfb_1002.jpg,115,179,101,78,14,0.5642458100558659,0.8782608695652174,0.6870748299319729,0,1,10200,4,182,179,4.783004493852217,6.115287797285776,0,10,3,1,0,2,14,62
p2p_proto_fusion_a0p10_best_paraffin_to_frozen,0,18,/home/data/yh_1/SET_3/p2p-src-zzh-2025/datasets/冰冻-2025/test_image/2022-06-28_11_20_39.kfb_1409.jpg,83,118,61,57,22,0.5169491525423728,0.7349397590361446,0.6069651741293532,0,1,10200,16,119,118,4.688070581933511,6.09505415744469,0,16,4,2,0,0,4,53
p2p_proto_fusion_a0p10_best_paraffin_to_frozen,0,19,/home/data/yh_1/SET_3/p2p-src-zzh-2025/datasets/冰冻-2025/test_image/2022-06-28_11_18_14.kfb_2028.jpg,63,88,44,44,19,0.5,0.6984126984126984,0.5827814569536424,0,1,10200,5,89,88,4.23981156210362,5.289535950530655,0,16,3,0,0,0,7,37
p2p_proto_fusion_a0p10_best_paraffin_to_frozen,0,20,/home/data/yh_1/SET_3/p2p-src-zzh-2025/datasets/冰冻-2025/test_image/2022-06-28_11_21_44.kfb_2067.jpg,198,240,119,121,79,0.49583333333333335,0.601010101010101,0.54337899543379,0,1,10200,3,243,240,5.565466206341591,7.10233234557785,0,57,16,6,0,1,20,100
p2p_proto_fusion_a0p10_best_paraffin_to_frozen,0,21,/home/data/yh_1/SET_3/p2p-src-zzh-2025/datasets/冰冻-2025/test_image/2022-06-28_11_20_39.kfb_1689.jpg,307,573,259,314,48,0.45200698080279234,0.8436482084690554,0.5886363636363636,0,1,10200,1,576,573,4.94406250290608,6.258670876845427,0,29,16,3,0,3,52,259
p2p_proto_fusion_a0p10_best_paraffin_to_frozen,0,22,/home/data/yh_1/SET_3/p2p-src-zzh-2025/datasets/冰冻-2025/test_image/2022-06-28_11_18_14.kfb_211.jpg,63,103,44,59,19,0.42718446601941745,0.6984126984126984,0.5301204819277108,0,1,10200,6,104,103,4.252125895743135,5.466252413662995,0,16,3,0,0,1,8,50
p2p_proto_fusion_a0p10_best_paraffin_to_frozen,0,23,/home/data/yh_1/SET_3/p2p-src-zzh-2025/datasets/冰冻-2025/test_image/2022-06-28_11_12_06.kfb_3076.jpg,0,483,0,0,0,0.0,0.0,0.0,1,0,10200,0,485,483,0.0,0.0,0,0,0,0,0,0,0,0
p2p_proto_fusion_a0p10_best_paraffin_to_frozen,0,24,/home/data/yh_1/SET_3/p2p-src-zzh-2025/datasets/冰冻-2025/test_image/2022-06-28_11_12_06.kfb_1455.jpg,0,134,0,0,0,0.0,0.0,0.0,1,0,10200,3,135,134,0.0,0.0,0,0,0,0,0,0,0,0
p2p_proto_fusion_a0p10_best_paraffin_to_frozen,0,25,/home/data/yh_1/SET_3/p2p-src-zzh-2025/datasets/冰冻-2025/test_image/2022-06-28_11_20_39.kfb_1766.jpg,204,393,160,233,44,0.4071246819338422,0.7843137254901961,0.5360134003350083,0,1,10200,5,396,393,4.914307384025005,6.202267438173293,0,26,13,5,0,0,35,198
p2p_proto_fusion_a0p10_best_paraffin_to_frozen,0,26,/home/data/yh_1/SET_3/p2p-src-zzh-2025/datasets/冰冻-2025/test_image/2022-06-28_11_18_14.kfb_219.jpg,160,225,118,107,42,0.5244444444444445,0.7375,0.6129870129870131,0,1,10200,1,225,225,4.309809115029424,5.410372398667414,0,29,13,0,0,0,15,92
p2p_proto_fusion_a0p10_best_paraffin_to_frozen,0,27,/home/data/yh_1/SET_3/p2p-src-zzh-2025/datasets/冰冻-2025/test_image/2022-06-28_11_20_39.kfb_2761.jpg,159,322,135,187,24,0.4192546583850932,0.8490566037735849,0.5613305613305614,0,1,10200,5,326,322,4.255815714513802,5.4425597879621685,0,17,6,1,0,0,24,163
p2p_proto_fusion_a0p10_best_paraffin_to_frozen,0,28,/home/data/yh_1/SET_3/p2p-src-zzh-2025/datasets/冰冻-2025/test_image/2022-06-28_11_18_14.kfb_1327.jpg,99,125,73,52,26,0.584,0.7373737373737373,0.6517857142857142,0,1,10200,14,125,125,4.041264949489493,5.239444889434391,0,17,9,0,0,0,6,46
p2p_proto_fusion_a0p10_best_paraffin_to_frozen,0,29,/home/data/yh_1/SET_3/p2p-src-zzh-2025/datasets/冰冻-2025/test_image/2022-06-28_11_12_06.kfb_2575.jpg,0,563,0,0,0,0.0,0.0,0.0,1,0,10200,0,570,563,0.0,0.0,0,0,0,0,0,0,0,0
p2p_proto_fusion_a0p10_best_paraffin_to_frozen,0,30,/home/data/yh_1/SET_3/p2p-src-zzh-2025/datasets/冰冻-2025/test_image/2022-06-28_11_21_44.kfb_1147.jpg,186,291,138,153,48,0.4742268041237113,0.7419354838709677,0.578616352201258,0,1,10200,5,291,291,5.497300016898392,6.968492696250696,0,29,15,4,0,0,16,137
p2p_proto_fusion_a0p10_best_paraffin_to_frozen,0,31,/home/data/yh_1/SET_3/p2p-src-zzh-2025/datasets/冰冻-2025/test_image/2022-06-28_11_20_39.kfb_892.jpg,179,373,155,218,24,0.4155495978552279,0.8659217877094972,0.5615942028985508,0,1,10200,3,378,373,4.896320240231633,6.169772540369342,0,17,6,1,0,2,24,192
p2p_proto_fusion_a0p10_best_paraffin_to_frozen,0,32,/home/data/yh_1/SET_3/p2p-src-zzh-2025/datasets/冰冻-2025/test_image/2022-06-28_11_11_09.kfb_883.jpg,0,58,0,0,0,0.0,0.0,0.0,1,0,10200,2,59,58,0.0,0.0,0,0,0,0,0,0,0,0
p2p_proto_fusion_a0p10_best_paraffin_to_frozen,0,33,/home/data/yh_1/SET_3/p2p-src-zzh-2025/datasets/冰冻-2025/test_image/2022-06-28_11_21_44.kfb_348.jpg,365,452,285,167,80,0.6305309734513275,0.7808219178082192,0.6976744186046513,0,1,10200,1,459,452,4.540709328647704,5.79656694939262,0,59,16,5,0,3,27,137
p2p_proto_fusion_a0p10_best_paraffin_to_frozen,0,34,/home/data/yh_1/SET_3/p2p-src-zzh-2025/datasets/冰冻-2025/test_image/2022-06-28_11_20_39.kfb_2904.jpg,90,281,81,200,9,0.28825622775800713,0.9,0.43665768194070087,0,1,10200,3,284,281,4.295723532931921,5.519513866047799,0,7,2,0,0,0,5,195
p2p_proto_fusion_a0p10_best_paraffin_to_frozen,0,35,/home/data/yh_1/SET_3/p2p-src-zzh-2025/datasets/冰冻-2025/test_image/2022-06-28_11_11_09.kfb_2287.jpg,43,69,34,35,9,0.4927536231884058,0.7906976744186046,0.6071428571428571,0,1,10200,2,70,69,4.9569616856869265,6.442353984888855,0,7,1,1,0,0,4,31
p2p_proto_fusion_a0p10_best_paraffin_to_frozen,0,36,/home/data/yh_1/SET_3/p2p-src-zzh-2025/datasets/冰冻-2025/test_image/2022-06-28_11_20_39.kfb_1611.jpg,397,677,349,328,48,0.5155096011816839,0.8790931989924433,0.6499068901303537,0,1,10200,3,685,677,4.995529092244618,6.385862881269702,0,23,21,4,0,7,71,250
p2p_proto_fusion_a0p10_best_paraffin_to_frozen,0,37,/home/data/yh_1/SET_3/p2p-src-zzh-2025/datasets/冰冻-2025/test_image/2022-06-28_11_21_44.kfb_1860.jpg,57,74,34,40,23,0.4594594594594595,0.5964912280701754,0.5190839694656488,0,1,10200,8,75,74,5.435209513504463,6.88761080012602,0,19,4,0,0,0,2,38
p2p_proto_fusion_a0p10_best_paraffin_to_frozen,0,38,/home/data/yh_1/SET_3/p2p-src-zzh-2025/datasets/冰冻-2025/test_image/2022-06-28_11_21_44.kfb_2001.jpg,209,399,172,227,37,0.43107769423558895,0.8229665071770335,0.5657894736842105,0,1,10200,1,400,399,4.873318197591585,6.313694891541502,0,23,13,1,0,4,31,192
p2p_proto_fusion_a0p10_best_paraffin_to_frozen,0,39,/home/data/yh_1/SET_3/p2p-src-zzh-2025/datasets/冰冻-2025/test_image/2022-06-28_11_20_39.kfb_2737.jpg,123,411,112,299,11,0.2725060827250608,0.9105691056910569,0.41947565543071164,0,1,10200,4,414,411,4.388332717845019,5.44995682154383,0,3,3,5,0,0,16,283
p2p_proto_fusion_a0p10_best_paraffin_to_frozen,0,40,/home/data/yh_1/SET_3/p2p-src-zzh-2025/datasets/冰冻-2025/test_image/2022-06-28_11_20_39.kfb_1141.jpg,282,382,210,172,72,0.5497382198952879,0.7446808510638298,0.6325301204819277,0,1,10200,2,384,382,4.666518877720476,5.884778660819641,0,47,24,1,0,2,23,147
p2p_proto_fusion_a0p10_best_paraffin_to_frozen,0,41,/home/data/yh_1/SET_3/p2p-src-zzh-2025/datasets/冰冻-2025/test_image/2022-06-28_11_18_14.kfb_527.jpg,3,12,1,11,2,0.08333333333333333,0.3333333333333333,0.13333333333333333,0,1,10200,10,12,12,4.92077626924372,6.958282470703125,0,2,0,0,0,0,0,11
p2p_proto_fusion_a0p10_best_paraffin_to_frozen,0,42,/home/data/yh_1/SET_3/p2p-src-zzh-2025/datasets/冰冻-2025/test_image/2022-06-28_11_11_09.kfb_507.jpg,0,288,0,0,0,0.0,0.0,0.0,1,0,10200,3,290,288,0.0,0.0,0,0,0,0,0,0,0,0
p2p_proto_fusion_a0p10_best_paraffin_to_frozen,0,43,/home/data/yh_1/SET_3/p2p-src-zzh-2025/datasets/冰冻-2025/test_image/2022-06-28_11_21_44.kfb_1774.jpg,437,678,382,296,55,0.5634218289085545,0.8741418764302059,0.685201793721973,0,1,10200,3,683,678,4.706602705220235,5.984592294193686,0,27,24,4,0,1,63,232
p2p_proto_fusion_a0p10_best_paraffin_to_frozen,0,44,/home/data/yh_1/SET_3/p2p-src-zzh-2025/datasets/冰冻-2025/test_image/2022-06-28_11_11_09.kfb_1064.jpg,77,235,70,165,7,0.2978723404255319,0.9090909090909091,0.4487179487179488,0,1,10200,9,238,235,4.584581715249092,5.839322492054527,0,4,3,0,0,1,9,155
p2p_proto_fusion_a0p10_best_paraffin_to_frozen,0,45,/home/data/yh_1/SET_3/p2p-src-zzh-2025/datasets/冰冻-2025/test_image/2022-06-28_11_11_09.kfb_588.jpg,0,190,0,0,0,0.0,0.0,0.0,1,0,10200,1,194,190,0.0,0.0,0,0,0,0,0,0,0,0
p2p_proto_fusion_a0p10_best_paraffin_to_frozen,0,46,/home/data/yh_1/SET_3/p2p-src-zzh-2025/datasets/冰冻-2025/test_image/2022-06-28_11_20_39.kfb_1541.jpg,255,617,230,387,25,0.3727714748784441,0.9019607843137255,0.5275229357798165,0,1,10200,9,622,617,4.708911074719589,6.008583730200064,0,12,11,2,0,2,60,325
p2p_proto_fusion_a0p10_best_paraffin_to_frozen,0,47,/home/data/yh_1/SET_3/p2p-src-zzh-2025/datasets/冰冻-2025/test_image/2022-06-28_11_18_14.kfb_1216.jpg,20,27,12,15,8,0.4444444444444444,0.6,0.5106382978723405,0,1,10200,18,27,27,4.881500267759774,6.076355457305901,0,8,0,0,0,0,1,14
p2p_proto_fusion_a0p10_best_paraffin_to_frozen,0,48,/home/data/yh_1/SET_3/p2p-src-zzh-2025/datasets/冰冻-2025/test_image/2022-06-28_11_20_39.kfb_2777.jpg,190,327,141,186,49,0.43119266055045874,0.7421052631578947,0.5454545454545455,0,1,10200,1,329,327,4.879719011656359,6.210724434954051,0,34,15,0,0,2,21,163
p2p_proto_fusion_a0p10_best_paraffin_to_frozen,0,49,/home/data/yh_1/SET_3/p2p-src-zzh-2025/datasets/冰冻-2025/test_image/2022-06-28_11_18_14.kfb_2895.jpg,120,178,83,95,37,0.46629213483146065,0.6916666666666667,0.5570469798657718,0,1,10200,2,182,178,4.300846583668935,5.423012098634102,0,29,7,1,0,2,10,83
p2p_proto_fusion_a0p10_best_paraffin_to_frozen,0,50,/home/data/yh_1/SET_3/p2p-src-zzh-2025/datasets/冰冻-2025/test_image/2022-06-28_11_20_39.kfb_1383.jpg,322,748,301,447,21,0.40240641711229946,0.9347826086956522,0.5626168224299065,0,1,10200,0,761,748,4.550980851932504,5.768995650978976,0,9,7,5,0,3,80,364
p2p_proto_fusion_a0p10_best_paraffin_to_frozen,0,51,/home/data/yh_1/SET_3/p2p-src-zzh-2025/datasets/冰冻-2025/test_image/2022-06-28_11_21_44.kfb_1396.jpg,122,203,89,114,33,0.43842364532019706,0.7295081967213115,0.5476923076923077,0,1,10200,2,204,203,4.613586999865006,5.832071023040944,0,27,6,0,0,0,8,106
p2p_proto_fusion_a0p10_best_paraffin_to_frozen,0,52,/home/data/yh_1/SET_3/p2p-src-zzh-2025/datasets/冰冻-2025/test_image/2022-06-28_11_11_09.kfb_1195.jpg,59,231,52,179,7,0.22510822510822512,0.8813559322033898,0.3586206896551724,0,1,10200,29,231,231,5.368456064538149,6.719505053300124,0,5,2,0,0,0,6,173
p2p_proto_fusion_a0p10_best_paraffin_to_frozen,0,53,/home/data/yh_1/SET_3/p2p-src-zzh-2025/datasets/冰冻-2025/test_image/2022-06-28_11_14_35.kfb_756.jpg,122,146,84,62,38,0.5753424657534246,0.6885245901639344,0.626865671641791,0,1,10200,10,147,146,6.167693092187178,7.8052528553014815,0,31,6,1,0,3,8,51
p2p_proto_fusion_a0p10_best_paraffin_to_frozen,0,54,/home/data/yh_1/SET_3/p2p-src-zzh-2025/datasets/冰冻-2025/test_image/2022-06-28_11_18_14.kfb_2833.jpg,17,26,7,19,10,0.2692307692307692,0.4117647058823529,0.3255813953488372,0,1,10200,10,26,26,3.714943381814055,4.804842812674394,0,10,0,0,0,0,1,18
p2p_proto_fusion_a0p10_best_paraffin_to_frozen,0,55,/home/data/yh_1/SET_3/p2p-src-zzh-2025/datasets/冰冻-2025/test_image/2022-06-28_11_18_14.kfb_589.jpg,110,126,86,40,24,0.6825396825396826,0.7818181818181819,0.7288135593220338,0,1,10200,14,126,126,4.318347804418681,5.647566379502764,0,15,8,1,0,0,5,35
p2p_proto_fusion_a0p10_best_paraffin_to_frozen,0,56,/home/data/yh_1/SET_3/p2p-src-zzh-2025/datasets/冰冻-2025/test_image/2022-06-28_11_12_06.kfb_2890.jpg,0,384,0,0,0,0.0,0.0,0.0,1,0,10200,5,391,384,0.0,0.0,0,0,0,0,0,0,0,0
p2p_proto_fusion_a0p10_best_paraffin_to_frozen,0,57,/home/data/yh_1/SET_3/p2p-src-zzh-2025/datasets/冰冻-2025/test_image/2022-06-28_11_20_39.kfb_2119.jpg,174,394,144,250,30,0.36548223350253806,0.8275862068965517,0.5070422535211268,0,1,10200,4,402,394,4.16042594969269,5.312480833795334,0,22,8,0,0,2,31,217
p2p_proto_fusion_a0p10_best_paraffin_to_frozen,0,58,/home/data/yh_1/SET_3/p2p-src-zzh-2025/datasets/冰冻-2025/test_image/2022-06-28_11_21_44.kfb_1271.jpg,297,490,248,242,49,0.5061224489795918,0.835016835016835,0.630241423125794,0,1,10200,4,492,490,5.359117502884951,6.740218543237257,0,25,19,5,0,2,39,201
p2p_proto_fusion_a0p10_best_paraffin_to_frozen,0,59,/home/data/yh_1/SET_3/p2p-src-zzh-2025/datasets/冰冻-2025/test_image/2022-06-28_11_21_44.kfb_1298.jpg,195,420,159,261,36,0.37857142857142856,0.8153846153846154,0.5170731707317072,0,1,10200,26,423,420,5.853464835633429,7.542115838272765,0,23,11,2,0,1,40,220
p2p_proto_fusion_a0p10_best_paraffin_to_frozen,0,60,/home/data/yh_1/SET_3/p2p-src-zzh-2025/datasets/冰冻-2025/test_image/2022-06-28_11_20_39.kfb_1791.jpg,253,639,223,416,30,0.3489827856025039,0.8814229249011858,0.5,0,1,10200,5,645,639,4.92169613869814,6.220047467492621,0,9,18,3,0,1,55,360
p2p_proto_fusion_a0p10_best_paraffin_to_frozen,0,61,/home/data/yh_1/SET_3/p2p-src-zzh-2025/datasets/冰冻-2025/test_image/2022-06-28_11_20_39.kfb_680.jpg,211,466,179,287,32,0.38412017167381973,0.8483412322274881,0.5288035450516988,0,1,10200,1,472,466,4.840153027296962,6.252549179439437,0,20,10,2,0,1,43,243
p2p_proto_fusion_a0p10_best_paraffin_to_frozen,0,62,/home/data/yh_1/SET_3/p2p-src-zzh-2025/datasets/冰冻-2025/test_image/2022-06-28_11_20_39.kfb_890.jpg,200,422,177,245,23,0.4194312796208531,0.885,0.5691318327974276,0,1,10200,1,430,422,4.2253440960173165,5.314963006703865,0,13,8,2,0,1,35,209
p2p_proto_fusion_a0p10_best_paraffin_to_frozen,0,63,/home/data/yh_1/SET_3/p2p-src-zzh-2025/datasets/冰冻-2025/test_image/2022-06-28_11_18_14.kfb_3059.jpg,59,112,48,64,11,0.42857142857142855,0.8135593220338984,0.5614035087719298,0,1,10200,11,115,112,4.735520821875625,6.047367135683703,0,9,1,1,0,1,3,60
p2p_proto_fusion_a0p10_best_paraffin_to_frozen,0,64,/home/data/yh_1/SET_3/p2p-src-zzh-2025/datasets/冰冻-2025/test_image/2022-06-28_11_18_14.kfb_812.jpg,65,103,49,54,16,0.47572815533980584,0.7538461538461538,0.5833333333333334,0,1,10200,12,103,103,4.0045439701859475,5.089331583100922,0,14,2,0,0,0,6,48
p2p_proto_fusion_a0p10_best_paraffin_to_frozen,0,65,/home/data/yh_1/SET_3/p2p-src-zzh-2025/datasets/冰冻-2025/test_image/2022-06-28_11_12_06.kfb_1853.jpg,465,418,315,103,150,0.7535885167464115,0.6774193548387096,0.7134767836919592,0,1,10200,1,422,418,4.620846186825445,5.905847744714645,0,123,21,6,0,1,22,80
p2p_proto_fusion_a0p10_best_paraffin_to_frozen,0,66,/home/data/yh_1/SET_3/p2p-src-zzh-2025/datasets/冰冻-2025/test_image/2022-06-28_11_20_39.kfb_2804.jpg,153,412,141,271,12,0.3422330097087379,0.9215686274509803,0.49911504424778763,0,1,10200,6,416,412,4.432645233194024,5.537509613848748,0,6,3,3,0,0,42,229
p2p_proto_fusion_a0p10_best_paraffin_to_frozen,0,67,/home/data/yh_1/SET_3/p2p-src-zzh-2025/datasets/冰冻-2025/test_image/2022-06-28_11_20_39.kfb_1039.jpg,169,339,143,196,26,0.4218289085545723,0.8461538461538461,0.562992125984252,0,1,10200,4,341,339,4.787067282104418,6.079966831874181,0,18,8,0,0,1,21,174
p2p_proto_fusion_a0p10_best_paraffin_to_frozen,0,68,/home/data/yh_1/SET_3/p2p-src-zzh-2025/datasets/冰冻-2025/test_image/2022-06-28_11_21_44.kfb_1371.jpg,131,181,95,86,36,0.5248618784530387,0.7251908396946565,0.6089743589743589,0,1,10200,8,182,181,5.007670595985568,6.237067440936444,0,26,8,2,0,3,16,67
p2p_proto_fusion_a0p10_best_paraffin_to_frozen,0,69,/home/data/yh_1/SET_3/p2p-src-zzh-2025/datasets/冰冻-2025/test_image/2022-06-28_11_18_14.kfb_566.jpg,180,194,128,66,52,0.6597938144329897,0.7111111111111111,0.6844919786096256,0,1,10200,4,196,194,4.584965361115068,5.824223820120096,0,33,18,1,0,2,23,41
p2p_proto_fusion_a0p10_best_paraffin_to_frozen,0,70,/home/data/yh_1/SET_3/p2p-src-zzh-2025/datasets/冰冻-2025/test_image/2022-06-28_11_11_09.kfb_740.jpg,0,41,0,0,0,0.0,0.0,0.0,1,0,10200,2,41,41,0.0,0.0,0,0,0,0,0,0,0,0
p2p_proto_fusion_a0p10_best_paraffin_to_frozen,0,71,/home/data/yh_1/SET_3/p2p-src-zzh-2025/datasets/冰冻-2025/test_image/2022-06-28_11_20_39.kfb_665.jpg,190,270,138,132,52,0.5111111111111111,0.7263157894736842,0.6,0,1,10200,2,271,270,5.2457478226257415,6.715143696121547,0,36,14,2,0,1,13,118
p2p_proto_fusion_a0p10_best_paraffin_to_frozen,0,72,/home/data/yh_1/SET_3/p2p-src-zzh-2025/datasets/冰冻-2025/test_image/2022-06-28_11_11_09.kfb_2373.jpg,283,416,236,180,47,0.5673076923076923,0.833922261484099,0.6752503576537912,0,1,10200,9,423,416,5.2558261535229445,6.75973120685351,0,33,10,4,0,0,40,140
p2p_proto_fusion_a0p10_best_paraffin_to_frozen,0,73,/home/data/yh_1/SET_3/p2p-src-zzh-2025/datasets/冰冻-2025/test_image/2022-06-28_11_20_39.kfb_622.jpg,339,589,289,300,50,0.4906621392190153,0.8525073746312685,0.622844827586207,0,1,10200,2,594,589,4.481768669303257,5.739728441700391,0,33,15,2,0,4,48,248
p2p_proto_fusion_a0p10_best_paraffin_to_frozen,0,74,/home/data/yh_1/SET_3/p2p-src-zzh-2025/datasets/冰冻-2025/test_image/2022-06-28_11_21_44.kfb_970.jpg,242,381,178,203,64,0.4671916010498688,0.7355371900826446,0.5714285714285715,0,1,10200,3,388,381,5.244984934003705,6.666764024268375,0,43,19,2,0,4,22,177
p2p_proto_fusion_a0p10_best_paraffin_to_frozen,0,75,/home/data/yh_1/SET_3/p2p-src-zzh-2025/datasets/冰冻-2025/test_image/2022-06-28_11_18_14.kfb_1583.jpg,31,42,16,26,15,0.38095238095238093,0.5161290322580645,0.4383561643835616,0,1,10200,6,42,42,4.3812864110247425,5.639294683933267,0,15,0,0,0,0,2,24
p2p_proto_fusion_a0p10_best_paraffin_to_frozen,0,76,/home/data/yh_1/SET_3/p2p-src-zzh-2025/datasets/冰冻-2025/test_image/2022-06-28_11_21_44.kfb_1658.jpg,81,142,52,90,29,0.36619718309859156,0.6419753086419753,0.4663677130044844,0,1,10200,18,142,142,5.6779477695913805,7.100803852081295,0,26,3,0,0,1,7,82
p2p_proto_fusion_a0p10_best_paraffin_to_frozen,0,77,/home/data/yh_1/SET_3/p2p-src-zzh-2025/datasets/冰冻-2025/test_image/2022-06-28_11_20_39.kfb_977.jpg,102,150,75,75,27,0.5,0.7352941176470589,0.5952380952380952,0,1,10200,18,150,150,4.566179772075009,5.943101847966511,0,22,5,0,0,1,8,66
p2p_proto_fusion_a0p10_best_paraffin_to_frozen,0,78,/home/data/yh_1/SET_3/p2p-src-zzh-2025/datasets/冰冻-2025/test_image/2022-06-28_11_11_09.kfb_2431.jpg,50,152,41,111,9,0.26973684210526316,0.82,0.40594059405940597,0,1,10200,3,154,152,5.501216338915796,7.053556035204634,0,6,2,1,0,0,10,101
p2p_proto_fusion_a0p10_best_paraffin_to_frozen,0,79,/home/data/yh_1/SET_3/p2p-src-zzh-2025/datasets/冰冻-2025/test_image/2022-06-28_11_11_09.kfb_1272.jpg,161,279,122,157,39,0.43727598566308246,0.7577639751552795,0.5545454545454546,0,1,10200,1,283,279,4.903702247588066,6.213852647875177,0,26,11,2,0,0,22,135
p2p_proto_fusion_a0p10_best_paraffin_to_frozen,0,80,/home/data/yh_1/SET_3/p2p-src-zzh-2025/datasets/冰冻-2025/test_image/2022-06-28_11_18_14.kfb_279.jpg,277,253,191,62,86,0.7549407114624506,0.6895306859205776,0.7207547169811319,0,1,10200,3,253,253,6.3807994029649215,8.045545849647059,0,64,22,0,0,0,16,46
p2p_proto_fusion_a0p10_best_paraffin_to_frozen,0,81,/home/data/yh_1/SET_3/p2p-src-zzh-2025/datasets/冰冻-2025/test_image/2022-06-28_11_21_44.kfb_2125.jpg,81,144,66,78,15,0.4583333333333333,0.8148148148148148,0.5866666666666666,0,1,10200,16,145,144,4.322958320945447,5.507324435494167,0,9,6,0,0,1,16,61
p2p_proto_fusion_a0p10_best_paraffin_to_frozen,0,82,/home/data/yh_1/SET_3/p2p-src-zzh-2025/datasets/冰冻-2025/test_image/2022-06-28_11_12_06.kfb_3075.jpg,0,549,0,0,0,0.0,0.0,0.0,1,0,10200,10,558,549,0.0,0.0,0,0,0,0,0,0,0,0
p2p_proto_fusion_a0p10_best_paraffin_to_frozen,0,83,/home/data/yh_1/SET_3/p2p-src-zzh-2025/datasets/冰冻-2025/test_image/2022-06-28_11_18_14.kfb_1092.jpg,20,28,10,18,10,0.35714285714285715,0.5,0.41666666666666663,0,1,10200,13,28,28,3.6170989081122373,4.194247245788583,0,9,1,0,0,0,1,17
p2p_proto_fusion_a0p10_best_paraffin_to_frozen,0,84,/home/data/yh_1/SET_3/p2p-src-zzh-2025/datasets/冰冻-2025/test_image/2022-06-28_11_21_44.kfb_1409.jpg,211,367,180,187,31,0.4904632152588556,0.8530805687203792,0.6228373702422146,0,1,10200,4,372,367,4.669260979681654,5.964497229788038,0,23,7,1,0,2,35,150
p2p_proto_fusion_a0p10_best_paraffin_to_frozen,0,85,/home/data/yh_1/SET_3/p2p-src-zzh-2025/datasets/冰冻-2025/test_image/2022-06-28_11_20_39.kfb_1087.jpg,50,63,31,32,19,0.49206349206349204,0.62,0.5486725663716814,0,1,10200,14,64,63,3.838169330083151,5.044340533594928,0,16,2,1,0,0,4,28
p2p_proto_fusion_a0p10_best_paraffin_to_frozen,0,86,/home/data/yh_1/SET_3/p2p-src-zzh-2025/datasets/冰冻-2025/test_image/2022-06-28_11_21_44.kfb_118.jpg,131,184,101,83,30,0.5489130434782609,0.7709923664122137,0.6412698412698412,0,1,10200,3,185,184,4.420573333757128,5.609255774186384,0,23,6,1,0,2,12,69
p2p_proto_fusion_a0p10_best_paraffin_to_frozen,0,87,/home/data/yh_1/SET_3/p2p-src-zzh-2025/datasets/冰冻-2025/test_image/2022-06-28_11_21_44.kfb_436.jpg,201,333,168,165,33,0.5045045045045045,0.835820895522388,0.6292134831460674,0,1,10200,4,340,333,4.7112369459289045,5.984074317273641,0,26,6,1,0,2,21,142
p2p_proto_fusion_a0p10_best_paraffin_to_frozen,0,88,/home/data/yh_1/SET_3/p2p-src-zzh-2025/datasets/冰冻-2025/test_image/2022-06-28_11_11_09.kfb_922.jpg,0,373,0,0,0,0.0,0.0,0.0,1,0,10200,7,377,373,0.0,0.0,0,0,0,0,0,0,0,0
p2p_proto_fusion_a0p10_best_paraffin_to_frozen,0,89,/home/data/yh_1/SET_3/p2p-src-zzh-2025/datasets/冰冻-2025/test_image/2022-06-28_11_21_44.kfb_1227.jpg,439,660,351,309,88,0.5318181818181819,0.7995444191343963,0.6387625113739763,0,1,10200,2,662,660,5.373588822088898,6.8614703039837694,0,34,47,7,0,2,78,229
p2p_proto_fusion_a0p10_best_paraffin_to_frozen,0,90,/home/data/yh_1/SET_3/p2p-src-zzh-2025/datasets/冰冻-2025/test_image/2022-06-28_11_18_14.kfb_2810.jpg,26,38,17,21,9,0.4473684210526316,0.6538461538461539,0.53125,0,1,10200,52,38,38,4.579080165078286,6.028121499454271,0,8,1,0,0,0,1,20
p2p_proto_fusion_a0p10_best_paraffin_to_frozen,0,91,/home/data/yh_1/SET_3/p2p-src-zzh-2025/datasets/冰冻-2025/test_image/2022-06-28_11_18_14.kfb_1869.jpg,104,227,93,134,11,0.40969162995594716,0.8942307692307693,0.5619335347432024,0,1,10200,10,229,227,4.17557842332143,5.283192250036423,0,6,3,2,0,1,18,115
p2p_proto_fusion_a0p10_best_paraffin_to_frozen,0,92,/home/data/yh_1/SET_3/p2p-src-zzh-2025/datasets/冰冻-2025/test_image/2022-06-28_11_18_14.kfb_477.jpg,73,77,47,30,26,0.6103896103896104,0.6438356164383562,0.6266666666666667,0,1,10200,11,77,77,4.284112613638576,5.586293727793596,0,22,4,0,0,0,2,28
p2p_proto_fusion_a0p10_best_paraffin_to_frozen,0,93,/home/data/yh_1/SET_3/p2p-src-zzh-2025/datasets/冰冻-2025/test_image/2022-06-28_11_11_09.kfb_1684.jpg,35,63,20,43,15,0.31746031746031744,0.5714285714285714,0.4081632653061224,0,1,10200,11,64,63,5.997962477937347,7.369326353073127,0,12,3,0,0,2,3,38
p2p_proto_fusion_a0p10_best_paraffin_to_frozen,0,94,/home/data/yh_1/SET_3/p2p-src-zzh-2025/datasets/冰冻-2025/test_image/2022-06-28_11_12_06.kfb_1454.jpg,132,100,60,40,72,0.6,0.45454545454545453,0.5172413793103449,0,1,10200,9,102,100,4.5299949201299565,5.810228979587559,0,69,2,1,0,0,3,37
p2p_proto_fusion_a0p10_best_paraffin_to_frozen,0,95,/home/data/yh_1/SET_3/p2p-src-zzh-2025/datasets/冰冻-2025/test_image/2022-06-28_11_21_44.kfb_1449.jpg,110,238,94,144,16,0.3949579831932773,0.8545454545454545,0.5402298850574713,0,1,10200,5,241,238,4.129466436222548,5.252366979071435,0,12,4,0,0,2,16,126
p2p_proto_fusion_a0p10_best_paraffin_to_frozen,0,96,/home/data/yh_1/SET_3/p2p-src-zzh-2025/datasets/冰冻-2025/test_image/2022-06-28_11_20_39.kfb_973.jpg,295,509,247,262,48,0.48526522593320237,0.8372881355932204,0.6144278606965174,0,1,10200,2,511,509,4.920985015097778,6.315438933700684,0,31,15,2,0,3,33,226
p2p_proto_fusion_a0p10_best_paraffin_to_frozen,0,97,/home/data/yh_1/SET_3/p2p-src-zzh-2025/datasets/冰冻-2025/test_image/2022-06-28_11_21_44.kfb_1292.jpg,143,194,108,86,35,0.5567010309278351,0.7552447552447552,0.6409495548961425,0,1,10200,15,196,194,4.6316086531504865,5.917451677498992,0,27,8,0,0,0,10,76
p2p_proto_fusion_a0p10_best_paraffin_to_frozen,0,98,/home/data/yh_1/SET_3/p2p-src-zzh-2025/datasets/冰冻-2025/test_image/2022-06-28_11_18_14.kfb_2841.jpg,93,118,74,44,19,0.6271186440677966,0.7956989247311828,0.7014218009478673,0,1,10200,43,121,118,4.164446253487606,5.323034892211085,0,14,5,0,0,0,6,38
p2p_proto_fusion_a0p10_best_paraffin_to_frozen,0,99,/home/data/yh_1/SET_3/p2p-src-zzh-2025/datasets/冰冻-2025/test_image/2022-06-28_11_21_44.kfb_1382.jpg,301,574,263,311,38,0.45818815331010454,0.8737541528239202,0.6011428571428571,0,1,10200,8,581,574,4.891219749631457,6.169373399857785,0,19,12,7,0,3,54,254
p2p_proto_fusion_a0p10_best_paraffin_to_frozen,0,100,/home/data/yh_1/SET_3/p2p-src-zzh-2025/datasets/冰冻-2025/test_image/2022-06-28_11_20_39.kfb_1144.jpg,133,251,106,145,27,0.42231075697211157,0.7969924812030075,0.5520833333333334,0,1,10200,11,253,251,4.3979337347223355,5.674247593249911,0,20,6,1,0,2,23,120
p2p_proto_fusion_a0p10_best_paraffin_to_frozen,0,101,/home/data/yh_1/SET_3/p2p-src-zzh-2025/datasets/冰冻-2025/test_image/2022-06-28_11_11_09.kfb_1812.jpg,45,55,26,29,19,0.4727272727272727,0.5777777777777777,0.52,0,1,10200,9,55,55,4.142193809118191,5.269096007713906,0,18,0,1,0,0,1,28
p2p_proto_fusion_a0p10_best_paraffin_to_frozen,0,102,/home/data/yh_1/SET_3/p2p-src-zzh-2025/datasets/冰冻-2025/test_image/2022-06-28_11_20_39.kfb_1320.jpg,75,245,66,179,9,0.2693877551020408,0.88,0.41250000000000003,0,1,10200,11,249,245,5.1455373708180625,6.524182680881382,0,6,3,0,0,0,12,167
p2p_proto_fusion_a0p10_best_paraffin_to_frozen,0,103,/home/data/yh_1/SET_3/p2p-src-zzh-2025/datasets/冰冻-2025/test_image/2022-06-28_11_11_09.kfb_1063.jpg,80,292,71,221,9,0.24315068493150685,0.8875,0.3817204301075269,0,1,10200,13,297,292,4.986084249119395,6.243534739588345,0,6,2,1,0,1,19,201
p2p_proto_fusion_a0p10_best_paraffin_to_frozen,0,104,/home/data/yh_1/SET_3/p2p-src-zzh-2025/datasets/冰冻-2025/test_image/2022-06-28_11_18_14.kfb_1212.jpg,18,31,12,19,6,0.3870967741935484,0.6666666666666666,0.4897959183673469,0,1,10200,15,31,31,5.216467244814387,6.941127578417454,0,5,1,0,0,0,0,19
p2p_proto_fusion_a0p10_best_paraffin_to_frozen,0,105,/home/data/yh_1/SET_3/p2p-src-zzh-2025/datasets/冰冻-2025/test_image/2022-06-28_11_20_39.kfb_793.jpg,206,430,174,256,32,0.4046511627906977,0.8446601941747572,0.5471698113207547,0,1,10200,4,432,430,4.993943057333772,6.294914596382228,0,21,9,2,0,0,32,224
p2p_proto_fusion_a0p10_best_paraffin_to_frozen,0,106,/home/data/yh_1/SET_3/p2p-src-zzh-2025/datasets/冰冻-2025/test_image/2022-06-28_11_12_06.kfb_3344.jpg,0,542,0,0,0,0.0,0.0,0.0,1,0,10200,5,548,542,0.0,0.0,0,0,0,0,0,0,0,0
p2p_proto_fusion_a0p10_best_paraffin_to_frozen,0,107,/home/data/yh_1/SET_3/p2p-src-zzh-2025/datasets/冰冻-2025/test_image/2022-06-28_11_20_39.kfb_1635.jpg,75,132,52,80,23,0.3939393939393939,0.6933333333333334,0.502415458937198,0,1,10200,12,134,132,4.325095004007521,5.5257753959068845,0,16,7,0,0,1,6,73
p2p_proto_fusion_a0p10_best_paraffin_to_frozen,0,108,/home/data/yh_1/SET_3/p2p-src-zzh-2025/datasets/冰冻-2025/test_image/2022-06-28_11_21_44.kfb_2088.jpg,100,149,69,80,31,0.46308724832214765,0.69,0.5542168674698795,0,1,10200,12,149,149,4.261757954265505,5.320194185643958,0,27,3,1,0,0,9,71
p2p_proto_fusion_a0p10_best_paraffin_to_frozen,0,109,/home/data/yh_1/SET_3/p2p-src-zzh-2025/datasets/冰冻-2025/test_image/2022-06-28_11_18_14.kfb_1296.jpg,106,139,85,54,21,0.6115107913669064,0.8018867924528302,0.6938775510204082,0,1,10200,2,140,139,4.17488406745853,5.390838726829081,0,16,4,1,0,0,7,47
p2p_proto_fusion_a0p10_best_paraffin_to_frozen,0,110,/home/data/yh_1/SET_3/p2p-src-zzh-2025/datasets/冰冻-2025/test_image/2022-06-28_11_20_39.kfb_1540.jpg,380,709,336,373,44,0.47390691114245415,0.8842105263157894,0.6170798898071626,0,1,10200,0,716,709,4.558065943124946,5.8000582314672915,0,20,22,2,0,2,73,298
p2p_proto_fusion_a0p10_best_paraffin_to_frozen,0,111,/home/data/yh_1/SET_3/p2p-src-zzh-2025/datasets/冰冻-2025/test_image/2022-06-28_11_21_44.kfb_2396.jpg,226,340,183,157,43,0.538235294117647,0.8097345132743363,0.646643109540636,0,1,10200,2,345,340,4.962663132989082,6.347864584044635,0,32,9,2,0,0,27,130
p2p_proto_fusion_a0p10_best_paraffin_to_frozen,0,112,/home/data/yh_1/SET_3/p2p-src-zzh-2025/datasets/冰冻-2025/test_image/2022-06-28_11_21_44.kfb_1461.jpg,282,428,241,187,41,0.5630841121495327,0.8546099290780141,0.6788732394366197,0,1,10200,2,429,428,4.622802233358964,5.927655586068561,0,29,11,1,0,2,37,148
p2p_proto_fusion_a0p10_best_paraffin_to_frozen,0,113,/home/data/yh_1/SET_3/p2p-src-zzh-2025/datasets/冰冻-2025/test_image/2022-06-28_11_18_14.kfb_1167.jpg,75,74,44,30,31,0.5945945945945946,0.5866666666666667,0.5906040268456377,0,1,10200,3,74,74,4.503134659984041,5.739782094955444,0,24,7,0,0,0,1,29
p2p_proto_fusion_a0p10_best_paraffin_to_frozen,0,114,/home/data/yh_1/SET_3/p2p-src-zzh-2025/datasets/冰冻-2025/test_image/2022-06-28_11_18_14.kfb_676.jpg,19,19,9,10,10,0.47368421052631576,0.47368421052631576,0.47368421052631576,0,1,10200,6,19,19,3.813323004708647,5.072496149275041,0,10,0,0,0,0,0,10
p2p_proto_fusion_a0p10_best_paraffin_to_frozen,0,115,/home/data/yh_1/SET_3/p2p-src-zzh-2025/datasets/冰冻-2025/test_image/2022-06-28_11_20_39.kfb_2286.jpg,154,340,123,217,31,0.36176470588235293,0.7987012987012987,0.4979757085020243,0,1,10200,4,343,340,4.329351967809793,5.492238413027629,0,23,7,1,0,0,23,194
p2p_proto_fusion_a0p10_best_paraffin_to_frozen,0,116,/home/data/yh_1/SET_3/p2p-src-zzh-2025/datasets/冰冻-2025/test_image/2022-06-28_11_20_39.kfb_2998.jpg,206,373,171,202,35,0.4584450402144772,0.8300970873786407,0.5906735751295337,0,1,10200,4,376,373,4.463717515057042,5.674396236040441,0,23,9,3,0,0,32,170
p2p_proto_fusion_a0p10_best_paraffin_to_frozen,0,117,/home/data/yh_1/SET_3/p2p-src-zzh-2025/datasets/冰冻-2025/test_image/2022-06-28_11_11_09.kfb_2197.jpg,20,43,13,30,7,0.3023255813953488,0.65,0.4126984126984127,0,1,10200,24,43,43,5.421932808666734,6.700128115140477,0,4,2,1,0,0,4,26
p2p_proto_fusion_a0p10_best_paraffin_to_frozen,0,118,/home/data/yh_1/SET_3/p2p-src-zzh-2025/datasets/冰冻-2025/test_image/2022-06-28_11_18_14.kfb_272.jpg,238,250,172,78,66,0.688,0.7226890756302521,0.7049180327868853,0,1,10200,3,250,250,6.260698525865618,7.98265479453043,0,51,15,0,0,2,17,59
p2p_proto_fusion_a0p10_best_paraffin_to_frozen,0,119,/home/data/yh_1/SET_3/p2p-src-zzh-2025/datasets/冰冻-2025/test_image/2022-06-28_11_21_44.kfb_2113.jpg,208,414,177,237,31,0.427536231884058,0.8509615384615384,0.5691318327974276,0,1,10200,3,418,414,4.590264491833859,5.854504683596939,0,19,12,0,0,1,30,206
p2p_proto_fusion_a0p10_best_paraffin_to_frozen,0,120,/home/data/yh_1/SET_3/p2p-src-zzh-2025/datasets/冰冻-2025/test_image/2022-06-28_11_11_09.kfb_2360.jpg,132,247,109,138,23,0.44129554655870445,0.8257575757575758,0.575197889182058,0,1,10200,23,250,247,5.31998654413714,6.806486291622899,0,16,6,1,0,3,18,117
p2p_proto_fusion_a0p10_best_paraffin_to_frozen,0,121,/home/data/yh_1/SET_3/p2p-src-zzh-2025/datasets/冰冻-2025/test_image/2022-06-28_11_12_06.kfb_2984.jpg,0,596,0,0,0,0.0,0.0,0.0,1,0,10200,2,600,596,0.0,0.0,0,0,0,0,0,0,0,0
p2p_proto_fusion_a0p10_best_paraffin_to_frozen,0,122,/home/data/yh_1/SET_3/p2p-src-zzh-2025/datasets/冰冻-2025/test_image/2022-06-28_11_20_39.kfb_2188.jpg,246,389,201,188,45,0.5167095115681234,0.8170731707317073,0.6330708661417322,0,1,10200,2,392,389,4.578512946071616,5.858549090167183,0,25,19,1,0,2,27,159
p2p_proto_fusion_a0p10_best_paraffin_to_frozen,0,123,/home/data/yh_1/SET_3/p2p-src-zzh-2025/datasets/冰冻-2025/test_image/2022-06-28_11_21_44.kfb_444.jpg,242,423,200,223,42,0.4728132387706856,0.8264462809917356,0.6015037593984962,0,1,10200,1,425,423,4.35361305222822,5.588055818080902,0,25,12,5,0,1,25,197
p2p_proto_fusion_a0p10_best_paraffin_to_frozen,0,124,/home/data/yh_1/SET_3/p2p-src-zzh-2025/datasets/冰冻-2025/test_image/2022-06-28_11_20_39.kfb_2936.jpg,123,347,106,241,17,0.30547550432276654,0.8617886178861789,0.451063829787234,0,1,10200,6,352,347,4.6099386011528125,5.818144676820289,0,14,2,1,0,0,22,219
p2p_proto_fusion_a0p10_best_paraffin_to_frozen,0,125,/home/data/yh_1/SET_3/p2p-src-zzh-2025/datasets/冰冻-2025/test_image/2022-06-28_11_18_14.kfb_1941.jpg,68,97,46,51,22,0.4742268041237113,0.6764705882352942,0.5575757575757576,0,1,10200,6,98,97,4.436236597633325,5.761348040207574,0,17,5,0,0,0,4,47
p2p_proto_fusion_a0p10_best_paraffin_to_frozen,0,126,/home/data/yh_1/SET_3/p2p-src-zzh-2025/datasets/冰冻-2025/test_image/2022-06-28_11_21_44.kfb_650.jpg,178,321,141,180,37,0.4392523364485981,0.7921348314606742,0.5651302605210421,0,1,10200,3,325,321,4.66612496343262,5.915032839944178,0,26,11,0,0,0,18,162
p2p_proto_fusion_a0p10_best_paraffin_to_frozen,0,127,/home/data/yh_1/SET_3/p2p-src-zzh-2025/datasets/冰冻-2025/test_image/2022-06-28_11_21_44.kfb_515.jpg,49,86,28,58,21,0.32558139534883723,0.5714285714285714,0.4148148148148148,0,1,10200,10,87,86,4.946718115714335,6.043672340256825,0,18,1,2,0,0,6,52
p2p_proto_fusion_a0p10_best_paraffin_to_frozen,0,128,/home/data/yh_1/SET_3/p2p-src-zzh-2025/datasets/冰冻-2025/test_image/2022-06-28_11_12_06.kfb_1136.jpg,0,626,0,0,0,0.0,0.0,0.0,1,0,10200,1,634,626,0.0,0.0,0,0,0,0,0,0,0,0
p2p_proto_fusion_a0p10_best_paraffin_to_frozen,0,129,/home/data/yh_1/SET_3/p2p-src-zzh-2025/datasets/冰冻-2025/test_image/2022-06-28_11_11_09.kfb_379.jpg,27,55,20,35,7,0.36363636363636365,0.7407407407407407,0.48780487804878053,0,1,10200,1,56,55,4.359303635546551,5.6021318435668945,0,7,0,0,0,0,1,34
p2p_proto_fusion_a0p10_best_paraffin_to_frozen,0,130,/home/data/yh_1/SET_3/p2p-src-zzh-2025/datasets/冰冻-2025/test_image/2022-06-28_11_18_14.kfb_346.jpg,175,166,108,58,67,0.6506024096385542,0.6171428571428571,0.6334310850439883,0,1,10200,0,166,166,6.554553224016887,8.338624420390058,0,54,13,0,0,1,8,49
p2p_proto_fusion_a0p10_best_paraffin_to_frozen,0,131,/home/data/yh_1/SET_3/p2p-src-zzh-2025/datasets/冰冻-2025/test_image/2022-06-28_11_21_44.kfb_1100.jpg,193,276,162,114,31,0.5869565217391305,0.8393782383419689,0.6908315565031983,0,1,10200,0,281,276,4.64295610944421,5.8964644125950185,0,21,9,1,0,0,16,98
p2p_proto_fusion_a0p10_best_paraffin_to_frozen,0,132,/home/data/yh_1/SET_3/p2p-src-zzh-2025/datasets/冰冻-2025/test_image/2022-06-28_11_20_39.kfb_1551.jpg,244,471,213,258,31,0.45222929936305734,0.8729508196721312,0.5958041958041959,0,1,10200,3,474,471,4.994527844706607,6.382167295670845,0,13,17,1,0,3,39,216
p2p_proto_fusion_a0p10_best_paraffin_to_frozen,0,133,/home/data/yh_1/SET_3/p2p-src-zzh-2025/datasets/冰冻-2025/test_image/2022-06-28_11_11_09.kfb_1130.jpg,125,349,113,236,12,0.3237822349570201,0.904,0.47679324894514774,0,1,10200,18,353,349,5.410464919032107,6.852785388980291,0,9,2,1,0,1,15,220
p2p_proto_fusion_a0p10_best_paraffin_to_frozen,0,134,/home/data/yh_1/SET_3/p2p-src-zzh-2025/datasets/冰冻-2025/test_image/2022-06-28_11_20_39.kfb_621.jpg,262,488,224,264,38,0.45901639344262296,0.8549618320610687,0.5973333333333334,0,1,10200,6,491,488,4.7564720458744665,6.037297508546283,0,26,11,1,0,2,38,224
p2p_proto_fusion_a0p10_best_paraffin_to_frozen,0,135,/home/data/yh_1/SET_3/p2p-src-zzh-2025/datasets/冰冻-2025/test_image/2022-06-28_11_21_44.kfb_1497.jpg,88,170,69,101,19,0.40588235294117647,0.7840909090909091,0.5348837209302325,0,1,10200,8,174,170,4.805286389893694,6.256126376165861,0,17,2,0,0,0,12,89
p2p_proto_fusion_a0p10_best_paraffin_to_frozen,0,136,/home/data/yh_1/SET_3/p2p-src-zzh-2025/datasets/冰冻-2025/test_image/2022-06-28_11_18_14.kfb_2919.jpg,33,32,15,17,18,0.46875,0.45454545454545453,0.4615384615384615,0,1,10200,12,32,32,3.080873651965443,4.054733212788911,0,16,2,0,0,0,0,17
p2p_proto_fusion_a0p10_best_paraffin_to_frozen,0,137,/home/data/yh_1/SET_3/p2p-src-zzh-2025/datasets/冰冻-2025/test_image/2022-06-28_11_21_44.kfb_1230.jpg,390,669,344,325,46,0.5142002989536621,0.882051282051282,0.6496694995278565,0,1,10200,1,685,669,4.600435033411307,5.839676714220713,0,24,15,7,0,7,85,233
p2p_proto_fusion_a0p10_best_paraffin_to_frozen,0,138,/home/data/yh_1/SET_3/p2p-src-zzh-2025/datasets/冰冻-2025/test_image/2022-06-28_11_11_09.kfb_1680.jpg,118,253,96,157,22,0.3794466403162055,0.8135593220338984,0.5175202156334231,0,1,10200,6,255,253,5.414666161585501,6.876556533078362,0,13,7,2,0,2,13,142
p2p_proto_fusion_a0p10_best_paraffin_to_frozen,0,139,/home/data/yh_1/SET_3/p2p-src-zzh-2025/datasets/冰冻-2025/test_image/2022-06-28_11_18_14.kfb_3002.jpg,187,259,166,93,21,0.640926640926641,0.8877005347593583,0.7443946188340808,0,1,10200,6,262,259,4.475646191782832,5.6422841146767855,0,15,6,0,0,0,16,77
p2p_proto_fusion_a0p10_best_paraffin_to_frozen,0,140,/home/data/yh_1/SET_3/p2p-src-zzh-2025/datasets/冰冻-2025/test_image/2022-06-28_11_21_44.kfb_642.jpg,146,228,128,100,18,0.5614035087719298,0.8767123287671232,0.6844919786096256,0,1,10200,8,230,228,4.4392379588845605,5.587287513539197,0,13,4,1,0,0,21,79
p2p_proto_fusion_a0p10_best_paraffin_to_frozen,0,141,/home/data/yh_1/SET_3/p2p-src-zzh-2025/datasets/冰冻-2025/test_image/2022-06-28_11_11_09.kfb_1120.jpg,25,44,17,27,8,0.38636363636363635,0.68,0.4927536231884058,0,1,10200,4,44,44,4.255138594303041,5.3829557755414275,0,7,1,0,0,0,2,25
p2p_proto_fusion_a0p10_best_paraffin_to_frozen,0,142,/home/data/yh_1/SET_3/p2p-src-zzh-2025/datasets/冰冻-2025/test_image/2022-06-28_11_21_44.kfb_1756.jpg,146,296,122,174,24,0.41216216216216217,0.8356164383561644,0.5520361990950227,0,1,10200,5,298,296,4.842551555773191,6.208250159122901,0,14,8,2,0,0,26,148
p2p_proto_fusion_a0p10_best_paraffin_to_frozen,0,143,/home/data/yh_1/SET_3/p2p-src-zzh-2025/datasets/冰冻-2025/test_image/2022-06-28_11_20_39.kfb_850.jpg,242,464,200,264,42,0.43103448275862066,0.8264462809917356,0.56657223796034,0,1,10200,3,467,464,5.004896240261462,6.332204823493957,0,23,16,3,0,1,38,225
p2p_proto_fusion_a0p10_best_paraffin_to_frozen,0,144,/home/data/yh_1/SET_3/p2p-src-zzh-2025/datasets/冰冻-2025/test_image/2022-06-28_11_21_44.kfb_1009.jpg,137,176,94,82,43,0.5340909090909091,0.6861313868613139,0.6006389776357828,0,1,10200,2,179,176,4.107468749737866,5.242088931672117,0,37,5,1,0,1,13,68
p2p_proto_fusion_a0p10_best_paraffin_to_frozen,0,145,/home/data/yh_1/SET_3/p2p-src-zzh-2025/datasets/冰冻-2025/test_image/2022-06-28_11_11_09.kfb_926.jpg,0,468,0,0,0,0.0,0.0,0.0,1,0,10200,0,472,468,0.0,0.0,0,0,0,0,0,0,0,0
p2p_proto_fusion_a0p10_best_paraffin_to_frozen,0,146,/home/data/yh_1/SET_3/p2p-src-zzh-2025/datasets/冰冻-2025/test_image/2022-06-28_11_12_06.kfb_1900.jpg,0,255,0,0,0,0.0,0.0,0.0,1,0,10200,0,257,255,0.0,0.0,0,0,0,0,0,0,0,0
p2p_proto_fusion_a0p10_best_paraffin_to_frozen,0,147,/home/data/yh_1/SET_3/p2p-src-zzh-2025/datasets/冰冻-2025/test_image/2022-06-28_11_21_44.kfb_641.jpg,109,139,84,55,25,0.60431654676259,0.7706422018348624,0.6774193548387096,0,1,10200,7,139,139,4.717760591814549,6.1500404562268915,0,21,4,0,0,0,8,47
p2p_proto_fusion_a0p10_best_paraffin_to_frozen,0,148,/home/data/yh_1/SET_3/p2p-src-zzh-2025/datasets/冰冻-2025/test_image/2022-06-28_11_21_44.kfb_2477.jpg,350,446,268,178,82,0.600896860986547,0.7657142857142857,0.6733668341708543,0,1,10200,3,449,446,4.69635321756302,5.909629539943285,0,55,21,6,0,2,34,142
p2p_proto_fusion_a0p10_best_paraffin_to_frozen,0,149,/home/data/yh_1/SET_3/p2p-src-zzh-2025/datasets/冰冻-2025/test_image/2022-06-28_11_21_44.kfb_1632.jpg,186,214,125,89,61,0.5841121495327103,0.6720430107526881,0.625,0,1,10200,3,215,214,4.368351458447316,5.529633964538572,0,49,10,2,0,0,13,76
p2p_proto_fusion_a0p10_best_paraffin_to_frozen,0,150,/home/data/yh_1/SET_3/p2p-src-zzh-2025/datasets/冰冻-2025/test_image/2022-06-28_11_21_44.kfb_1738.jpg,178,368,156,212,22,0.42391304347826086,0.8764044943820225,0.5714285714285715,0,1,10200,3,371,368,4.490119212302927,5.867824189173869,0,16,4,2,0,1,32,179
p2p_proto_fusion_a0p10_best_paraffin_to_frozen,0,151,/home/data/yh_1/SET_3/p2p-src-zzh-2025/datasets/冰冻-2025/test_image/2022-06-28_11_21_44.kfb_2167.jpg,218,370,170,200,48,0.4594594594594595,0.7798165137614679,0.5782312925170069,0,1,10200,0,378,370,4.837388676932444,6.158101696126601,0,30,14,4,0,3,32,165
p2p_proto_fusion_a0p10_best_paraffin_to_frozen,0,152,/home/data/yh_1/SET_3/p2p-src-zzh-2025/datasets/冰冻-2025/test_image/2022-06-28_11_18_14.kfb_1089.jpg,18,16,10,6,8,0.625,0.5555555555555556,0.5882352941176471,0,1,10200,11,17,16,4.302093433163577,5.422085380554178,0,7,1,0,0,0,0,6
p2p_proto_fusion_a0p10_best_paraffin_to_frozen,0,153,/home/data/yh_1/SET_3/p2p-src-zzh-2025/datasets/冰冻-2025/test_image/2022-06-28_11_18_14.kfb_528.jpg,29,48,13,35,16,0.2708333333333333,0.4482758620689655,0.33766233766233766,0,1,10200,15,49,48,4.353224271292403,5.3755591465876655,0,13,3,0,0,0,3,32
p2p_proto_fusion_a0p10_best_paraffin_to_frozen,0,154,/home/data/yh_1/SET_3/p2p-src-zzh-2025/datasets/冰冻-2025/test_image/2022-06-28_11_21_44.kfb_441.jpg,194,343,166,177,28,0.4839650145772595,0.8556701030927835,0.6182495344506518,0,1,10200,2,349,343,4.504176148573785,5.703798785267104,0,16,9,3,0,1,17,159
p2p_proto_fusion_a0p10_best_paraffin_to_frozen,0,155,/home/data/yh_1/SET_3/p2p-src-zzh-2025/datasets/冰冻-2025/test_image/2022-06-28_11_21_44.kfb_639.jpg,263,311,200,111,63,0.6430868167202572,0.7604562737642585,0.6968641114982578,0,1,10200,5,314,311,4.6138890639552885,5.811682586669922,0,40,20,3,0,3,24,84
p2p_proto_fusion_a0p10_best_paraffin_to_frozen,0,156,/home/data/yh_1/SET_3/p2p-src-zzh-2025/datasets/冰冻-2025/test_image/2022-06-28_11_21_44.kfb_521.jpg,263,432,221,211,42,0.5115740740740741,0.8403041825095057,0.6359712230215827,0,1,10200,2,434,432,4.704036618720055,5.961391431713537,0,29,11,2,0,3,26,182
p2p_proto_fusion_a0p10_best_paraffin_to_frozen,0,157,/home/data/yh_1/SET_3/p2p-src-zzh-2025/datasets/冰冻-2025/test_image/2022-06-28_11_21_44.kfb_1398.jpg,227,266,157,109,70,0.5902255639097744,0.6916299559471366,0.6369168356997972,0,1,10200,6,267,266,4.692765841765364,6.033303342807064,0,54,14,2,0,1,20,88
p2p_proto_fusion_a0p10_best_paraffin_to_frozen,0,158,/home/data/yh_1/SET_3/p2p-src-zzh-2025/datasets/冰冻-2025/test_image/2022-06-28_11_21_44.kfb_1432.jpg,257,466,219,247,38,0.4699570815450644,0.8521400778210116,0.6058091286307054,0,1,10200,4,474,466,4.9002484301741775,6.171510178204541,0,25,10,3,0,6,49,192
p2p_proto_fusion_a0p10_best_paraffin_to_frozen,0,159,/home/data/yh_1/SET_3/p2p-src-zzh-2025/datasets/冰冻-2025/test_image/2022-06-28_11_20_39.kfb_835.jpg,149,286,115,171,34,0.4020979020979021,0.7718120805369127,0.528735632183908,0,1,10200,1,288,286,4.368630999750793,5.5334194473598295,0,19,12,3,0,1,6,164
p2p_proto_fusion_a0p10_best_paraffin_to_frozen,0,160,/home/data/yh_1/SET_3/p2p-src-zzh-2025/datasets/冰冻-2025/test_image/2022-06-28_11_21_44.kfb_2457.jpg,109,263,84,179,25,0.3193916349809886,0.7706422018348624,0.45161290322580644,0,1,10200,0,265,263,4.304085408650785,5.373118150801887,0,18,7,0,0,0,21,158
p2p_proto_fusion_a0p10_best_paraffin_to_frozen,0,161,/home/data/yh_1/SET_3/p2p-src-zzh-2025/datasets/冰冻-2025/test_image/2022-06-28_11_18_14.kfb_2730.jpg,19,40,13,27,6,0.325,0.6842105263157895,0.4406779661016949,0,1,10200,15,40,40,5.109179330953044,6.3915651761568535,0,5,1,0,0,0,1,26
p2p_proto_fusion_a0p10_best_paraffin_to_frozen,0,162,/home/data/yh_1/SET_3/p2p-src-zzh-2025/datasets/冰冻-2025/test_image/2022-06-28_11_12_06.kfb_597.jpg,0,483,0,0,0,0.0,0.0,0.0,1,0,10200,3,485,483,0.0,0.0,0,0,0,0,0,0,0,0
p2p_proto_fusion_a0p10_best_paraffin_to_frozen,0,163,/home/data/yh_1/SET_3/p2p-src-zzh-2025/datasets/冰冻-2025/test_image/2022-06-28_11_21_44.kfb_1699.jpg,157,342,138,204,19,0.40350877192982454,0.8789808917197452,0.5531062124248497,0,1,10200,2,346,342,4.568222763337273,5.775258174840953,0,12,4,3,0,1,32,171
p2p_proto_fusion_a0p10_best_paraffin_to_frozen,0,164,/home/data/yh_1/SET_3/p2p-src-zzh-2025/datasets/冰冻-2025/test_image/2022-06-28_11_18_14.kfb_645.jpg,36,42,22,20,14,0.5238095238095238,0.6111111111111112,0.5641025641025642,0,1,10200,16,42,42,3.7401592740264835,4.710522218184034,0,12,2,0,0,0,0,20
p2p_proto_fusion_a0p10_best_paraffin_to_frozen,0,165,/home/data/yh_1/SET_3/p2p-src-zzh-2025/datasets/冰冻-2025/test_image/2022-06-28_11_11_09.kfb_2292.jpg,260,353,205,148,55,0.5807365439093485,0.7884615384615384,0.66884176182708,0,1,10200,2,359,353,5.308147457149698,6.766183253032406,0,42,9,4,0,0,28,120
p2p_proto_fusion_a0p10_best_paraffin_to_frozen,0,166,/home/data/yh_1/SET_3/p2p-src-zzh-2025/datasets/冰冻-2025/test_image/2022-06-28_11_21_44.kfb_430.jpg,149,206,117,89,32,0.5679611650485437,0.785234899328859,0.6591549295774648,0,1,10200,9,208,206,4.800750872083268,6.228385028676092,0,25,6,1,0,0,8,81
p2p_proto_fusion_a0p10_best_paraffin_to_frozen,0,167,/home/data/yh_1/SET_3/p2p-src-zzh-2025/datasets/冰冻-2025/test_image/2022-06-28_11_20_39.kfb_1465.jpg,270,574,246,328,24,0.42857142857142855,0.9111111111111111,0.5829383886255923,0,1,10200,13,578,574,4.52993497317751,5.751263966405296,0,15,9,0,0,3,50,275
p2p_proto_fusion_a0p10_best_paraffin_to_frozen,0,168,/home/data/yh_1/SET_3/p2p-src-zzh-2025/datasets/冰冻-2025/test_image/2022-06-28_11_18_14.kfb_599.jpg,37,33,16,17,21,0.48484848484848486,0.43243243243243246,0.45714285714285713,0,1,10200,24,33,33,4.512282586589593,5.703613042831416,0,18,3,0,0,0,1,16
p2p_proto_fusion_a0p10_best_paraffin_to_frozen,0,169,/home/data/yh_1/SET_3/p2p-src-zzh-2025/datasets/冰冻-2025/test_image/2022-06-28_11_11_09.kfb_1481.jpg,26,102,24,78,2,0.23529411764705882,0.9230769230769231,0.375,0,1,10200,18,104,102,4.8568601453020745,6.228829900423675,0,2,0,0,0,0,3,75
p2p_proto_fusion_a0p10_best_paraffin_to_frozen,0,170,/home/data/yh_1/SET_3/p2p-src-zzh-2025/datasets/冰冻-2025/test_image/2022-06-28_11_11_09.kfb_812.jpg,48,68,36,32,12,0.5294117647058824,0.75,0.6206896551724139,0,1,10200,10,69,68,4.894938454058397,6.237135595745509,0,9,3,0,0,0,2,30
p2p_proto_fusion_a0p10_best_paraffin_to_frozen,0,171,/home/data/yh_1/SET_3/p2p-src-zzh-2025/datasets/冰冻-2025/test_image/2022-06-28_11_11_09.kfb_914.jpg,0,289,0,0,0,0.0,0.0,0.0,1,0,10200,8,291,289,0.0,0.0,0,0,0,0,0,0,0,0
p2p_proto_fusion_a0p10_best_paraffin_to_frozen,0,172,/home/data/yh_1/SET_3/p2p-src-zzh-2025/datasets/冰冻-2025/test_image/2022-06-28_11_21_44.kfb_98.jpg,94,135,63,72,31,0.4666666666666667,0.6702127659574468,0.5502183406113538,0,1,10200,7,137,135,4.421925813892801,5.613962582179479,0,20,10,1,0,1,11,60
p2p_proto_fusion_a0p10_best_paraffin_to_frozen,0,173,/home/data/yh_1/SET_3/p2p-src-zzh-2025/datasets/冰冻-2025/test_image/2022-06-28_11_11_09.kfb_510.jpg,220,288,165,123,55,0.5729166666666666,0.75,0.6496062992125985,0,1,10200,1,289,288,4.8680518436918305,6.234618929660683,0,43,11,1,0,3,16,104
p2p_proto_fusion_a0p10_best_paraffin_to_frozen,0,174,/home/data/yh_1/SET_3/p2p-src-zzh-2025/datasets/冰冻-2025/test_image/2022-06-28_11_21_44.kfb_1649.jpg,207,367,172,195,35,0.46866485013623976,0.8309178743961353,0.5993031358885017,0,1,10200,9,373,367,4.92615912661502,6.300754813260809,0,24,9,2,0,2,23,170
p2p_proto_fusion_a0p10_best_paraffin_to_frozen,0,175,/home/data/yh_1/SET_3/p2p-src-zzh-2025/datasets/冰冻-2025/test_image/2022-06-28_11_11_09.kfb_2149.jpg,411,497,315,182,96,0.6338028169014085,0.7664233576642335,0.6938325991189428,0,1,10200,0,501,497,5.004767981839572,6.389041881712656,0,55,39,2,0,3,34,145
p2p_proto_fusion_a0p10_best_paraffin_to_frozen,0,176,/home/data/yh_1/SET_3/p2p-src-zzh-2025/datasets/冰冻-2025/test_image/2022-06-28_11_11_09.kfb_377.jpg,19,21,10,11,9,0.47619047619047616,0.5263157894736842,0.5,0,1,10200,3,21,21,4.129576186090224,5.576943206787104,0,9,0,0,0,0,0,11
p2p_proto_fusion_a0p10_best_paraffin_to_frozen,0,177,/home/data/yh_1/SET_3/p2p-src-zzh-2025/datasets/冰冻-2025/test_image/2022-06-28_11_18_14.kfb_1466.jpg,35,41,22,19,13,0.5365853658536586,0.6285714285714286,0.5789473684210527,0,1,10200,1,41,41,4.354585203419682,5.357023585926412,0,11,2,0,0,0,2,17
p2p_proto_fusion_a0p10_best_paraffin_to_frozen,0,178,/home/data/yh_1/SET_3/p2p-src-zzh-2025/datasets/冰冻-2025/test_image/2022-06-28_11_20_39.kfb_1812.jpg,239,368,199,169,40,0.5407608695652174,0.8326359832635983,0.6556836902800659,0,1,10200,0,371,368,4.958508098279382,6.391643850048584,0,26,10,4,0,1,37,131
p2p_proto_fusion_a0p10_best_paraffin_to_frozen,0,179,/home/data/yh_1/SET_3/p2p-src-zzh-2025/datasets/冰冻-2025/test_image/2022-06-28_11_21_44.kfb_1199.jpg,462,668,400,268,62,0.5988023952095808,0.8658008658008658,0.7079646017699115,0,1,10200,2,671,668,4.939279028439341,6.21748060643673,0,26,31,5,0,7,68,193
p2p_proto_fusion_a0p10_best_paraffin_to_frozen,0,180,/home/data/yh_1/SET_3/p2p-src-zzh-2025/datasets/冰冻-2025/test_image/2022-06-28_11_18_14.kfb_1777.jpg,81,111,67,44,14,0.6036036036036037,0.8271604938271605,0.6979166666666666,0,1,10200,1,111,111,4.290944259314092,5.424099537863661,0,11,3,0,0,2,6,36
p2p_proto_fusion_a0p10_best_paraffin_to_frozen,0,181,/home/data/yh_1/SET_3/p2p-src-zzh-2025/datasets/冰冻-2025/test_image/2022-06-28_11_21_44.kfb_816.jpg,319,495,274,221,45,0.5535353535353535,0.8589341692789969,0.6732186732186732,0,1,10200,5,501,495,4.823765323544932,6.165890441323717,0,29,14,2,0,4,47,170
p2p_proto_fusion_a0p10_best_paraffin_to_frozen,0,182,/home/data/yh_1/SET_3/p2p-src-zzh-2025/datasets/冰冻-2025/test_image/2022-06-28_11_11_09.kfb_1296.jpg,20,40,18,22,2,0.45,0.9,0.6,0,1,10200,61,40,40,7.172493582833051,8.386464754740397,0,1,1,0,0,0,3,19
p2p_proto_fusion_a0p10_best_paraffin_to_frozen,0,183,/home/data/yh_1/SET_3/p2p-src-zzh-2025/datasets/冰冻-2025/test_image/2022-06-28_11_11_09.kfb_464.jpg,118,178,83,95,35,0.46629213483146065,0.7033898305084746,0.5608108108108107,0,1,10200,0,179,178,4.705733990664812,5.941764854523074,0,26,8,1,0,2,5,88
p2p_proto_fusion_a0p10_best_paraffin_to_frozen,0,184,/home/data/yh_1/SET_3/p2p-src-zzh-2025/datasets/冰冻-2025/test_image/2022-06-28_11_21_44.kfb_1291.jpg,171,294,148,146,23,0.5034013605442177,0.8654970760233918,0.6365591397849463,0,1,10200,6,299,294,4.670225320489648,5.945904760747342,0,18,4,1,0,0,24,122
p2p_proto_fusion_a0p10_best_paraffin_to_frozen,0,185,/home/data/yh_1/SET_3/p2p-src-zzh-2025/datasets/冰冻-2025/test_image/2022-06-28_11_11_09.kfb_2543.jpg,132,304,117,187,15,0.3848684210526316,0.8863636363636364,0.536697247706422,0,1,10200,11,307,304,4.523085563001444,5.6467131997785,0,8,6,1,0,3,23,161
p2p_proto_fusion_a0p10_best_paraffin_to_frozen,0,186,/home/data/yh_1/SET_3/p2p-src-zzh-2025/datasets/冰冻-2025/test_image/2022-06-28_11_21_44.kfb_2390.jpg,290,447,244,203,46,0.5458612975391499,0.8413793103448276,0.6621438263229308,0,1,10200,1,451,447,5.179576681852259,6.536428190222084,0,30,13,3,0,3,36,164
p2p_proto_fusion_a0p10_best_paraffin_to_frozen,0,187,/home/data/yh_1/SET_3/p2p-src-zzh-2025/datasets/冰冻-2025/test_image/2022-06-28_11_20_39.kfb_2425.jpg,62,119,48,71,14,0.40336134453781514,0.7741935483870968,0.5303867403314917,0,1,10200,6,121,119,4.3364283102005405,5.467278560002647,0,14,0,0,0,0,4,67
p2p_proto_fusion_a0p10_best_paraffin_to_frozen,0,188,/home/data/yh_1/SET_3/p2p-src-zzh-2025/datasets/冰冻-2025/test_image/2022-06-28_11_21_44.kfb_2145.jpg,193,203,114,89,79,0.5615763546798029,0.5906735751295337,0.5757575757575758,0,1,10200,2,205,203,5.024396220169664,6.424342105263156,0,60,18,1,0,0,16,73
p2p_proto_fusion_a0p10_best_paraffin_to_frozen,0,189,/home/data/yh_1/SET_3/p2p-src-zzh-2025/datasets/冰冻-2025/test_image/2022-06-28_11_20_39.kfb_959.jpg,250,405,201,204,49,0.4962962962962963,0.804,0.6137404580152672,0,1,10200,2,408,405,4.7331415643184815,5.967110069236946,0,31,17,1,0,0,33,171
p2p_proto_fusion_a0p10_best_paraffin_to_frozen,0,190,/home/data/yh_1/SET_3/p2p-src-zzh-2025/datasets/冰冻-2025/test_image/2022-06-28_11_20_39.kfb_2195.jpg,292,639,252,387,40,0.39436619718309857,0.863013698630137,0.5413533834586466,0,1,10200,1,643,639,4.67698375686487,5.9549198600034865,0,22,17,1,0,5,48,334
p2p_proto_fusion_a0p10_best_paraffin_to_frozen,0,191,/home/data/yh_1/SET_3/p2p-src-zzh-2025/datasets/冰冻-2025/test_image/2022-06-28_11_18_14.kfb_2915.jpg,19,36,13,23,6,0.3611111111111111,0.6842105263157895,0.4727272727272728,0,1,10200,9,36,36,4.758822586870486,5.881481170654297,0,6,0,0,0,1,0,22
p2p_proto_fusion_a0p10_best_paraffin_to_frozen,0,192,/home/data/yh_1/SET_3/p2p-src-zzh-2025/datasets/冰冻-2025/test_image/2022-06-28_11_11_09.kfb_2356.jpg,60,105,42,63,18,0.4,0.7,0.509090909090909,0,1,10200,7,106,105,4.882744557432271,6.156792436327253,0,13,5,0,0,0,7,56
p2p_proto_fusion_a0p10_best_paraffin_to_frozen,0,193,/home/data/yh_1/SET_3/p2p-src-zzh-2025/datasets/冰冻-2025/test_image/2022-06-28_11_18_14.kfb_1783.jpg,29,42,12,30,17,0.2857142857142857,0.41379310344827586,0.3380281690140845,0,1,10200,4,44,42,4.107804536646356,5.316222349802651,0,14,3,0,0,0,1,29
p2p_proto_fusion_a0p10_best_paraffin_to_frozen,0,194,/home/data/yh_1/SET_3/p2p-src-zzh-2025/datasets/冰冻-2025/test_image/2022-06-28_11_11_09.kfb_727.jpg,0,134,0,0,0,0.0,0.0,0.0,1,0,10200,1,135,134,0.0,0.0,0,0,0,0,0,0,0,0
p2p_proto_fusion_a0p10_best_paraffin_to_frozen,0,195,/home/data/yh_1/SET_3/p2p-src-zzh-2025/datasets/冰冻-2025/test_image/2022-06-28_11_21_44.kfb_1599.jpg,177,343,153,190,24,0.446064139941691,0.864406779661017,0.5884615384615384,0,1,10200,4,349,343,4.746162301162824,6.054441813549963,0,15,4,5,0,3,29,158
p2p_proto_fusion_a0p10_best_paraffin_to_frozen,0,196,/home/data/yh_1/SET_3/p2p-src-zzh-2025/datasets/冰冻-2025/test_image/2022-06-28_11_18_14.kfb_207.jpg,134,197,107,90,27,0.5431472081218274,0.7985074626865671,0.6465256797583081,0,1,10200,0,198,197,4.692186232706378,5.986362782594197,0,18,9,0,0,2,19,69
p2p_proto_fusion_a0p10_best_paraffin_to_frozen,0,197,/home/data/yh_1/SET_3/p2p-src-zzh-2025/datasets/冰冻-2025/test_image/2022-06-28_11_11_09.kfb_1270.jpg,68,147,54,93,14,0.3673469387755102,0.7941176470588235,0.5023255813953489,0,1,10200,5,150,147,4.513607332945913,5.633043713039819,0,8,5,1,0,0,12,81
p2p_proto_fusion_a0p10_best_paraffin_to_frozen,0,198,/home/data/yh_1/SET_3/p2p-src-zzh-2025/datasets/冰冻-2025/test_image/2022-06-28_11_11_09.kfb_1000.jpg,61,150,50,100,11,0.3333333333333333,0.819672131147541,0.4739336492890995,0,1,10200,50,154,150,6.251362679999516,7.993781566619876,0,10,1,0,0,1,9,90
p2p_proto_fusion_a0p10_best_paraffin_to_frozen,0,199,/home/data/yh_1/SET_3/p2p-src-zzh-2025/datasets/冰冻-2025/test_image/2022-06-28_11_11_09.kfb_533.jpg,86,95,47,48,39,0.49473684210526314,0.5465116279069767,0.5193370165745858,0,1,10200,9,96,95,4.632414914681328,6.026269608355576,0,34,4,1,0,0,4,44
p2p_proto_fusion_a0p10_best_paraffin_to_frozen,0,200,/home/data/yh_1/SET_3/p2p-src-zzh-2025/datasets/冰冻-2025/test_image/2022-06-28_11_21_44.kfb_1079.jpg,150,217,106,111,44,0.48847926267281105,0.7066666666666667,0.5776566757493188,0,1,10200,8,219,217,4.203132438499896,5.415150813336637,0,34,8,2,0,0,18,93
p2p_proto_fusion_a0p10_best_paraffin_to_frozen,0,201,/home/data/yh_1/SET_3/p2p-src-zzh-2025/datasets/冰冻-2025/test_image/2022-06-28_11_18_14.kfb_1211.jpg,48,55,25,30,23,0.45454545454545453,0.5208333333333334,0.48543689320388356,0,1,10200,8,55,55,4.155119759059114,5.369722671508789,0,19,4,0,0,0,3,27
p2p_proto_fusion_a0p10_best_paraffin_to_frozen,0,202,/home/data/yh_1/SET_3/p2p-src-zzh-2025/datasets/冰冻-2025/test_image/2022-06-28_11_21_44.kfb_1545.jpg,127,135,68,67,59,0.5037037037037037,0.5354330708661418,0.5190839694656488,0,1,10200,1,137,135,4.591644727144752,5.952667671091417,0,49,6,4,0,0,4,63
p2p_proto_fusion_a0p10_best_paraffin_to_frozen,0,203,/home/data/yh_1/SET_3/p2p-src-zzh-2025/datasets/冰冻-2025/test_image/2022-06-28_11_21_44.kfb_725.jpg,321,545,287,258,34,0.5266055045871559,0.8940809968847352,0.6628175519630486,0,1,10200,5,548,545,4.942858898520412,6.265616057226467,0,17,14,3,0,4,49,205
p2p_proto_fusion_a0p10_best_paraffin_to_frozen,0,204,/home/data/yh_1/SET_3/p2p-src-zzh-2025/datasets/冰冻-2025/test_image/2022-06-28_11_20_39.kfb_2825.jpg,82,257,67,190,15,0.2607003891050584,0.8170731707317073,0.3952802359882006,0,1,10200,25,257,257,4.597931124202882,5.890743817856061,0,10,4,1,0,0,11,179
p2p_proto_fusion_a0p10_best_paraffin_to_frozen,0,205,/home/data/yh_1/SET_3/p2p-src-zzh-2025/datasets/冰冻-2025/test_image/2022-06-28_11_21_44.kfb_176.jpg,228,304,178,126,50,0.5855263157894737,0.7807017543859649,0.6691729323308271,0,1,10200,4,306,304,4.478194019873718,5.610676827055683,0,41,7,2,0,1,21,104
p2p_proto_fusion_a0p10_best_paraffin_to_frozen,0,206,/home/data/yh_1/SET_3/p2p-src-zzh-2025/datasets/冰冻-2025/test_image/2022-06-28_11_18_14.kfb_1818.jpg,140,356,122,234,18,0.34269662921348315,0.8714285714285714,0.49193548387096775,0,1,10200,6,365,356,4.644396421021756,5.868487010236646,0,8,9,1,0,2,33,199
p2p_proto_fusion_a0p10_best_paraffin_to_frozen,0,207,/home/data/yh_1/SET_3/p2p-src-zzh-2025/datasets/冰冻-2025/test_image/2022-06-28_11_21_44.kfb_2545.jpg,187,303,135,168,52,0.44554455445544555,0.7219251336898396,0.5510204081632653,0,1,10200,2,310,303,5.603748532962234,7.069245082759414,0,40,10,2,0,0,15,153
p2p_proto_fusion_a0p10_best_paraffin_to_frozen,0,208,/home/data/yh_1/SET_3/p2p-src-zzh-2025/datasets/冰冻-2025/test_image/2022-06-28_11_21_44.kfb_2058.jpg,97,141,77,64,20,0.5460992907801419,0.7938144329896907,0.6470588235294117,0,1,10200,11,144,141,4.929145465063428,6.2057135445731,0,16,4,0,0,1,15,48
p2p_proto_fusion_a0p10_best_paraffin_to_frozen,0,209,/home/data/yh_1/SET_3/p2p-src-zzh-2025/datasets/冰冻-2025/test_image/2022-06-28_11_12_06.kfb_1813.jpg,0,380,0,0,0,0.0,0.0,0.0,1,0,10200,0,380,380,0.0,0.0,0,0,0,0,0,0,0,0
p2p_proto_fusion_a0p10_best_paraffin_to_frozen,0,210,/home/data/yh_1/SET_3/p2p-src-zzh-2025/datasets/冰冻-2025/test_image/2022-06-28_11_20_39.kfb_2426.jpg,110,148,74,74,36,0.5,0.6727272727272727,0.5736434108527131,0,1,10200,11,150,148,4.379151892698988,5.720780791463083,0,27,8,1,0,1,8,65
p2p_proto_fusion_a0p10_best_paraffin_to_frozen,0,211,/home/data/yh_1/SET_3/p2p-src-zzh-2025/datasets/冰冻-2025/test_image/2022-06-28_11_18_14.kfb_1002.jpg,53,49,34,15,19,0.6938775510204082,0.6415094339622641,0.6666666666666666,0,1,10200,15,49,49,4.802664508153778,6.225792884826663,0,17,2,0,0,0,2,13
p2p_proto_fusion_a0p10_best_paraffin_to_frozen,0,212,/home/data/yh_1/SET_3/p2p-src-zzh-2025/datasets/冰冻-2025/test_image/2022-06-28_11_11_09.kfb_1979.jpg,17,19,7,12,10,0.3684210526315789,0.4117647058823529,0.3888888888888889,0,1,10200,7,20,19,3.7978989177269447,5.090008599417557,0,8,1,1,0,0,0,12
p2p_proto_fusion_a0p10_best_paraffin_to_frozen,0,213,/home/data/yh_1/SET_3/p2p-src-zzh-2025/datasets/冰冻-2025/test_image/2022-06-28_11_11_09.kfb_2114.jpg,18,49,16,33,2,0.32653061224489793,0.8888888888888888,0.47761194029850745,0,1,10200,8,49,49,3.7031176758650113,4.726635992527008,0,2,0,0,0,0,4,29
p2p_proto_fusion_a0p10_best_paraffin_to_frozen,0,214,/home/data/yh_1/SET_3/p2p-src-zzh-2025/datasets/冰冻-2025/test_image/2022-06-28_11_12_06.kfb_1274.jpg,111,130,71,59,40,0.5461538461538461,0.6396396396396397,0.5892116182572613,0,1,10200,3,133,130,4.643452591517559,6.035918625307754,0,35,3,2,0,0,11,48
p2p_proto_fusion_a0p10_best_paraffin_to_frozen,0,215,/home/data/yh_1/SET_3/p2p-src-zzh-2025/datasets/冰冻-2025/test_image/2022-06-28_11_20_39.kfb_1704.jpg,315,502,273,229,42,0.5438247011952191,0.8666666666666667,0.6682986536107711,0,1,10200,3,507,502,4.45957180394761,5.654346485277671,0,30,12,0,0,4,65,160
p2p_proto_fusion_a0p10_best_paraffin_to_frozen,0,216,/home/data/yh_1/SET_3/p2p-src-zzh-2025/datasets/冰冻-2025/test_image/2022-06-28_11_20_39.kfb_2324.jpg,138,260,119,141,19,0.4576923076923077,0.8623188405797102,0.5979899497487438,0,1,10200,1,261,260,4.464316920396077,5.687922309426699,0,13,5,1,0,2,33,106
p2p_proto_fusion_a0p10_best_paraffin_to_frozen,0,217,/home/data/yh_1/SET_3/p2p-src-zzh-2025/datasets/冰冻-2025/test_image/2022-06-28_11_11_09.kfb_512.jpg,142,271,109,162,33,0.4022140221402214,0.7676056338028169,0.5278450363196125,0,1,10200,5,271,271,4.925214421571994,6.402248050094746,0,23,7,3,0,1,9,152
p2p_proto_fusion_a0p10_best_paraffin_to_frozen,0,218,/home/data/yh_1/SET_3/p2p-src-zzh-2025/datasets/冰冻-2025/test_image/2022-06-28_11_12_06.kfb_2307.jpg,0,443,0,0,0,0.0,0.0,0.0,1,0,10200,2,449,443,0.0,0.0,0,0,0,0,0,0,0,0
p2p_proto_fusion_a0p10_best_paraffin_to_frozen,0,219,/home/data/yh_1/SET_3/p2p-src-zzh-2025/datasets/冰冻-2025/test_image/2022-06-28_11_21_44.kfb_1728.jpg,215,367,169,198,46,0.4604904632152589,0.786046511627907,0.5807560137457045,0,1,10200,14,374,367,4.844386338582255,6.033572479112615,0,28,14,4,0,3,26,169
p2p_proto_fusion_a0p10_best_paraffin_to_frozen,0,220,/home/data/yh_1/SET_3/p2p-src-zzh-2025/datasets/冰冻-2025/test_image/2022-06-28_11_20_39.kfb_945.jpg,392,662,334,328,58,0.5045317220543807,0.8520408163265306,0.6337760910815939,0,1,10200,0,667,662,4.576994848537811,5.851088773704573,0,34,23,1,0,3,58,267
p2p_proto_fusion_a0p10_best_paraffin_to_frozen,0,221,/home/data/yh_1/SET_3/p2p-src-zzh-2025/datasets/冰冻-2025/test_image/2022-06-28_11_18_14.kfb_298.jpg,28,44,20,24,8,0.45454545454545453,0.7142857142857143,0.5555555555555556,0,1,10200,5,44,44,3.9255097364664246,4.901996946334835,0,7,1,0,0,0,0,24
p2p_proto_fusion_a0p10_best_paraffin_to_frozen,0,222,/home/data/yh_1/SET_3/p2p-src-zzh-2025/datasets/冰冻-2025/test_image/2022-06-28_11_21_44.kfb_1380.jpg,189,296,140,156,49,0.47297297297297297,0.7407407407407407,0.5773195876288659,0,1,10200,1,298,296,5.190368934415943,6.555272664342608,0,34,14,1,0,2,15,139
p2p_proto_fusion_a0p10_best_paraffin_to_frozen,0,223,/home/data/yh_1/SET_3/p2p-src-zzh-2025/datasets/冰冻-2025/test_image/2022-06-28_11_21_44.kfb_955.jpg,198,340,161,179,37,0.47352941176470587,0.8131313131313131,0.5985130111524163,0,1,10200,4,343,340,4.318243601336956,5.494309173607678,0,19,15,3,0,1,27,151
p2p_proto_fusion_a0p10_best_paraffin_to_frozen,0,224,/home/data/yh_1/SET_3/p2p-src-zzh-2025/datasets/冰冻-2025/test_image/2022-06-28_11_21_44.kfb_2466.jpg,191,458,155,303,36,0.3384279475982533,0.8115183246073299,0.477657935285054,0,1,10200,9,462,458,4.835142656311324,6.131321582126375,0,21,12,3,0,1,28,274
p2p_proto_fusion_a0p10_best_paraffin_to_frozen,0,225,/home/data/yh_1/SET_3/p2p-src-zzh-2025/datasets/冰冻-2025/test_image/2022-06-28_11_21_44.kfb_2203.jpg,120,267,98,169,22,0.36704119850187267,0.8166666666666667,0.5064599483204135,0,1,10200,3,271,267,4.8099908793570485,6.088528584460819,0,14,7,1,0,0,16,153
p2p_proto_fusion_a0p10_best_paraffin_to_frozen,0,226,/home/data/yh_1/SET_3/p2p-src-zzh-2025/datasets/冰冻-2025/test_image/2022-06-28_11_11_09.kfb_2468.jpg,76,94,53,41,23,0.5638297872340425,0.6973684210526315,0.6235294117647059,0,1,10200,8,94,94,4.400866354378768,5.510242983979997,0,19,4,0,0,0,4,37
p2p_proto_fusion_a0p10_best_paraffin_to_frozen,0,227,/home/data/yh_1/SET_3/p2p-src-zzh-2025/datasets/冰冻-2025/test_image/2022-06-28_11_12_06.kfb_3069.jpg,0,328,0,0,0,0.0,0.0,0.0,1,0,10200,8,336,328,0.0,0.0,0,0,0,0,0,0,0,0
p2p_proto_fusion_a0p10_best_paraffin_to_frozen,0,228,/home/data/yh_1/SET_3/p2p-src-zzh-2025/datasets/冰冻-2025/test_image/2022-06-28_11_18_14.kfb_1286.jpg,16,26,10,16,6,0.38461538461538464,0.625,0.4761904761904762,0,1,10200,16,26,26,5.452913815474608,7.032973861694336,0,4,1,1,0,0,3,13
p2p_proto_fusion_a0p10_best_paraffin_to_frozen,0,229,/home/data/yh_1/SET_3/p2p-src-zzh-2025/datasets/冰冻-2025/test_image/2022-06-28_11_21_44.kfb_2172.jpg,222,363,178,185,44,0.4903581267217631,0.8018018018018018,0.6085470085470085,0,1,10200,4,370,363,4.550060245094014,5.8609494412882945,0,30,10,4,0,3,30,152
p2p_proto_fusion_a0p10_best_paraffin_to_frozen,0,230,/home/data/yh_1/SET_3/p2p-src-zzh-2025/datasets/冰冻-2025/test_image/2022-06-28_11_20_39.kfb_1961.jpg,301,777,269,508,32,0.3462033462033462,0.893687707641196,0.4990723562152133,0,1,10200,1,781,777,4.295490257162533,5.447295458343394,0,19,11,2,0,4,59,445
p2p_proto_fusion_a0p10_best_paraffin_to_frozen,0,231,/home/data/yh_1/SET_3/p2p-src-zzh-2025/datasets/冰冻-2025/test_image/2022-06-28_11_20_39.kfb_590.jpg,137,286,105,181,32,0.36713286713286714,0.7664233576642335,0.4964539007092198,0,1,10200,0,286,286,4.801742387646707,6.123991121564595,0,19,12,1,0,1,18,162
p2p_proto_fusion_a0p10_best_paraffin_to_frozen,0,232,/home/data/yh_1/SET_3/p2p-src-zzh-2025/datasets/冰冻-2025/test_image/2022-06-28_11_20_39.kfb_2442.jpg,206,372,157,215,49,0.4220430107526882,0.7621359223300971,0.5432525951557093,0,1,10200,10,374,372,4.735577077656922,6.057315870455118,0,32,12,5,0,0,40,175
p2p_proto_fusion_a0p10_best_paraffin_to_frozen,0,233,/home/data/yh_1/SET_3/p2p-src-zzh-2025/datasets/冰冻-2025/test_image/2022-06-28_11_18_14.kfb_836.jpg,65,60,43,17,22,0.7166666666666667,0.6615384615384615,0.688,0,1,10200,16,61,60,3.929209040865673,5.006560924441313,0,11,11,0,0,0,3,14
p2p_proto_fusion_a0p10_best_paraffin_to_frozen,0,234,/home/data/yh_1/SET_3/p2p-src-zzh-2025/datasets/冰冻-2025/test_image/2022-06-28_11_21_44.kfb_1607.jpg,145,336,116,220,29,0.34523809523809523,0.8,0.4823284823284824,0,1,10200,7,338,336,4.798152597727958,6.088200614370149,0,22,6,1,0,2,25,193
p2p_proto_fusion_a0p10_best_paraffin_to_frozen,0,235,/home/data/yh_1/SET_3/p2p-src-zzh-2025/datasets/冰冻-2025/test_image/2022-06-28_11_21_44.kfb_1804.jpg,179,452,155,297,24,0.34292035398230086,0.8659217877094972,0.491283676703645,0,1,10200,15,463,452,4.577495610591581,5.8330999374389645,0,16,6,2,0,2,46,249
p2p_proto_fusion_a0p10_best_paraffin_to_frozen,0,236,/home/data/yh_1/SET_3/p2p-src-zzh-2025/datasets/冰冻-2025/test_image/2022-06-28_11_11_09.kfb_573.jpg,164,247,128,119,36,0.5182186234817814,0.7804878048780488,0.6228710462287105,0,1,10200,4,247,247,4.441348235900739,5.712560262531042,0,30,4,2,0,0,8,111
p2p_proto_fusion_a0p10_best_paraffin_to_frozen,0,237,/home/data/yh_1/SET_3/p2p-src-zzh-2025/datasets/冰冻-2025/test_image/2022-06-28_11_20_39.kfb_2123.jpg,262,515,221,294,41,0.429126213592233,0.8435114503816794,0.568854568854569,0,1,10200,0,523,515,4.881440479243343,6.190529957076543,0,21,15,5,0,1,52,241
p2p_proto_fusion_a0p10_best_paraffin_to_frozen,0,238,/home/data/yh_1/SET_3/p2p-src-zzh-2025/datasets/冰冻-2025/test_image/2022-06-28_11_21_44.kfb_735.jpg,286,427,227,200,59,0.531615925058548,0.7937062937062938,0.6367461430575035,0,1,10200,0,431,427,4.447775751684379,5.688144435966591,0,35,23,1,0,0,30,170
p2p_proto_fusion_a0p10_best_paraffin_to_frozen,0,239,/home/data/yh_1/SET_3/p2p-src-zzh-2025/datasets/冰冻-2025/test_image/2022-06-28_11_18_14.kfb_1326.jpg,132,123,76,47,56,0.6178861788617886,0.5757575757575758,0.596078431372549,0,1,10200,7,123,123,4.45740163863353,5.6931226629959895,0,47,8,1,0,2,6,39
p2p_proto_fusion_a0p10_best_paraffin_to_frozen,0,240,/home/data/yh_1/SET_3/p2p-src-zzh-2025/datasets/冰冻-2025/test_image/2022-06-28_11_12_06.kfb_867.jpg,0,690,0,0,0,0.0,0.0,0.0,1,0,10200,3,696,690,0.0,0.0,0,0,0,0,0,0,0,0
p2p_proto_fusion_a0p10_best_paraffin_to_frozen,0,241,/home/data/yh_1/SET_3/p2p-src-zzh-2025/datasets/冰冻-2025/test_image/2022-06-28_11_20_39.kfb_1119.jpg,175,338,140,198,35,0.41420118343195267,0.8,0.5458089668615984,0,1,10200,1,339,338,4.462555972084451,5.657141583306449,0,28,5,2,0,2,25,171
p2p_proto_fusion_a0p10_best_paraffin_to_frozen,0,242,/home/data/yh_1/SET_3/p2p-src-zzh-2025/datasets/冰冻-2025/test_image/2022-06-28_11_21_44.kfb_2318.jpg,276,535,238,297,38,0.44485981308411215,0.8623188405797102,0.5869297163995069,0,1,10200,6,541,535,5.070175144079889,6.510772960127858,0,21,11,6,0,1,52,244
p2p_proto_fusion_a0p10_best_paraffin_to_frozen,0,243,/home/data/yh_1/SET_3/p2p-src-zzh-2025/datasets/冰冻-2025/test_image/2022-06-28_11_11_09.kfb_1470.jpg,161,257,130,127,31,0.5058365758754864,0.8074534161490683,0.6220095693779905,0,1,10200,0,258,257,4.3468227975647435,5.498714868838973,0,21,8,2,0,1,17,109
p2p_proto_fusion_a0p10_best_paraffin_to_frozen,0,244,/home/data/yh_1/SET_3/p2p-src-zzh-2025/datasets/冰冻-2025/test_image/2022-06-28_11_21_44.kfb_406.jpg,202,348,169,179,33,0.48563218390804597,0.8366336633663366,0.6145454545454545,0,1,10200,5,355,348,4.987921351748681,6.309529002601581,0,25,6,2,0,2,22,155
p2p_proto_fusion_a0p10_best_paraffin_to_frozen,0,245,/home/data/yh_1/SET_3/p2p-src-zzh-2025/datasets/冰冻-2025/test_image/2022-06-28_11_21_44.kfb_1201.jpg,227,339,169,170,58,0.49852507374631266,0.7444933920704846,0.597173144876325,0,1,10200,3,341,339,4.8090406841896876,6.19022755368927,0,36,16,6,0,1,20,149
p2p_proto_fusion_a0p10_best_paraffin_to_frozen,0,246,/home/data/yh_1/SET_3/p2p-src-zzh-2025/datasets/冰冻-2025/test_image/2022-06-28_11_18_14.kfb_446.jpg,13,28,5,23,8,0.17857142857142858,0.38461538461538464,0.24390243902439027,0,1,10200,8,28,28,5.426080340809109,6.811633014678949,0,6,2,0,0,0,1,22
p2p_proto_fusion_a0p10_best_paraffin_to_frozen,0,247,/home/data/yh_1/SET_3/p2p-src-zzh-2025/datasets/冰冻-2025/test_image/2022-06-28_11_11_09.kfb_2470.jpg,63,112,48,64,15,0.42857142857142855,0.7619047619047619,0.5485714285714285,0,1,10200,8,112,112,4.317342410948931,5.313546508550646,0,11,2,2,0,0,13,51
p2p_proto_fusion_a0p10_best_paraffin_to_frozen,0,248,/home/data/yh_1/SET_3/p2p-src-zzh-2025/datasets/冰冻-2025/test_image/2022-06-28_11_18_14.kfb_609.jpg,71,75,53,22,18,0.7066666666666667,0.7464788732394366,0.7260273972602739,0,1,10200,9,77,75,4.406119404221545,5.4450925611100125,0,9,9,0,0,0,4,18
p2p_proto_fusion_a0p10_best_paraffin_to_frozen,0,249,/home/data/yh_1/SET_3/p2p-src-zzh-2025/datasets/冰冻-2025/test_image/2022-06-28_11_11_09.kfb_2166.jpg,7,14,3,11,4,0.21428571428571427,0.42857142857142855,0.2857142857142857,0,1,10200,10,14,14,6.651700216450287,8.96080462137858,0,4,0,0,0,0,0,11
p2p_proto_fusion_a0p10_best_paraffin_to_frozen,0,250,/home/data/yh_1/SET_3/p2p-src-zzh-2025/datasets/冰冻-2025/test_image/2022-06-28_11_20_39.kfb_2839.jpg,182,444,166,278,16,0.3738738738738739,0.9120879120879121,0.5303514376996805,0,1,10200,1,450,444,4.615320532561074,5.900627595832549,0,15,0,1,0,2,19,257
p2p_proto_fusion_a0p10_best_paraffin_to_frozen,0,251,/home/data/yh_1/SET_3/p2p-src-zzh-2025/datasets/冰冻-2025/test_image/2022-06-28_11_20_39.kfb_700.jpg,180,447,161,286,19,0.36017897091722595,0.8944444444444445,0.5135566188197767,0,1,10200,2,451,447,4.629097672397236,5.807367850534662,0,14,2,3,0,2,34,250
p2p_proto_fusion_a0p10_best_paraffin_to_frozen,0,252,/home/data/yh_1/SET_3/p2p-src-zzh-2025/datasets/冰冻-2025/test_image/2022-06-28_11_20_39.kfb_2280.jpg,223,507,190,317,33,0.3747534516765286,0.852017937219731,0.5205479452054795,0,1,10200,1,512,507,4.364854433314839,5.58355845526645,0,20,13,0,0,1,38,278
p2p_proto_fusion_a0p10_best_paraffin_to_frozen,0,253,/home/data/yh_1/SET_3/p2p-src-zzh-2025/datasets/冰冻-2025/test_image/2022-06-28_11_21_44.kfb_611.jpg,11,43,7,36,4,0.16279069767441862,0.6363636363636364,0.2592592592592593,0,1,10200,3,44,43,5.892622289840309,7.669818060738701,0,1,3,0,0,0,4,32
p2p_proto_fusion_a0p10_best_paraffin_to_frozen,0,254,/home/data/yh_1/SET_3/p2p-src-zzh-2025/datasets/冰冻-2025/test_image/2022-06-28_11_11_09.kfb_1873.jpg,60,134,50,84,10,0.373134328358209,0.8333333333333334,0.5154639175257731,0,1,10200,15,135,134,4.917377014643248,6.232082090377808,0,10,0,0,0,1,6,77
p2p_proto_fusion_a0p10_best_paraffin_to_frozen,0,255,/home/data/yh_1/SET_3/p2p-src-zzh-2025/datasets/冰冻-2025/test_image/2022-06-28_11_21_44.kfb_2173.jpg,180,246,127,119,53,0.516260162601626,0.7055555555555556,0.596244131455399,0,1,10200,0,250,246,4.881508830351407,6.171563591544086,0,39,12,2,0,1,14,104
p2p_proto_fusion_a0p10_best_paraffin_to_frozen,0,256,/home/data/yh_1/SET_3/p2p-src-zzh-2025/datasets/冰冻-2025/test_image/2022-06-28_11_18_14.kfb_924.jpg,103,85,58,27,45,0.6823529411764706,0.5631067961165048,0.6170212765957447,0,1,10200,2,87,85,3.869641881610296,4.99603217223595,0,38,7,0,0,0,1,26
p2p_proto_fusion_a0p10_best_paraffin_to_frozen,0,257,/home/data/yh_1/SET_3/p2p-src-zzh-2025/datasets/冰冻-2025/test_image/2022-06-28_11_21_44.kfb_1338.jpg,42,60,28,32,14,0.4666666666666667,0.6666666666666666,0.5490196078431373,0,1,10200,20,63,60,4.2902131609530825,5.361830796514239,0,13,1,0,0,0,1,31
p2p_proto_fusion_a0p10_best_paraffin_to_frozen,0,258,/home/data/yh_1/SET_3/p2p-src-zzh-2025/datasets/冰冻-2025/test_image/2022-06-28_11_21_44.kfb_1858.jpg,94,105,53,52,41,0.5047619047619047,0.5638297872340425,0.5326633165829145,0,1,10200,8,105,105,4.573306688675152,5.985703432335046,0,39,1,1,0,0,2,50
p2p_proto_fusion_a0p10_best_paraffin_to_frozen,0,259,/home/data/yh_1/SET_3/p2p-src-zzh-2025/datasets/冰冻-2025/test_image/2022-06-28_11_21_44.kfb_957.jpg,232,538,208,330,24,0.38661710037174724,0.896551724137931,0.5402597402597403,0,1,10200,3,541,538,4.655465962062333,5.9862470145408935,0,13,8,3,0,4,39,287
p2p_proto_fusion_a0p10_best_paraffin_to_frozen,0,260,/home/data/yh_1/SET_3/p2p-src-zzh-2025/datasets/冰冻-2025/test_image/2022-06-28_11_18_14.kfb_3233.jpg,64,102,47,55,17,0.46078431372549017,0.734375,0.5662650602409639,0,1,10200,19,102,102,3.495909783674683,4.510986125215573,0,13,3,1,0,0,8,47
p2p_proto_fusion_a0p10_best_paraffin_to_frozen,0,261,/home/data/yh_1/SET_3/p2p-src-zzh-2025/datasets/冰冻-2025/test_image/2022-06-28_11_20_39.kfb_1546.jpg,202,500,181,319,21,0.362,0.8960396039603961,0.5156695156695157,0,1,10200,2,506,500,4.356050875086108,5.640065347292147,0,10,8,3,0,1,45,273
p2p_proto_fusion_a0p10_best_paraffin_to_frozen,0,262,/home/data/yh_1/SET_3/p2p-src-zzh-2025/datasets/冰冻-2025/test_image/2022-06-28_11_21_44.kfb_1253.jpg,145,225,114,111,31,0.5066666666666667,0.7862068965517242,0.6162162162162163,0,1,10200,8,226,225,5.1987670331173055,6.767283590216386,0,28,3,0,0,3,7,101
p2p_proto_fusion_a0p10_best_paraffin_to_frozen,0,263,/home/data/yh_1/SET_3/p2p-src-zzh-2025/datasets/冰冻-2025/test_image/2022-06-28_11_11_09.kfb_880.jpg,0,25,0,0,0,0.0,0.0,0.0,1,0,10200,3,25,25,0.0,0.0,0,0,0,0,0,0,0,0
p2p_proto_fusion_a0p10_best_paraffin_to_frozen,0,264,/home/data/yh_1/SET_3/p2p-src-zzh-2025/datasets/冰冻-2025/test_image/2022-06-28_11_18_14.kfb_2739.jpg,38,64,30,34,8,0.46875,0.7894736842105263,0.5882352941176471,0,1,10200,11,64,64,3.9012921436084023,4.90053884188334,0,6,2,0,0,0,0,34
p2p_proto_fusion_a0p10_best_paraffin_to_frozen,0,265,/home/data/yh_1/SET_3/p2p-src-zzh-2025/datasets/冰冻-2025/test_image/2022-06-28_11_20_39.kfb_2275.jpg,345,700,316,384,29,0.4514285714285714,0.9159420289855073,0.6047846889952153,0,1,10200,1,706,700,4.684182951472386,6.014507150348228,0,15,12,2,0,5,75,304
p2p_proto_fusion_a0p10_best_paraffin_to_frozen,0,266,/home/data/yh_1/SET_3/p2p-src-zzh-2025/datasets/冰冻-2025/test_image/2022-06-28_11_11_09.kfb_888.jpg,0,95,0,0,0,0.0,0.0,0.0,1,0,10200,0,95,95,0.0,0.0,0,0,0,0,0,0,0,0
p2p_proto_fusion_a0p10_best_paraffin_to_frozen,0,267,/home/data/yh_1/SET_3/p2p-src-zzh-2025/datasets/冰冻-2025/test_image/2022-06-28_11_21_44.kfb_1742.jpg,239,533,217,316,22,0.4071294559099437,0.9079497907949791,0.5621761658031088,0,1,10200,8,543,533,4.476661553074848,5.753306975562451,0,15,6,1,0,4,41,271
p2p_proto_fusion_a0p10_best_paraffin_to_frozen,0,268,/home/data/yh_1/SET_3/p2p-src-zzh-2025/datasets/冰冻-2025/test_image/2022-06-28_11_21_44.kfb_1539.jpg,183,267,144,123,39,0.5393258426966292,0.7868852459016393,0.64,0,1,10200,8,270,267,4.494328807705077,5.7996448079745,0,29,10,0,0,1,13,109
p2p_proto_fusion_a0p10_best_paraffin_to_frozen,0,269,/home/data/yh_1/SET_3/p2p-src-zzh-2025/datasets/冰冻-2025/test_image/2022-06-28_11_21_44.kfb_1163.jpg,193,194,128,66,65,0.6597938144329897,0.6632124352331606,0.661498708010336,0,1,10200,12,195,194,4.653353453085465,5.928653784096239,0,56,8,1,0,0,10,56
p2p_proto_fusion_a0p10_best_paraffin_to_frozen,0,270,/home/data/yh_1/SET_3/p2p-src-zzh-2025/datasets/冰冻-2025/test_image/2022-06-28_11_21_44.kfb_889.jpg,317,465,260,205,57,0.5591397849462365,0.8201892744479495,0.6649616368286445,0,1,10200,5,469,465,4.444534905964857,5.671029858405771,0,33,22,2,0,2,35,168
p2p_proto_fusion_a0p10_best_paraffin_to_frozen,0,271,/home/data/yh_1/SET_3/p2p-src-zzh-2025/datasets/冰冻-2025/test_image/2022-06-28_11_20_39.kfb_1054.jpg,298,623,259,364,39,0.4157303370786517,0.8691275167785235,0.5624321389793702,0,1,10200,1,628,623,4.482072377158026,5.7388474232441675,0,22,16,1,0,1,62,301
p2p_proto_fusion_a0p10_best_paraffin_to_frozen,0,272,/home/data/yh_1/SET_3/p2p-src-zzh-2025/datasets/冰冻-2025/test_image/2022-06-28_11_21_44.kfb_959.jpg,278,597,244,353,34,0.40871021775544386,0.8776978417266187,0.5577142857142857,0,1,10200,3,612,597,4.353931306090043,5.626032882049433,0,22,9,3,0,4,67,282
p2p_proto_fusion_a0p10_best_paraffin_to_frozen,0,273,/home/data/yh_1/SET_3/p2p-src-zzh-2025/datasets/冰冻-2025/test_image/2022-06-28_11_11_09.kfb_2088.jpg,276,475,231,244,45,0.4863157894736842,0.8369565217391305,0.6151797603195739,0,1,10200,9,482,475,5.513278875579529,6.94616580938364,0,22,21,2,0,5,55,184
p2p_proto_fusion_a0p10_best_paraffin_to_frozen,0,274,/home/data/yh_1/SET_3/p2p-src-zzh-2025/datasets/冰冻-2025/test_image/2022-06-28_11_18_14.kfb_2070.jpg,206,315,177,138,29,0.5619047619047619,0.8592233009708737,0.6794625719769674,0,1,10200,1,320,315,4.614655357288729,5.958116868121477,0,15,13,1,0,0,28,110
p2p_proto_fusion_a0p10_best_paraffin_to_frozen,0,275,/home/data/yh_1/SET_3/p2p-src-zzh-2025/datasets/冰冻-2025/test_image/2022-06-28_11_11_09.kfb_885.jpg,0,74,0,0,0,0.0,0.0,0.0,1,0,10200,11,75,74,0.0,0.0,0,0,0,0,0,0,0,0
p2p_proto_fusion_a0p10_best_paraffin_to_frozen,0,276,/home/data/yh_1/SET_3/p2p-src-zzh-2025/datasets/冰冻-2025/test_image/2022-06-28_11_21_44.kfb_106.jpg,259,372,217,155,42,0.5833333333333334,0.8378378378378378,0.687797147385103,0,1,10200,1,377,372,4.6283122610278,5.92161619828044,0,32,8,2,0,1,27,127
p2p_proto_fusion_a0p10_best_paraffin_to_frozen,0,277,/home/data/yh_1/SET_3/p2p-src-zzh-2025/datasets/冰冻-2025/test_image/2022-06-28_11_11_09.kfb_1477.jpg,413,626,358,268,55,0.5718849840255591,0.8668280871670703,0.6891241578440808,0,1,10200,6,632,626,5.125889055225467,6.534817446543516,0,30,14,11,0,3,46,219
p2p_proto_fusion_a0p10_best_paraffin_to_frozen,0,278,/home/data/yh_1/SET_3/p2p-src-zzh-2025/datasets/冰冻-2025/test_image/2022-06-28_11_21_44.kfb_599.jpg,202,330,164,166,38,0.49696969696969695,0.8118811881188119,0.6165413533834587,0,1,10200,10,334,330,5.0184893419832655,6.366320229158171,0,22,15,1,0,5,40,121
p2p_proto_fusion_a0p10_best_paraffin_to_frozen,0,279,/home/data/yh_1/SET_3/p2p-src-zzh-2025/datasets/冰冻-2025/test_image/2022-06-28_11_21_44.kfb_1213.jpg,267,517,234,283,33,0.4526112185686654,0.8764044943820225,0.596938775510204,0,1,10200,0,529,517,4.849332206544723,6.225214918454487,0,17,12,4,0,5,66,212
p2p_proto_fusion_a0p10_best_paraffin_to_frozen,0,280,/home/data/yh_1/SET_3/p2p-src-zzh-2025/datasets/冰冻-2025/test_image/2022-06-28_11_21_44.kfb_973.jpg,250,444,204,240,46,0.4594594594594595,0.816,0.5878962536023055,0,1,10200,0,446,444,5.683701257131987,7.280274945146896,0,25,19,2,0,0,36,204
p2p_proto_fusion_a0p10_best_paraffin_to_frozen,0,281,/home/data/yh_1/SET_3/p2p-src-zzh-2025/datasets/冰冻-2025/test_image/2022-06-28_11_20_39.kfb_861.jpg,207,670,183,487,24,0.27313432835820894,0.8840579710144928,0.41733181299885974,0,1,10200,2,672,670,5.053359922854396,6.446038491087534,0,15,9,0,0,3,49,435
p2p_proto_fusion_a0p10_best_paraffin_to_frozen,0,282,/home/data/yh_1/SET_3/p2p-src-zzh-2025/datasets/冰冻-2025/test_image/2022-06-28_11_18_14.kfb_1163.jpg,34,54,22,32,12,0.4074074074074074,0.6470588235294118,0.5,0,1,10200,13,55,54,4.808134417065862,5.978113477880299,0,11,1,0,0,0,6,26
p2p_proto_fusion_a0p10_best_paraffin_to_frozen,0,283,/home/data/yh_1/SET_3/p2p-src-zzh-2025/datasets/冰冻-2025/test_image/2022-06-28_11_21_44.kfb_1952.jpg,267,355,194,161,73,0.5464788732394367,0.7265917602996255,0.6237942122186495,0,1,10200,3,356,355,4.419499789618214,5.5919012384316344,0,56,15,2,0,1,21,139
p2p_proto_fusion_a0p10_best_paraffin_to_frozen,0,284,/home/data/yh_1/SET_3/p2p-src-zzh-2025/datasets/冰冻-2025/test_image/2022-06-28_11_21_44.kfb_880.jpg,201,403,181,222,20,0.4491315136476427,0.900497512437811,0.5993377483443709,0,1,10200,0,408,403,5.238155332339657,6.68285501069127,0,14,6,0,0,8,39,175
p2p_proto_fusion_a0p10_best_paraffin_to_frozen,0,285,/home/data/yh_1/SET_3/p2p-src-zzh-2025/datasets/冰冻-2025/test_image/2022-06-28_11_20_39.kfb_1120.jpg,225,453,203,250,22,0.4481236203090508,0.9022222222222223,0.5988200589970502,0,1,10200,0,455,453,4.6133508194391535,5.908585798564215,0,12,10,0,0,5,48,197
p2p_proto_fusion_a0p10_best_paraffin_to_frozen,0,286,/home/data/yh_1/SET_3/p2p-src-zzh-2025/datasets/冰冻-2025/test_image/2022-06-28_11_21_44.kfb_1851.jpg,472,855,438,417,34,0.512280701754386,0.9279661016949152,0.6601356443104748,0,1,10200,4,864,855,4.473038524133937,5.680050930748246,0,13,15,6,0,3,87,327
p2p_proto_fusion_a0p10_best_paraffin_to_frozen,0,287,/home/data/yh_1/SET_3/p2p-src-zzh-2025/datasets/冰冻-2025/test_image/2022-06-28_11_12_06.kfb_3158.jpg,0,316,0,0,0,0.0,0.0,0.0,1,0,10200,4,317,316,0.0,0.0,0,0,0,0,0,0,0,0
p2p_proto_fusion_a0p10_best_paraffin_to_frozen,0,288,/home/data/yh_1/SET_3/p2p-src-zzh-2025/datasets/冰冻-2025/test_image/2022-06-28_11_21_44.kfb_1746.jpg,141,222,107,115,34,0.481981981981982,0.7588652482269503,0.5895316804407713,0,1,10200,2,222,222,5.317924477076865,6.747632522449313,0,28,5,1,0,1,13,101
p2p_proto_fusion_a0p10_best_paraffin_to_frozen,0,289,/home/data/yh_1/SET_3/p2p-src-zzh-2025/datasets/冰冻-2025/test_image/2022-06-28_11_21_44.kfb_1823.jpg,179,208,131,77,48,0.6298076923076923,0.7318435754189944,0.6770025839793281,0,1,10200,15,210,208,5.064536262518016,6.495262036796746,0,32,15,1,0,0,17,60
p2p_proto_fusion_a0p10_best_paraffin_to_frozen,0,290,/home/data/yh_1/SET_3/p2p-src-zzh-2025/datasets/冰冻-2025/test_image/2022-06-28_11_21_44.kfb_2064.jpg,132,291,108,183,24,0.3711340206185567,0.8181818181818182,0.5106382978723404,0,1,10200,18,294,291,5.212794618497875,6.637654860814412,0,11,12,1,0,0,22,161
p2p_proto_fusion_a0p10_best_paraffin_to_frozen,0,291,/home/data/yh_1/SET_3/p2p-src-zzh-2025/datasets/冰冻-2025/test_image/2022-06-28_11_18_14.kfb_1949.jpg,57,89,44,45,13,0.4943820224719101,0.7719298245614035,0.6027397260273972,0,1,10200,21,91,89,4.143043566123023,5.248023878444326,0,12,1,0,0,0,4,41
p2p_proto_fusion_a0p10_best_paraffin_to_frozen,0,292,/home/data/yh_1/SET_3/p2p-src-zzh-2025/datasets/冰冻-2025/test_image/2022-06-28_11_18_14.kfb_1408.jpg,181,223,137,86,44,0.6143497757847534,0.7569060773480663,0.6782178217821782,0,1,10200,5,223,223,4.0675095746490895,5.176280058213393,0,30,12,2,0,2,14,70
p2p_proto_fusion_a0p10_best_paraffin_to_frozen,0,293,/home/data/yh_1/SET_3/p2p-src-zzh-2025/datasets/冰冻-2025/test_image/2022-06-28_11_21_44.kfb_1493.jpg,114,119,71,48,43,0.5966386554621849,0.6228070175438597,0.6094420600858369,0,1,10200,7,120,119,4.426114989306644,5.509699609917657,0,32,9,2,0,0,13,35
p2p_proto_fusion_a0p10_best_paraffin_to_frozen,0,294,/home/data/yh_1/SET_3/p2p-src-zzh-2025/datasets/冰冻-2025/test_image/2022-06-28_11_20_39.kfb_1015.jpg,183,466,153,313,30,0.3283261802575107,0.8360655737704918,0.4714946070878275,0,1,10200,3,471,466,5.183153275737748,6.558295168907814,0,17,12,1,0,2,44,267
p2p_proto_fusion_a0p10_best_paraffin_to_frozen,0,295,/home/data/yh_1/SET_3/p2p-src-zzh-2025/datasets/冰冻-2025/test_image/2022-06-28_11_21_44.kfb_2143.jpg,121,187,88,99,33,0.47058823529411764,0.7272727272727273,0.5714285714285714,0,1,10200,1,188,187,5.188657666919313,6.606423746455794,0,22,10,1,0,1,11,87
p2p_proto_fusion_a0p10_best_paraffin_to_frozen,0,296,/home/data/yh_1/SET_3/p2p-src-zzh-2025/datasets/冰冻-2025/test_image/2022-06-28_11_18_14.kfb_601.jpg,64,68,40,28,24,0.5882352941176471,0.625,0.6060606060606061,0,1,10200,5,69,68,4.0635687975501735,5.2284948587417635,0,20,3,1,0,0,2,26
p2p_proto_fusion_a0p10_best_paraffin_to_frozen,0,297,/home/data/yh_1/SET_3/p2p-src-zzh-2025/datasets/冰冻-2025/test_image/2022-06-28_11_20_39.kfb_2820.jpg,79,318,70,248,9,0.22012578616352202,0.8860759493670886,0.3526448362720403,0,1,10200,3,321,318,5.027314185367741,6.3693950516836955,0,8,1,0,0,0,12,236
p2p_proto_fusion_a0p10_best_paraffin_to_frozen,0,298,/home/data/yh_1/SET_3/p2p-src-zzh-2025/datasets/冰冻-2025/test_image/2022-06-28_11_20_39.kfb_995.jpg,74,222,59,163,15,0.26576576576576577,0.7972972972972973,0.39864864864864863,0,1,10200,3,222,222,4.721884653231591,5.950021638708598,0,10,5,0,0,0,15,148
p2p_proto_fusion_a0p10_best_paraffin_to_frozen,0,299,/home/data/yh_1/SET_3/p2p-src-zzh-2025/datasets/冰冻-2025/test_image/2022-06-28_11_11_09.kfb_2128.jpg,235,325,198,127,37,0.6092307692307692,0.8425531914893617,0.7071428571428572,0,1,10200,4,326,325,4.928983945702985,6.267575345858181,0,24,12,1,0,2,30,95
p2p_proto_fusion_a0p10_best_paraffin_to_frozen,0,300,/home/data/yh_1/SET_3/p2p-src-zzh-2025/datasets/冰冻-2025/test_image/2022-06-28_11_21_44.kfb_2223.jpg,180,258,132,126,48,0.5116279069767442,0.7333333333333333,0.6027397260273971,0,1,10200,2,263,258,5.224057204499821,6.6851024627685565,0,37,10,1,0,2,21,103
p2p_proto_fusion_a0p10_best_paraffin_to_frozen,0,301,/home/data/yh_1/SET_3/p2p-src-zzh-2025/datasets/冰冻-2025/test_image/2022-06-28_11_20_39.kfb_923.jpg,115,249,93,156,22,0.37349397590361444,0.808695652173913,0.510989010989011,0,1,10200,5,251,249,4.8451855791830445,6.140073976209087,0,13,5,4,0,0,13,143
p2p_proto_fusion_a0p10_best_paraffin_to_frozen,0,302,/home/data/yh_1/SET_3/p2p-src-zzh-2025/datasets/冰冻-2025/test_image/2022-06-28_11_20_39.kfb_1035.jpg,148,274,119,155,29,0.4343065693430657,0.8040540540540541,0.5639810426540285,0,1,10200,5,274,274,5.024466231638951,6.456348222844743,0,18,11,0,0,2,27,126
p2p_proto_fusion_a0p10_best_paraffin_to_frozen,0,303,/home/data/yh_1/SET_3/p2p-src-zzh-2025/datasets/冰冻-2025/test_image/2022-06-28_11_21_44.kfb_260.jpg,279,404,218,186,61,0.5396039603960396,0.7813620071684588,0.6383601756954613,0,1,10200,2,411,404,5.15728022075735,6.510765095369528,0,37,19,5,0,0,33,153
p2p_proto_fusion_a0p10_best_paraffin_to_frozen,0,304,/home/data/yh_1/SET_3/p2p-src-zzh-2025/datasets/冰冻-2025/test_image/2022-06-28_11_21_44.kfb_2446.jpg,115,127,65,62,50,0.5118110236220472,0.5652173913043478,0.5371900826446281,0,1,10200,1,127,127,5.294709146157595,6.838066379839015,0,39,10,1,0,0,6,56
p2p_proto_fusion_a0p10_best_paraffin_to_frozen,0,305,/home/data/yh_1/SET_3/p2p-src-zzh-2025/datasets/冰冻-2025/test_image/2022-06-28_11_18_14.kfb_3150.jpg,37,58,24,34,13,0.41379310344827586,0.6486486486486487,0.5052631578947369,0,1,10200,18,60,58,3.3139858092663244,4.231459180514013,0,11,2,0,0,0,1,33
p2p_proto_fusion_a0p10_best_paraffin_to_frozen,0,306,/home/data/yh_1/SET_3/p2p-src-zzh-2025/datasets/冰冻-2025/test_image/2022-06-28_11_21_44.kfb_1116.jpg,278,504,223,281,55,0.44246031746031744,0.802158273381295,0.5703324808184143,0,1,10200,2,507,504,5.254107382321791,6.654231971689403,0,34,19,2,0,4,46,231
p2p_proto_fusion_a0p10_best_paraffin_to_frozen,0,307,/home/data/yh_1/SET_3/p2p-src-zzh-2025/datasets/冰冻-2025/test_image/2022-06-28_11_11_09.kfb_2332.jpg,15,66,14,52,1,0.21212121212121213,0.9333333333333333,0.345679012345679,0,1,10200,11,67,66,4.7017054372853195,6.112066268920897,0,1,0,0,0,0,0,52
p2p_proto_fusion_a0p10_best_paraffin_to_frozen,0,308,/home/data/yh_1/SET_3/p2p-src-zzh-2025/datasets/冰冻-2025/test_image/2022-06-28_11_11_09.kfb_2156.jpg,242,351,191,160,51,0.5441595441595442,0.7892561983471075,0.6441821247892073,0,1,10200,6,355,351,5.245381540593985,6.696088119327085,0,32,16,3,0,2,38,120
p2p_proto_fusion_a0p10_best_paraffin_to_frozen,0,309,/home/data/yh_1/SET_3/p2p-src-zzh-2025/datasets/冰冻-2025/test_image/2022-06-28_11_21_44.kfb_1650.jpg,113,203,84,119,29,0.41379310344827586,0.7433628318584071,0.5316455696202531,0,1,10200,26,205,203,5.110873920324043,6.548826194944835,0,21,7,1,0,0,18,101
p2p_proto_fusion_a0p10_best_paraffin_to_frozen,0,310,/home/data/yh_1/SET_3/p2p-src-zzh-2025/datasets/冰冻-2025/test_image/2022-06-28_11_21_44.kfb_2600.jpg,114,121,57,64,57,0.47107438016528924,0.5,0.4851063829787234,0,1,10200,1,122,121,5.05126232840588,6.356195896625243,0,53,4,0,0,1,6,57
p2p_proto_fusion_a0p10_best_paraffin_to_frozen,0,311,/home/data/yh_1/SET_3/p2p-src-zzh-2025/datasets/冰冻-2025/test_image/2022-06-28_11_11_09.kfb_601.jpg,0,33,0,0,0,0.0,0.0,0.0,1,0,10200,14,34,33,0.0,0.0,0,0,0,0,0,0,0,0
p2p_proto_fusion_a0p10_best_paraffin_to_frozen,0,312,/home/data/yh_1/SET_3/p2p-src-zzh-2025/datasets/冰冻-2025/test_image/2022-06-28_11_11_09.kfb_2367.jpg,5,32,4,28,1,0.125,0.8,0.21621621621621623,0,1,10200,5,32,32,4.845269257379769,6.301100730895996,0,0,1,0,0,0,1,27
p2p_proto_fusion_a0p10_best_paraffin_to_frozen,0,313,/home/data/yh_1/SET_3/p2p-src-zzh-2025/datasets/冰冻-2025/test_image/2022-06-28_11_21_44.kfb_727.jpg,370,603,311,292,59,0.5157545605306799,0.8405405405405405,0.6392600205549845,0,1,10200,4,611,603,5.279231863588077,6.667708645296249,0,33,17,9,0,6,58,228
p2p_proto_fusion_a0p10_best_paraffin_to_frozen,0,314,/home/data/yh_1/SET_3/p2p-src-zzh-2025/datasets/冰冻-2025/test_image/2022-06-28_11_11_09.kfb_2355.jpg,113,169,82,87,31,0.48520710059171596,0.7256637168141593,0.5815602836879432,0,1,10200,10,172,169,4.143267678425052,5.2544373797207395,0,25,6,0,0,1,14,72
p2p_proto_fusion_a0p10_best_paraffin_to_frozen,0,315,/home/data/yh_1/SET_3/p2p-src-zzh-2025/datasets/冰冻-2025/test_image/2022-06-28_11_21_44.kfb_2165.jpg,149,288,109,179,40,0.3784722222222222,0.7315436241610739,0.4988558352402746,0,1,10200,3,290,288,5.330287279462783,6.777932670138301,0,33,7,0,0,2,19,158
p2p_proto_fusion_a0p10_best_paraffin_to_frozen,0,316,/home/data/yh_1/SET_3/p2p-src-zzh-2025/datasets/冰冻-2025/test_image/2022-06-28_11_21_44.kfb_2543.jpg,195,468,174,294,21,0.3717948717948718,0.8923076923076924,0.5248868778280544,0,1,10200,16,474,468,4.8024696729124186,6.115379292389441,0,11,5,5,0,1,42,251
p2p_proto_fusion_a0p10_best_paraffin_to_frozen,0,317,/home/data/yh_1/SET_3/p2p-src-zzh-2025/datasets/冰冻-2025/test_image/2022-06-28_11_20_39.kfb_1913.jpg,122,204,95,109,27,0.46568627450980393,0.7786885245901639,0.5828220858895705,0,1,10200,3,205,204,5.172115675178073,6.569976962240117,0,24,2,1,0,2,5,102
p2p_proto_fusion_a0p10_best_paraffin_to_frozen,0,318,/home/data/yh_1/SET_3/p2p-src-zzh-2025/datasets/冰冻-2025/test_image/2022-06-28_11_20_39.kfb_965.jpg,91,111,60,51,31,0.5405405405405406,0.6593406593406593,0.5940594059405939,0,1,10200,9,111,111,4.3222340686463605,5.570934565862026,0,25,5,1,0,1,3,47
p2p_proto_fusion_a0p10_best_paraffin_to_frozen,0,319,/home/data/yh_1/SET_3/p2p-src-zzh-2025/datasets/冰冻-2025/test_image/2022-06-28_11_20_39.kfb_2985.jpg,104,377,91,286,13,0.2413793103448276,0.875,0.3783783783783784,0,1,10200,3,381,377,4.379413782305304,5.5208762871040085,0,9,3,1,0,0,19,267
p2p_proto_fusion_a0p10_best_paraffin_to_frozen,0,320,/home/data/yh_1/SET_3/p2p-src-zzh-2025/datasets/冰冻-2025/test_image/2022-06-28_11_20_39.kfb_1625.jpg,258,526,230,296,28,0.4372623574144487,0.8914728682170543,0.5867346938775511,0,1,10200,0,531,526,4.958544018281474,6.37655340951422,0,17,9,2,0,0,48,248
p2p_proto_fusion_a0p10_best_paraffin_to_frozen,0,321,/home/data/yh_1/SET_3/p2p-src-zzh-2025/datasets/冰冻-2025/test_image/2022-06-28_11_21_44.kfb_2234.jpg,244,406,185,221,59,0.45566502463054187,0.7581967213114754,0.5692307692307692,0,1,10200,2,407,406,4.964374499080746,6.418773441056945,0,37,18,4,0,3,36,182
p2p_proto_fusion_a0p10_best_paraffin_to_frozen,0,322,/home/data/yh_1/SET_3/p2p-src-zzh-2025/datasets/冰冻-2025/test_image/2022-06-28_11_18_14.kfb_753.jpg,135,188,102,86,33,0.5425531914893617,0.7555555555555555,0.631578947368421,0,1,10200,3,190,188,4.815852032147018,6.127211897980939,0,18,14,1,0,1,15,70
p2p_proto_fusion_a0p10_best_paraffin_to_frozen,0,323,/home/data/yh_1/SET_3/p2p-src-zzh-2025/datasets/冰冻-2025/test_image/2022-06-28_11_11_09.kfb_719.jpg,257,361,189,172,68,0.5235457063711911,0.7354085603112841,0.6116504854368932,0,1,10200,3,362,361,4.856810239237958,6.155431071286479,0,46,18,4,0,3,28,141
p2p_proto_fusion_a0p10_best_paraffin_to_frozen,0,324,/home/data/yh_1/SET_3/p2p-src-zzh-2025/datasets/冰冻-2025/test_image/2022-06-28_11_21_44.kfb_2116.jpg,174,348,142,206,32,0.40804597701149425,0.8160919540229885,0.5440613026819924,0,1,10200,9,350,348,4.994392379146443,6.383870225557137,0,18,14,0,0,1,17,188
p2p_proto_fusion_a0p10_best_paraffin_to_frozen,0,325,/home/data/yh_1/SET_3/p2p-src-zzh-2025/datasets/冰冻-2025/test_image/2022-06-28_11_21_44.kfb_662.jpg,378,476,304,172,74,0.6386554621848739,0.8042328042328042,0.711943793911007,0,1,10200,4,483,476,4.6328021838199644,5.9339034749489095,0,51,19,4,0,1,30,141
p2p_proto_fusion_a0p10_best_paraffin_to_frozen,0,326,/home/data/yh_1/SET_3/p2p-src-zzh-2025/datasets/冰冻-2025/test_image/2022-06-28_11_21_44.kfb_1284.jpg,207,296,172,124,35,0.581081081081081,0.8309178743961353,0.68389662027833,0,1,10200,4,298,296,4.856405709743959,6.237464774486631,0,27,7,1,0,2,15,107
p2p_proto_fusion_a0p10_best_paraffin_to_frozen,0,327,/home/data/yh_1/SET_3/p2p-src-zzh-2025/datasets/冰冻-2025/test_image/2022-06-28_11_12_06.kfb_2396.jpg,0,597,0,0,0,0.0,0.0,0.0,1,0,10200,1,602,597,0.0,0.0,0,0,0,0,0,0,0,0
p2p_proto_fusion_a0p10_best_paraffin_to_frozen,0,328,/home/data/yh_1/SET_3/p2p-src-zzh-2025/datasets/冰冻-2025/test_image/2022-06-28_11_20_39.kfb_1029.jpg,349,544,302,242,47,0.5551470588235294,0.8653295128939829,0.6763717805151176,0,1,10200,2,548,544,4.560694440185912,5.8345758007062205,0,31,16,0,0,8,41,193
p2p_proto_fusion_a0p10_best_paraffin_to_frozen,0,329,/home/data/yh_1/SET_3/p2p-src-zzh-2025/datasets/冰冻-2025/test_image/2022-06-28_11_18_14.kfb_3138.jpg,18,28,14,14,4,0.5,0.7777777777777778,0.6086956521739131,0,1,10200,12,28,28,4.507255314601461,5.647250447954447,0,3,1,0,0,0,1,13
p2p_proto_fusion_a0p10_best_paraffin_to_frozen,0,330,/home/data/yh_1/SET_3/p2p-src-zzh-2025/datasets/冰冻-2025/test_image/2022-06-28_11_20_39.kfb_637.jpg,247,371,219,152,28,0.5902964959568733,0.8866396761133604,0.7087378640776699,0,1,10200,8,374,371,4.541025001579254,5.841381129608852,0,18,10,0,0,2,35,115
p2p_proto_fusion_a0p10_best_paraffin_to_frozen,0,331,/home/data/yh_1/SET_3/p2p-src-zzh-2025/datasets/冰冻-2025/test_image/2022-06-28_11_20_39.kfb_1914.jpg,106,198,80,118,26,0.40404040404040403,0.7547169811320755,0.5263157894736843,0,1,10200,8,199,198,4.666615440577351,6.062029057741162,0,24,1,1,0,0,12,106
p2p_proto_fusion_a0p10_best_paraffin_to_frozen,0,332,/home/data/yh_1/SET_3/p2p-src-zzh-2025/datasets/冰冻-2025/test_image/2022-06-28_11_20_39.kfb_1319.jpg,131,398,117,281,14,0.29396984924623115,0.8931297709923665,0.44234404536861993,0,1,10200,12,404,398,4.748974683260968,5.9380687485393295,0,8,5,1,0,0,24,257
p2p_proto_fusion_a0p10_best_paraffin_to_frozen,0,333,/home/data/yh_1/SET_3/p2p-src-zzh-2025/datasets/冰冻-2025/test_image/2022-06-28_11_20_39.kfb_1085.jpg,72,139,55,84,17,0.39568345323741005,0.7638888888888888,0.5213270142180095,0,1,10200,12,139,139,5.196634596936723,6.657211086966781,0,14,3,0,0,0,5,79
p2p_proto_fusion_a0p10_best_paraffin_to_frozen,0,334,/home/data/yh_1/SET_3/p2p-src-zzh-2025/datasets/冰冻-2025/test_image/2022-06-28_11_21_44.kfb_2193.jpg,183,403,144,259,39,0.3573200992555831,0.7868852459016393,0.49146757679180886,0,1,10200,2,405,403,4.799864570635918,6.042281404137608,0,20,15,4,0,2,23,234
p2p_proto_fusion_a0p10_best_paraffin_to_frozen,0,335,/home/data/yh_1/SET_3/p2p-src-zzh-2025/datasets/冰冻-2025/test_image/2022-06-28_11_21_44.kfb_1261.jpg,173,314,149,165,24,0.4745222929936306,0.861271676300578,0.6119096509240246,0,1,10200,3,317,314,4.791209076710735,6.090866552903345,0,10,10,4,0,2,33,130
p2p_proto_fusion_a0p10_best_paraffin_to_frozen,0,336,/home/data/yh_1/SET_3/p2p-src-zzh-2025/datasets/冰冻-2025/test_image/2022-06-28_11_20_39.kfb_842.jpg,139,262,117,145,22,0.44656488549618323,0.841726618705036,0.5835411471321696,0,1,10200,2,263,262,4.499357594462079,5.700831971616829,0,18,4,0,0,2,11,132
p2p_proto_fusion_a0p10_best_paraffin_to_frozen,0,337,/home/data/yh_1/SET_3/p2p-src-zzh-2025/datasets/冰冻-2025/test_image/2022-06-28_11_11_09.kfb_648.jpg,0,371,0,0,0,0.0,0.0,0.0,1,0,10200,4,374,371,0.0,0.0,0,0,0,0,0,0,0,0
p2p_proto_fusion_a0p10_best_paraffin_to_frozen,0,338,/home/data/yh_1/SET_3/p2p-src-zzh-2025/datasets/冰冻-2025/test_image/2022-06-28_11_21_44.kfb_1751.jpg,476,691,422,269,54,0.6107091172214182,0.8865546218487395,0.7232219365895457,0,1,10200,1,706,691,4.609383789456257,5.864642142119566,0,31,18,5,0,5,76,188
p2p_proto_fusion_a0p10_best_paraffin_to_frozen,0,339,/home/data/yh_1/SET_3/p2p-src-zzh-2025/datasets/冰冻-2025/test_image/2022-06-28_11_20_39.kfb_1116.jpg,151,265,122,143,29,0.46037735849056605,0.8079470198675497,0.5865384615384616,0,1,10200,5,267,265,4.461723384900358,5.744520287044711,0,19,10,0,0,1,19,123
p2p_proto_fusion_a0p10_best_paraffin_to_frozen,0,340,/home/data/yh_1/SET_3/p2p-src-zzh-2025/datasets/冰冻-2025/test_image/2022-06-28_11_11_09.kfb_881.jpg,36,73,27,46,9,0.3698630136986301,0.75,0.4954128440366973,0,1,10200,3,76,73,4.756873070846168,6.134213447570804,0,6,2,1,0,1,4,41
p2p_proto_fusion_a0p10_best_paraffin_to_frozen,0,341,/home/data/yh_1/SET_3/p2p-src-zzh-2025/datasets/冰冻-2025/test_image/2022-06-28_11_21_44.kfb_1101.jpg,266,377,222,155,44,0.5888594164456233,0.8345864661654135,0.6905132192846035,0,1,10200,9,384,377,4.69542635010658,5.939836912326983,0,25,15,4,0,1,32,122
p2p_proto_fusion_a0p10_best_paraffin_to_frozen,0,342,/home/data/yh_1/SET_3/p2p-src-zzh-2025/datasets/冰冻-2025/test_image/2022-06-28_11_11_09.kfb_446.jpg,12,57,10,47,2,0.17543859649122806,0.8333333333333334,0.28985507246376807,0,1,10200,3,57,57,4.778225467972669,5.953069305419933,0,2,0,0,0,0,2,45
p2p_proto_fusion_a0p10_best_paraffin_to_frozen,0,343,/home/data/yh_1/SET_3/p2p-src-zzh-2025/datasets/冰冻-2025/test_image/2022-06-28_11_18_14.kfb_206.jpg,125,129,89,40,36,0.689922480620155,0.712,0.700787401574803,0,1,10200,6,130,129,4.784113593851833,6.087309065829502,0,22,13,1,0,1,7,32
p2p_proto_fusion_a0p10_best_paraffin_to_frozen,0,344,/home/data/yh_1/SET_3/p2p-src-zzh-2025/datasets/冰冻-2025/test_image/2022-06-28_11_11_09.kfb_1747.jpg,163,265,131,134,32,0.49433962264150944,0.803680981595092,0.6121495327102805,0,1,10200,4,270,265,4.820848781924254,6.1021912498328525,0,20,11,1,0,0,22,112
p2p_proto_fusion_a0p10_best_paraffin_to_frozen,0,345,/home/data/yh_1/SET_3/p2p-src-zzh-2025/datasets/冰冻-2025/test_image/2022-06-28_11_21_44.kfb_2122.jpg,127,268,98,170,29,0.3656716417910448,0.7716535433070866,0.4962025316455696,0,1,10200,2,270,268,4.68020216207333,6.036468058216329,0,18,10,1,0,0,19,151
p2p_proto_fusion_a0p10_best_paraffin_to_frozen,0,346,/home/data/yh_1/SET_3/p2p-src-zzh-2025/datasets/冰冻-2025/test_image/2022-06-28_11_11_09.kfb_1127.jpg,81,356,66,290,15,0.1853932584269663,0.8148148148148148,0.30205949656750575,0,1,10200,11,361,356,5.1379285309975105,6.593616615642203,0,7,5,3,0,1,16,273
p2p_proto_fusion_a0p10_best_paraffin_to_frozen,0,347,/home/data/yh_1/SET_3/p2p-src-zzh-2025/datasets/冰冻-2025/test_image/2022-06-28_11_21_44.kfb_2465.jpg,225,595,201,394,24,0.3378151260504202,0.8933333333333333,0.4902439024390245,0,1,10200,5,603,595,4.5200263259324,5.703663057355736,0,12,10,2,0,1,41,352
p2p_proto_fusion_a0p10_best_paraffin_to_frozen,0,348,/home/data/yh_1/SET_3/p2p-src-zzh-2025/datasets/冰冻-2025/test_image/2022-06-28_11_11_09.kfb_1537.jpg,162,212,124,88,38,0.5849056603773585,0.7654320987654321,0.6631016042780749,0,1,10200,0,213,212,4.744277214053761,6.008558398292909,0,25,12,1,0,1,11,76
p2p_proto_fusion_a0p10_best_paraffin_to_frozen,0,349,/home/data/yh_1/SET_3/p2p-src-zzh-2025/datasets/冰冻-2025/test_image/2022-06-28_11_20_39.kfb_436.jpg,137,225,110,115,27,0.4888888888888889,0.8029197080291971,0.6077348066298343,0,1,10200,12,227,225,4.2918227400636555,5.532622025229716,0,18,9,0,0,0,15,100
p2p_proto_fusion_a0p10_best_paraffin_to_frozen,0,350,/home/data/yh_1/SET_3/p2p-src-zzh-2025/datasets/冰冻-2025/test_image/2022-06-28_11_18_14.kfb_1130.jpg,6,21,3,18,3,0.14285714285714285,0.5,0.22222222222222224,0,1,10200,8,22,21,4.164936472661837,5.310436884562175,0,3,0,0,0,0,0,18
p2p_proto_fusion_a0p10_best_paraffin_to_frozen,0,351,/home/data/yh_1/SET_3/p2p-src-zzh-2025/datasets/冰冻-2025/test_image/2022-06-28_11_20_39.kfb_1533.jpg,412,726,370,356,42,0.509641873278237,0.8980582524271845,0.6502636203866433,0,1,10200,3,736,726,5.1450399272075495,6.504241296407337,0,20,20,2,0,4,80,272
p2p_proto_fusion_a0p10_best_paraffin_to_frozen,0,352,/home/data/yh_1/SET_3/p2p-src-zzh-2025/datasets/冰冻-2025/test_image/2022-06-28_11_11_09.kfb_603.jpg,0,80,0,0,0,0.0,0.0,0.0,1,0,10200,53,80,80,0.0,0.0,0,0,0,0,0,0,0,0
p2p_proto_fusion_a0p10_best_paraffin_to_frozen,0,353,/home/data/yh_1/SET_3/p2p-src-zzh-2025/datasets/冰冻-2025/test_image/2022-06-28_11_20_39.kfb_2108.jpg,339,537,282,255,57,0.5251396648044693,0.831858407079646,0.6438356164383562,0,1,10200,1,541,537,4.84637589317,6.169747464200282,0,38,18,1,0,1,43,211
p2p_proto_fusion_a0p10_best_paraffin_to_frozen,0,354,/home/data/yh_1/SET_3/p2p-src-zzh-2025/datasets/冰冻-2025/test_image/2022-06-28_11_20_39.kfb_2834.jpg,79,171,64,107,15,0.3742690058479532,0.810126582278481,0.5120000000000001,0,1,10200,10,175,171,5.0000777359815105,6.338141024112703,0,13,2,0,0,0,8,99
p2p_proto_fusion_a0p10_best_paraffin_to_frozen,0,355,/home/data/yh_1/SET_3/p2p-src-zzh-2025/datasets/冰冻-2025/test_image/2022-06-28_11_20_39.kfb_2351.jpg,129,209,99,110,30,0.47368421052631576,0.7674418604651163,0.5857988165680473,0,1,10200,6,211,209,4.170070693699557,5.449470809011748,0,23,4,3,0,1,14,95
p2p_proto_fusion_a0p10_best_paraffin_to_frozen,0,356,/home/data/yh_1/SET_3/p2p-src-zzh-2025/datasets/冰冻-2025/test_image/2022-06-28_11_18_14.kfb_285.jpg,120,135,87,48,33,0.6444444444444445,0.725,0.6823529411764706,0,1,10200,6,136,135,4.814854936714418,6.058791977235639,0,26,7,0,0,1,16,31
p2p_proto_fusion_a0p10_best_paraffin_to_frozen,0,357,/home/data/yh_1/SET_3/p2p-src-zzh-2025/datasets/冰冻-2025/test_image/2022-06-28_11_21_44.kfb_2154.jpg,390,600,317,283,73,0.5283333333333333,0.8128205128205128,0.6404040404040404,0,1,10200,1,606,600,4.6703912050525895,5.954470876639572,0,39,31,3,0,1,59,223
p2p_proto_fusion_a0p10_best_paraffin_to_frozen,0,358,/home/data/yh_1/SET_3/p2p-src-zzh-2025/datasets/冰冻-2025/test_image/2022-06-28_11_11_09.kfb_2323.jpg,27,45,21,24,6,0.4666666666666667,0.7777777777777778,0.5833333333333334,0,1,10200,5,46,45,5.436031939020848,6.819023132324216,0,6,0,0,0,0,0,24
p2p_proto_fusion_a0p10_best_paraffin_to_frozen,0,359,/home/data/yh_1/SET_3/p2p-src-zzh-2025/datasets/冰冻-2025/test_image/2022-06-28_11_11_09.kfb_1834.jpg,19,99,14,85,5,0.1414141414141414,0.7368421052631579,0.23728813559322032,0,1,10200,10,100,99,6.310748934437773,8.097802162170408,0,3,2,0,0,0,6,79
p2p_proto_fusion_a0p10_best_paraffin_to_frozen,0,360,/home/data/yh_1/SET_3/p2p-src-zzh-2025/datasets/冰冻-2025/test_image/2022-06-28_11_20_39.kfb_1793.jpg,238,438,196,242,42,0.4474885844748858,0.8235294117647058,0.5798816568047336,0,1,10200,1,444,438,4.978144837290596,6.384777307510373,0,27,14,1,0,1,21,220
p2p_proto_fusion_a0p10_best_paraffin_to_frozen,0,361,/home/data/yh_1/SET_3/p2p-src-zzh-2025/datasets/冰冻-2025/test_image/2022-06-28_11_20_39.kfb_691.jpg,275,482,220,262,55,0.45643153526970953,0.8,0.5812417437252313,0,1,10200,1,488,482,4.40886842929422,5.582005188681864,0,34,21,0,0,1,38,223
p2p_proto_fusion_a0p10_best_paraffin_to_frozen,0,362,/home/data/yh_1/SET_3/p2p-src-zzh-2025/datasets/冰冻-2025/test_image/2022-06-28_11_20_39.kfb_1378.jpg,73,147,58,89,15,0.3945578231292517,0.7945205479452054,0.5272727272727272,0,1,10200,2,151,147,3.6009196919572215,4.579696367526877,0,13,2,0,0,0,9,80
p2p_proto_fusion_a0p10_best_paraffin_to_frozen,0,363,/home/data/yh_1/SET_3/p2p-src-zzh-2025/datasets/冰冻-2025/test_image/2022-06-28_11_20_39.kfb_362.jpg,40,64,27,37,13,0.421875,0.675,0.5192307692307693,0,1,10200,8,66,64,4.152454875911,5.161600430806479,0,9,2,2,0,0,1,36
p2p_proto_fusion_a0p10_best_paraffin_to_frozen,0,364,/home/data/yh_1/SET_3/p2p-src-zzh-2025/datasets/冰冻-2025/test_image/2022-06-28_11_20_39.kfb_2353.jpg,238,375,203,172,35,0.5413333333333333,0.8529411764705882,0.6623164763458401,0,1,10200,4,379,375,4.19437518868679,5.3665353030406795,0,26,7,2,0,2,34,136
p2p_proto_fusion_a0p10_best_paraffin_to_frozen,0,365,/home/data/yh_1/SET_3/p2p-src-zzh-2025/datasets/冰冻-2025/test_image/2022-06-28_11_21_44.kfb_1613.jpg,152,299,126,173,26,0.4214046822742475,0.8289473684210527,0.5587583148558759,0,1,10200,7,304,299,4.511718943538207,5.822852028740777,0,20,5,1,0,1,26,146
p2p_proto_fusion_a0p10_best_paraffin_to_frozen,0,366,/home/data/yh_1/SET_3/p2p-src-zzh-2025/datasets/冰冻-2025/test_image/2022-06-28_11_21_44.kfb_1491.jpg,284,434,239,195,45,0.5506912442396313,0.8415492957746479,0.6657381615598886,0,1,10200,3,438,434,4.582892188125304,5.783101763186594,0,27,18,0,0,2,36,157
p2p_proto_fusion_a0p10_best_paraffin_to_frozen,0,367,/home/data/yh_1/SET_3/p2p-src-zzh-2025/datasets/冰冻-2025/test_image/2022-06-28_11_20_39.kfb_857.jpg,373,647,326,321,47,0.5038639876352395,0.8739946380697051,0.6392156862745099,0,1,10200,0,653,647,4.84434894529199,6.126245293880533,0,16,27,4,0,1,53,267
p2p_proto_fusion_a0p10_best_paraffin_to_frozen,0,368,/home/data/yh_1/SET_3/p2p-src-zzh-2025/datasets/冰冻-2025/test_image/2022-06-28_11_18_14.kfb_1715.jpg,96,127,68,59,28,0.5354330708661418,0.7083333333333334,0.6098654708520179,0,1,10200,12,129,127,4.802980526769734,6.011723805876341,0,17,11,0,0,0,11,48
p2p_proto_fusion_a0p10_best_paraffin_to_frozen,0,369,/home/data/yh_1/SET_3/p2p-src-zzh-2025/datasets/冰冻-2025/test_image/2022-06-28_11_20_39.kfb_2437.jpg,152,273,125,148,27,0.45787545787545786,0.8223684210526315,0.5882352941176471,0,1,10200,6,274,273,4.415420287986657,5.581796743392945,0,18,6,3,0,1,17,130
p2p_proto_fusion_a0p10_best_paraffin_to_frozen,0,370,/home/data/yh_1/SET_3/p2p-src-zzh-2025/datasets/冰冻-2025/test_image/2022-06-28_11_11_09.kfb_2012.jpg,283,402,227,175,56,0.5646766169154229,0.8021201413427562,0.6627737226277371,0,1,10200,4,402,402,5.065994280722061,6.4371184420480585,0,37,16,3,0,4,36,135
p2p_proto_fusion_a0p10_best_paraffin_to_frozen,0,371,/home/data/yh_1/SET_3/p2p-src-zzh-2025/datasets/冰冻-2025/test_image/2022-06-28_11_21_44.kfb_814.jpg,349,465,260,205,89,0.5591397849462365,0.7449856733524355,0.6388206388206389,0,1,10200,0,470,465,4.680108721547228,5.919887023705701,0,52,33,4,0,3,34,168
p2p_proto_fusion_a0p10_best_paraffin_to_frozen,0,372,/home/data/yh_1/SET_3/p2p-src-zzh-2025/datasets/冰冻-2025/test_image/2022-06-28_11_11_09.kfb_2296.jpg,69,126,52,74,17,0.4126984126984127,0.7536231884057971,0.5333333333333333,0,1,10200,11,127,126,4.909430537916508,6.397477993598356,0,13,3,1,0,0,11,63
p2p_proto_fusion_a0p10_best_paraffin_to_frozen,0,373,/home/data/yh_1/SET_3/p2p-src-zzh-2025/datasets/冰冻-2025/test_image/2022-06-28_11_12_06.kfb_2484.jpg,0,627,0,0,0,0.0,0.0,0.0,1,0,10200,4,631,627,0.0,0.0,0,0,0,0,0,0,0,0
p2p_proto_fusion_a0p10_best_paraffin_to_frozen,0,374,/home/data/yh_1/SET_3/p2p-src-zzh-2025/datasets/冰冻-2025/test_image/2022-06-28_11_21_44.kfb_1196.jpg,270,500,231,269,39,0.462,0.8555555555555555,0.6,0,1,10200,4,502,500,4.965825532092214,6.414678713976047,0,22,16,1,0,3,39,227
p2p_proto_fusion_a0p10_best_paraffin_to_frozen,0,375,/home/data/yh_1/SET_3/p2p-src-zzh-2025/datasets/冰冻-2025/test_image/2022-06-28_11_20_39.kfb_2334.jpg,93,149,67,82,26,0.44966442953020136,0.7204301075268817,0.5537190082644629,0,1,10200,5,149,149,4.744551646543278,6.015141213118141,0,23,2,1,0,2,9,71
p2p_proto_fusion_a0p10_best_paraffin_to_frozen,0,376,/home/data/yh_1/SET_3/p2p-src-zzh-2025/datasets/冰冻-2025/test_image/2022-06-28_11_21_44.kfb_819.jpg,189,290,147,143,42,0.506896551724138,0.7777777777777778,0.6137787056367432,0,1,10200,6,295,290,4.896453573617661,6.276240348815918,0,28,9,5,0,0,23,120
p2p_proto_fusion_a0p10_best_paraffin_to_frozen,0,377,/home/data/yh_1/SET_3/p2p-src-zzh-2025/datasets/冰冻-2025/test_image/2022-06-28_11_20_39.kfb_1703.jpg,428,759,388,371,40,0.5111989459815547,0.9065420560747663,0.6537489469250211,0,1,10200,7,771,759,4.340059849474503,5.475044896922159,0,19,14,7,0,4,93,274
p2p_proto_fusion_a0p10_best_paraffin_to_frozen,0,378,/home/data/yh_1/SET_3/p2p-src-zzh-2025/datasets/冰冻-2025/test_image/2022-06-28_11_18_14.kfb_2482.jpg,53,79,42,37,11,0.5316455696202531,0.7924528301886793,0.6363636363636364,0,1,10200,0,80,79,4.886376142516252,6.1918966429574125,0,6,4,1,0,2,5,30
p2p_proto_fusion_a0p10_best_paraffin_to_frozen,0,379,/home/data/yh_1/SET_3/p2p-src-zzh-2025/datasets/冰冻-2025/test_image/2022-06-28_11_20_39.kfb_354.jpg,283,411,228,183,55,0.5547445255474452,0.8056537102473498,0.6570605187319885,0,1,10200,5,412,411,4.405209014425766,5.580827565569624,0,38,14,3,0,1,29,153
p2p_proto_fusion_a0p10_best_paraffin_to_frozen,0,380,/home/data/yh_1/SET_3/p2p-src-zzh-2025/datasets/冰冻-2025/test_image/2022-06-28_11_18_14.kfb_2981.jpg,52,68,33,35,19,0.4852941176470588,0.6346153846153846,0.5499999999999999,0,1,10200,10,68,68,4.750879464903488,6.208983565821794,0,16,3,0,0,0,4,31
p2p_proto_fusion_a0p10_best_paraffin_to_frozen,0,381,/home/data/yh_1/SET_3/p2p-src-zzh-2025/datasets/冰冻-2025/test_image/2022-06-28_11_21_44.kfb_171.jpg,413,509,324,185,89,0.6365422396856582,0.784503631961259,0.702819956616052,0,1,10200,3,510,509,4.691930343023073,5.889699732079917,0,52,32,5,0,4,49,132
p2p_proto_fusion_a0p10_best_paraffin_to_frozen,0,382,/home/data/yh_1/SET_3/p2p-src-zzh-2025/datasets/冰冻-2025/test_image/2022-06-28_11_21_44.kfb_2157.jpg,280,626,249,377,31,0.3977635782747604,0.8892857142857142,0.5496688741721855,0,1,10200,31,636,626,5.449779244759591,6.942029375627817,0,15,12,4,0,5,52,320
p2p_proto_fusion_a0p10_best_paraffin_to_frozen,0,383,/home/data/yh_1/SET_3/p2p-src-zzh-2025/datasets/冰冻-2025/test_image/2022-06-28_11_21_44.kfb_2500.jpg,127,198,96,102,31,0.48484848484848486,0.7559055118110236,0.5907692307692307,0,1,10200,5,199,198,4.587809887988288,5.900097543994586,0,25,6,0,0,2,12,88
p2p_proto_fusion_a0p10_best_paraffin_to_frozen,0,384,/home/data/yh_1/SET_3/p2p-src-zzh-2025/datasets/冰冻-2025/test_image/2022-06-28_11_11_09.kfb_602.jpg,0,210,0,0,0,0.0,0.0,0.0,1,0,10200,4,212,210,0.0,0.0,0,0,0,0,0,0,0,0
p2p_proto_fusion_a0p10_best_paraffin_to_frozen,0,385,/home/data/yh_1/SET_3/p2p-src-zzh-2025/datasets/冰冻-2025/test_image/2022-06-28_11_21_44.kfb_2289.jpg,183,373,154,219,29,0.4128686327077748,0.8415300546448088,0.5539568345323741,0,1,10200,1,376,373,5.018276661147993,6.421775443855105,0,16,12,1,0,1,25,193
p2p_proto_fusion_a0p10_best_paraffin_to_frozen,0,386,/home/data/yh_1/SET_3/p2p-src-zzh-2025/datasets/冰冻-2025/test_image/2022-06-28_11_21_44.kfb_1427.jpg,100,213,76,137,24,0.3568075117370892,0.76,0.4856230031948881,0,1,10200,13,217,213,5.227399710393902,6.643576201639678,0,16,6,2,0,1,9,127
p2p_proto_fusion_a0p10_best_paraffin_to_frozen,0,387,/home/data/yh_1/SET_3/p2p-src-zzh-2025/datasets/冰冻-2025/test_image/2022-06-28_11_18_14.kfb_839.jpg,7,16,4,12,3,0.25,0.5714285714285714,0.34782608695652173,0,1,10200,29,16,16,5.052102010936238,6.540422439575192,0,3,0,0,0,0,0,12
p2p_proto_fusion_a0p10_best_paraffin_to_frozen,0,388,/home/data/yh_1/SET_3/p2p-src-zzh-2025/datasets/冰冻-2025/test_image/2022-06-28_11_20_39.kfb_342.jpg,272,319,196,123,76,0.6144200626959248,0.7205882352941176,0.6632825719120136,0,1,10200,4,321,319,4.887166519729925,6.281114218186359,0,53,18,5,0,0,17,106
p2p_proto_fusion_a0p10_best_paraffin_to_frozen,0,389,/home/data/yh_1/SET_3/p2p-src-zzh-2025/datasets/冰冻-2025/test_image/2022-06-28_11_20_39.kfb_1796.jpg,216,465,179,286,37,0.3849462365591398,0.8287037037037037,0.5256975036710719,0,1,10200,2,468,465,4.456638111796604,5.711739734564411,0,26,11,0,0,0,36,250
p2p_proto_fusion_a0p10_best_paraffin_to_frozen,0,390,/home/data/yh_1/SET_3/p2p-src-zzh-2025/datasets/冰冻-2025/test_image/2022-06-28_11_20_39.kfb_2266.jpg,205,259,175,84,30,0.6756756756756757,0.8536585365853658,0.7543103448275861,0,1,10200,18,262,259,4.384176538287798,5.5367158045087566,0,22,8,0,0,3,26,55
p2p_proto_fusion_a0p10_best_paraffin_to_frozen,0,391,/home/data/yh_1/SET_3/p2p-src-zzh-2025/datasets/冰冻-2025/test_image/2022-06-28_11_21_44.kfb_1911.jpg,149,295,123,172,26,0.41694915254237286,0.825503355704698,0.5540540540540541,0,1,10200,3,298,295,4.532950320888341,5.7682651194130505,0,16,7,3,0,1,22,149
p2p_proto_fusion_a0p10_best_paraffin_to_frozen,0,392,/home/data/yh_1/SET_3/p2p-src-zzh-2025/datasets/冰冻-2025/test_image/2022-06-28_11_18_14.kfb_303.jpg,144,164,101,63,43,0.6158536585365854,0.7013888888888888,0.6558441558441559,0,1,10200,7,167,164,4.2559239436545475,5.486871864536026,0,27,12,4,0,1,15,47
p2p_proto_fusion_a0p10_best_paraffin_to_frozen,0,393,/home/data/yh_1/SET_3/p2p-src-zzh-2025/datasets/冰冻-2025/test_image/2022-06-28_11_18_14.kfb_675.jpg,6,11,3,8,3,0.2727272727272727,0.5,0.3529411764705882,0,1,10200,14,11,11,6.743026026223691,9.400457700093602,0,3,0,0,0,0,0,8
p2p_proto_fusion_a0p10_best_paraffin_to_frozen,0,394,/home/data/yh_1/SET_3/p2p-src-zzh-2025/datasets/冰冻-2025/test_image/2022-06-28_11_20_39.kfb_3326.jpg,118,289,103,186,15,0.356401384083045,0.8728813559322034,0.5061425061425062,0,1,10200,1,290,289,4.501950356802151,5.768426802551864,0,12,3,0,0,0,17,169
p2p_proto_fusion_a0p10_best_paraffin_to_frozen,0,395,/home/data/yh_1/SET_3/p2p-src-zzh-2025/datasets/冰冻-2025/test_image/2022-06-28_11_20_39.kfb_2222.jpg,175,365,153,212,22,0.4191780821917808,0.8742857142857143,0.5666666666666667,0,1,10200,10,368,365,4.505318758535141,5.701504802392198,0,16,6,0,0,2,24,186
p2p_proto_fusion_a0p10_best_paraffin_to_frozen,0,396,/home/data/yh_1/SET_3/p2p-src-zzh-2025/datasets/冰冻-2025/test_image/2022-06-28_11_21_44.kfb_847.jpg,59,78,33,45,26,0.4230769230769231,0.559322033898305,0.4817518248175182,0,1,10200,3,78,78,4.998362040786307,6.467287468187726,0,20,6,0,0,0,5,40
p2p_proto_fusion_a0p10_best_paraffin_to_frozen,0,397,/home/data/yh_1/SET_3/p2p-src-zzh-2025/datasets/冰冻-2025/test_image/2022-06-28_11_21_44.kfb_1805.jpg,195,239,146,93,49,0.6108786610878661,0.7487179487179487,0.6728110599078341,0,1,10200,6,241,239,4.237876597488193,5.4610434199032705,0,41,5,3,0,0,15,78
p2p_proto_fusion_a0p10_best_paraffin_to_frozen,0,398,/home/data/yh_1/SET_3/p2p-src-zzh-2025/datasets/冰冻-2025/test_image/2022-06-28_11_18_14.kfb_2830.jpg,26,58,10,48,16,0.1724137931034483,0.38461538461538464,0.23809523809523808,0,1,10200,12,58,58,5.290724888015356,6.261648559570313,0,14,2,0,0,0,1,47
p2p_proto_fusion_a0p10_best_paraffin_to_frozen,0,399,/home/data/yh_1/SET_3/p2p-src-zzh-2025/datasets/冰冻-2025/test_image/2022-06-28_11_20_39.kfb_3077.jpg,105,305,85,220,20,0.2786885245901639,0.8095238095238095,0.4146341463414634,0,1,10200,2,313,305,5.121633521864912,6.385438694673426,0,14,2,4,0,0,18,202
p2p_proto_fusion_a0p10_best_paraffin_to_frozen,0,400,/home/data/yh_1/SET_3/p2p-src-zzh-2025/datasets/冰冻-2025/test_image/2022-06-28_11_20_39.kfb_341.jpg,303,360,238,122,65,0.6611111111111111,0.7854785478547854,0.717948717948718,0,1,10200,1,367,360,4.915958309727459,6.280798160729288,0,40,24,1,0,2,22,98
p2p_proto_fusion_a0p10_best_paraffin_to_frozen,0,401,/home/data/yh_1/SET_3/p2p-src-zzh-2025/datasets/冰冻-2025/test_image/2022-06-28_11_11_09.kfb_1403.jpg,68,195,59,136,9,0.30256410256410254,0.8676470588235294,0.44866920152091255,0,1,10200,3,198,195,4.685282235480711,5.905221543069607,0,4,5,0,0,0,8,128
p2p_proto_fusion_a0p10_best_paraffin_to_frozen,0,402,/home/data/yh_1/SET_3/p2p-src-zzh-2025/datasets/冰冻-2025/test_image/2022-06-28_11_18_14.kfb_2914.jpg,79,110,62,48,17,0.5636363636363636,0.7848101265822784,0.6560846560846559,0,1,10200,4,110,110,4.3401700796991465,5.449563164864814,0,13,4,0,0,0,3,45
p2p_proto_fusion_a0p10_best_paraffin_to_frozen,0,403,/home/data/yh_1/SET_3/p2p-src-zzh-2025/datasets/冰冻-2025/test_image/2022-06-28_11_11_09.kfb_1409.jpg,104,247,85,162,19,0.3441295546558704,0.8173076923076923,0.48433048433048426,0,1,10200,6,249,247,5.0201206470985476,6.508889565748327,0,11,8,0,0,3,21,138
p2p_proto_fusion_a0p10_best_paraffin_to_frozen,0,404,/home/data/yh_1/SET_3/p2p-src-zzh-2025/datasets/冰冻-2025/test_image/2022-06-28_11_21_44.kfb_2322.jpg,0,738,0,0,0,0.0,0.0,0.0,1,0,10200,0,749,738,0.0,0.0,0,0,0,0,0,0,0,0
p2p_proto_fusion_a0p10_best_paraffin_to_frozen,0,405,/home/data/yh_1/SET_3/p2p-src-zzh-2025/datasets/冰冻-2025/test_image/2022-06-28_11_12_06.kfb_1856.jpg,0,427,0,0,0,0.0,0.0,0.0,1,0,10200,1,434,427,0.0,0.0,0,0,0,0,0,0,0,0
p2p_proto_fusion_a0p10_best_paraffin_to_frozen,0,406,/home/data/yh_1/SET_3/p2p-src-zzh-2025/datasets/冰冻-2025/test_image/2022-06-28_11_18_14.kfb_2813.jpg,61,126,44,82,17,0.3492063492063492,0.7213114754098361,0.4705882352941177,0,1,10200,15,128,126,4.605611740090121,5.950475649400192,0,10,5,2,0,0,5,77
p2p_proto_fusion_a0p10_best_paraffin_to_frozen,0,407,/home/data/yh_1/SET_3/p2p-src-zzh-2025/datasets/冰冻-2025/test_image/2022-06-28_11_21_44.kfb_1231.jpg,235,469,207,262,28,0.44136460554371004,0.8808510638297873,0.5880681818181818,0,1,10200,0,477,469,4.686632865447994,6.043570246673435,0,18,7,3,0,0,52,210
p2p_proto_fusion_a0p10_best_paraffin_to_frozen,0,408,/home/data/yh_1/SET_3/p2p-src-zzh-2025/datasets/冰冻-2025/test_image/2022-06-28_11_18_14.kfb_1046.jpg,22,25,10,15,12,0.4,0.45454545454545453,0.4255319148936171,0,1,10200,9,25,25,3.927394957201629,5.060214233398443,0,10,2,0,0,0,0,15
p2p_proto_fusion_a0p10_best_paraffin_to_frozen,0,409,/home/data/yh_1/SET_3/p2p-src-zzh-2025/datasets/冰冻-2025/test_image/2022-06-28_11_21_44.kfb_2140.jpg,127,189,96,93,31,0.5079365079365079,0.7559055118110236,0.6075949367088607,0,1,10200,9,192,189,4.843279272853493,6.270104209582006,0,17,12,2,0,0,15,78
p2p_proto_fusion_a0p10_best_paraffin_to_frozen,0,410,/home/data/yh_1/SET_3/p2p-src-zzh-2025/datasets/冰冻-2025/test_image/2022-06-28_11_20_39.kfb_3062.jpg,79,212,68,144,11,0.32075471698113206,0.8607594936708861,0.4673539518900343,0,1,10200,4,215,212,4.373539995389436,5.6642509348252235,0,8,3,0,0,1,12,131
p2p_proto_fusion_a0p10_best_paraffin_to_frozen,0,411,/home/data/yh_1/SET_3/p2p-src-zzh-2025/datasets/冰冻-2025/test_image/2022-06-28_11_20_39.kfb_2192.jpg,301,563,273,290,28,0.4849023090586146,0.9069767441860465,0.6319444444444445,0,1,10200,1,570,563,4.629074575548425,5.895812792655749,0,17,8,3,0,5,42,243
p2p_proto_fusion_a0p10_best_paraffin_to_frozen,0,412,/home/data/yh_1/SET_3/p2p-src-zzh-2025/datasets/冰冻-2025/test_image/2022-06-28_11_21_44.kfb_1908.jpg,103,151,73,78,30,0.48344370860927155,0.7087378640776699,0.5748031496062992,0,1,10200,26,154,151,5.085550809194667,6.409593216360432,0,20,9,1,0,2,10,66
p2p_proto_fusion_a0p10_best_paraffin_to_frozen,0,413,/home/data/yh_1/SET_3/p2p-src-zzh-2025/datasets/冰冻-2025/test_image/2022-06-28_11_11_09.kfb_1058.jpg,122,358,108,250,14,0.3016759776536313,0.8852459016393442,0.44999999999999996,0,1,10200,4,361,358,5.623045992380598,7.211170664540047,0,9,3,2,0,2,20,228
p2p_proto_fusion_a0p10_best_paraffin_to_frozen,0,414,/home/data/yh_1/SET_3/p2p-src-zzh-2025/datasets/冰冻-2025/test_image/2022-06-28_11_18_14.kfb_1909.jpg,68,102,51,51,17,0.5,0.75,0.6,0,1,10200,11,103,102,3.237693016802101,4.1542949302523695,0,13,3,1,0,0,2,49
p2p_proto_fusion_a0p10_best_paraffin_to_frozen,0,415,/home/data/yh_1/SET_3/p2p-src-zzh-2025/datasets/冰冻-2025/test_image/2022-06-28_11_18_14.kfb_1416.jpg,68,50,37,13,31,0.74,0.5441176470588235,0.6271186440677965,0,1,10200,12,52,50,5.07911728730988,6.540602696908482,0,25,6,0,0,0,2,11
p2p_proto_fusion_a0p10_best_paraffin_to_frozen,0,416,/home/data/yh_1/SET_3/p2p-src-zzh-2025/datasets/冰冻-2025/test_image/2022-06-28_11_20_39.kfb_3239.jpg,96,316,87,229,9,0.27531645569620256,0.90625,0.4223300970873786,0,1,10200,11,323,316,4.159978153928347,5.322663597676944,0,8,1,0,0,0,19,210
p2p_proto_fusion_a0p10_best_paraffin_to_frozen,0,417,/home/data/yh_1/SET_3/p2p-src-zzh-2025/datasets/冰冻-2025/test_image/2022-06-28_11_21_44.kfb_2109.jpg,258,430,218,212,40,0.5069767441860465,0.8449612403100775,0.6337209302325582,0,1,10200,4,435,430,4.740914600805924,6.069922167226808,0,21,16,3,0,2,39,171
p2p_proto_fusion_a0p10_best_paraffin_to_frozen,0,418,/home/data/yh_1/SET_3/p2p-src-zzh-2025/datasets/冰冻-2025/test_image/2022-06-28_11_18_14.kfb_1736.jpg,112,175,85,90,27,0.4857142857142857,0.7589285714285714,0.5923344947735192,0,1,10200,4,176,175,4.081970349258196,5.163502850252035,0,17,7,3,0,1,10,79
p2p_proto_fusion_a0p10_best_paraffin_to_frozen,0,419,/home/data/yh_1/SET_3/p2p-src-zzh-2025/datasets/冰冻-2025/test_image/2022-06-28_11_20_39.kfb_1457.jpg,162,478,149,329,13,0.3117154811715481,0.9197530864197531,0.46562500000000007,0,1,10200,1,488,478,4.378922766436357,5.605687599054119,0,7,3,3,0,0,40,289
p2p_proto_fusion_a0p10_best_paraffin_to_frozen,0,420,/home/data/yh_1/SET_3/p2p-src-zzh-2025/datasets/冰冻-2025/test_image/2022-06-28_11_12_06.kfb_1763.jpg,0,356,0,0,0,0.0,0.0,0.0,1,0,10200,8,359,356,0.0,0.0,0,0,0,0,0,0,0,0
p2p_proto_fusion_a0p10_best_paraffin_to_frozen,0,421,/home/data/yh_1/SET_3/p2p-src-zzh-2025/datasets/冰冻-2025/test_image/2022-06-28_11_18_14.kfb_2740.jpg,72,107,56,51,16,0.5233644859813084,0.7777777777777778,0.6256983240223464,0,1,10200,2,108,107,4.565497629705038,5.776786591325485,0,10,6,0,0,1,2,48
p2p_proto_fusion_a0p10_best_paraffin_to_frozen,0,422,/home/data/yh_1/SET_3/p2p-src-zzh-2025/datasets/冰冻-2025/test_image/2022-06-28_11_18_14.kfb_1545.jpg,4,10,1,9,3,0.1,0.25,0.14285714285714288,0,1,10200,15,10,10,5.4602462065128705,6.251800537109375,0,2,1,0,0,0,1,8
p2p_proto_fusion_a0p10_best_paraffin_to_frozen,0,423,/home/data/yh_1/SET_3/p2p-src-zzh-2025/datasets/冰冻-2025/test_image/2022-06-28_11_11_09.kfb_865.jpg,55,198,51,147,4,0.25757575757575757,0.9272727272727272,0.40316205533596833,0,1,10200,11,202,198,5.148196236093903,6.42929082758286,0,2,2,0,0,2,9,136
p2p_proto_fusion_a0p10_best_paraffin_to_frozen,0,424,/home/data/yh_1/SET_3/p2p-src-zzh-2025/datasets/冰冻-2025/test_image/2022-06-28_11_21_44.kfb_2278.jpg,142,363,124,239,18,0.3415977961432507,0.8732394366197183,0.4910891089108911,0,1,10200,13,370,363,4.697284414940882,6.0233594986700245,0,10,7,1,0,2,14,223
p2p_proto_fusion_a0p10_best_paraffin_to_frozen,0,425,/home/data/yh_1/SET_3/p2p-src-zzh-2025/datasets/冰冻-2025/test_image/2022-06-28_11_20_39.kfb_509.jpg,152,227,104,123,48,0.4581497797356828,0.6842105263157895,0.5488126649076518,0,1,10200,1,229,227,4.67030348360703,5.9611377486815815,0,33,14,1,0,0,13,110
p2p_proto_fusion_a0p10_best_paraffin_to_frozen,0,426,/home/data/yh_1/SET_3/p2p-src-zzh-2025/datasets/冰冻-2025/test_image/2022-06-28_11_20_39.kfb_2113.jpg,167,272,120,152,47,0.4411764705882353,0.718562874251497,0.5466970387243736,0,1,10200,11,276,272,4.095535985585667,5.188081610202789,0,29,18,0,0,2,20,130
p2p_proto_fusion_a0p10_best_paraffin_to_frozen,0,427,/home/data/yh_1/SET_3/p2p-src-zzh-2025/datasets/冰冻-2025/test_image/2022-06-28_11_18_14.kfb_1790.jpg,101,141,80,61,21,0.5673758865248227,0.7920792079207921,0.6611570247933884,0,1,10200,0,142,141,4.830985327748015,6.236600339412691,0,15,6,0,0,1,9,51
p2p_proto_fusion_a0p10_best_paraffin_to_frozen,0,428,/home/data/yh_1/SET_3/p2p-src-zzh-2025/datasets/冰冻-2025/test_image/2022-06-28_11_11_09.kfb_2224.jpg,259,521,232,289,27,0.44529750479846447,0.8957528957528957,0.5948717948717949,0,1,10200,4,529,521,4.837480487374335,6.144829849744665,0,16,10,1,0,4,54,231
p2p_proto_fusion_a0p10_best_paraffin_to_frozen,0,429,/home/data/yh_1/SET_3/p2p-src-zzh-2025/datasets/冰冻-2025/test_image/2022-06-28_11_21_44.kfb_2036.jpg,266,568,241,327,25,0.4242957746478873,0.9060150375939849,0.5779376498800959,0,1,10200,5,573,568,4.466586618564802,5.6819546202901,0,11,10,4,0,2,53,272
p2p_proto_fusion_a0p10_best_paraffin_to_frozen,0,430,/home/data/yh_1/SET_3/p2p-src-zzh-2025/datasets/冰冻-2025/test_image/2022-06-28_11_21_44.kfb_1063.jpg,172,267,127,140,45,0.4756554307116105,0.7383720930232558,0.5785876993166287,0,1,10200,6,269,267,4.699208492066268,5.954715289468842,0,35,8,2,0,0,17,123
p2p_proto_fusion_a0p10_best_paraffin_to_frozen,0,431,/home/data/yh_1/SET_3/p2p-src-zzh-2025/datasets/冰冻-2025/test_image/2022-06-28_11_11_09.kfb_1227.jpg,31,51,20,31,11,0.39215686274509803,0.6451612903225806,0.4878048780487804,0,1,10200,4,53,51,4.498315341101228,5.718202471733095,0,8,3,0,0,0,3,28
p2p_proto_fusion_a0p10_best_paraffin_to_frozen,0,432,/home/data/yh_1/SET_3/p2p-src-zzh-2025/datasets/冰冻-2025/test_image/2022-06-28_11_11_09.kfb_1533.jpg,93,208,76,132,17,0.36538461538461536,0.8172043010752689,0.5049833887043189,0,1,10200,5,208,208,4.444231134618228,5.602238498236006,0,12,5,0,0,1,14,117
p2p_proto_fusion_a0p10_best_paraffin_to_frozen,0,433,/home/data/yh_1/SET_3/p2p-src-zzh-2025/datasets/冰冻-2025/test_image/2022-06-28_11_20_39.kfb_2991.jpg,86,415,79,336,7,0.19036144578313252,0.9186046511627907,0.31536926147704586,0,1,10200,15,421,415,4.561529724732745,5.779651454732385,0,4,1,2,0,1,19,316
p2p_proto_fusion_a0p10_best_paraffin_to_frozen,0,434,/home/data/yh_1/SET_3/p2p-src-zzh-2025/datasets/冰冻-2025/test_image/2022-06-28_11_21_44.kfb_1546.jpg,176,360,153,207,23,0.425,0.8693181818181818,0.5708955223880597,0,1,10200,4,366,360,4.318377145230794,5.436059323790808,0,18,4,1,0,3,25,179
p2p_proto_fusion_a0p10_best_paraffin_to_frozen,0,435,/home/data/yh_1/SET_3/p2p-src-zzh-2025/datasets/冰冻-2025/test_image/2022-06-28_11_11_09.kfb_856.jpg,172,324,139,185,33,0.42901234567901236,0.8081395348837209,0.560483870967742,0,1,10200,3,327,324,5.048042620514956,6.504735215962362,0,23,8,2,0,1,7,177
p2p_proto_fusion_a0p10_best_paraffin_to_frozen,0,436,/home/data/yh_1/SET_3/p2p-src-zzh-2025/datasets/冰冻-2025/test_image/2022-06-28_11_20_39.kfb_3166.jpg,107,296,95,201,12,0.32094594594594594,0.8878504672897196,0.4714640198511166,0,1,10200,7,300,296,4.75053049927529,5.961664756975676,0,7,4,1,0,0,15,186
p2p_proto_fusion_a0p10_best_paraffin_to_frozen,0,437,/home/data/yh_1/SET_3/p2p-src-zzh-2025/datasets/冰冻-2025/test_image/2022-06-28_11_12_06.kfb_1049.jpg,0,541,0,0,0,0.0,0.0,0.0,1,0,10200,2,547,541,0.0,0.0,0,0,0,0,0,0,0,0
p2p_proto_fusion_a0p10_best_paraffin_to_frozen,0,438,/home/data/yh_1/SET_3/p2p-src-zzh-2025/datasets/冰冻-2025/test_image/2022-06-28_11_11_09.kfb_1196.jpg,73,209,59,150,14,0.2822966507177033,0.8082191780821918,0.41843971631205673,0,1,10200,10,210,209,4.966723124965838,6.274733205973093,0,13,1,0,0,1,3,146
p2p_proto_fusion_a0p10_best_paraffin_to_frozen,0,439,/home/data/yh_1/SET_3/p2p-src-zzh-2025/datasets/冰冻-2025/test_image/2022-06-28_11_21_44.kfb_848.jpg,23,38,12,26,11,0.3157894736842105,0.5217391304347826,0.39344262295081966,0,1,10200,5,39,38,3.8579021470637294,4.85923560460409,0,11,0,0,0,0,1,25
p2p_proto_fusion_a0p10_best_paraffin_to_frozen,0,440,/home/data/yh_1/SET_3/p2p-src-zzh-2025/datasets/冰冻-2025/test_image/2022-06-28_11_18_14.kfb_1990.jpg,142,276,123,153,19,0.44565217391304346,0.8661971830985915,0.5885167464114832,0,1,10200,7,279,276,4.364522065341679,5.595791196435451,0,13,3,3,0,0,18,135
p2p_proto_fusion_a0p10_best_paraffin_to_frozen,0,441,/home/data/yh_1/SET_3/p2p-src-zzh-2025/datasets/冰冻-2025/test_image/2022-06-28_11_21_44.kfb_2277.jpg,97,273,82,191,15,0.30036630036630035,0.845360824742268,0.44324324324324327,0,1,10200,4,274,273,4.8467120409711235,6.167787739416452,0,10,5,0,0,0,19,172
p2p_proto_fusion_a0p10_best_paraffin_to_frozen,0,442,/home/data/yh_1/SET_3/p2p-src-zzh-2025/datasets/冰冻-2025/test_image/2022-06-28_11_18_14.kfb_223.jpg,169,211,127,84,42,0.6018957345971564,0.7514792899408284,0.6684210526315789,0,1,10200,4,213,211,4.577752987642903,5.759149836742972,0,32,9,1,0,0,12,72
p2p_proto_fusion_a0p10_best_paraffin_to_frozen,0,443,/home/data/yh_1/SET_3/p2p-src-zzh-2025/datasets/冰冻-2025/test_image/2022-06-28_11_20_39.kfb_511.jpg,269,401,219,182,50,0.5461346633416458,0.8141263940520446,0.653731343283582,0,1,10200,0,409,401,4.851203488215171,6.203424810818886,0,32,16,2,0,0,45,137
p2p_proto_fusion_a0p10_best_paraffin_to_frozen,0,444,/home/data/yh_1/SET_3/p2p-src-zzh-2025/datasets/冰冻-2025/test_image/2022-06-28_11_11_09.kfb_846.jpg,161,237,123,114,38,0.5189873417721519,0.7639751552795031,0.6180904522613065,0,1,10200,7,241,237,4.8596217894779565,6.125051300700118,0,30,7,1,0,0,8,106
p2p_proto_fusion_a0p10_best_paraffin_to_frozen,0,445,/home/data/yh_1/SET_3/p2p-src-zzh-2025/datasets/冰冻-2025/test_image/2022-06-28_11_18_14.kfb_3471.jpg,14,17,6,11,8,0.35294117647058826,0.42857142857142855,0.3870967741935484,0,1,10200,27,18,17,4.212467120601366,5.150155703226734,0,5,3,0,0,0,0,11
p2p_proto_fusion_a0p10_best_paraffin_to_frozen,0,446,/home/data/yh_1/SET_3/p2p-src-zzh-2025/datasets/冰冻-2025/test_image/2022-06-28_11_20_39.kfb_2035.jpg,200,463,168,295,32,0.36285097192224625,0.84,0.5067873303167421,0,1,10200,2,470,463,4.61235906865004,5.8788893705322645,0,23,9,0,0,0,40,255
p2p_proto_fusion_a0p10_best_paraffin_to_frozen,0,447,/home/data/yh_1/SET_3/p2p-src-zzh-2025/datasets/冰冻-2025/test_image/2022-06-28_11_20_39.kfb_2032.jpg,132,223,102,121,30,0.45739910313901344,0.7727272727272727,0.5746478873239437,0,1,10200,3,225,223,4.3509228830070255,5.489861591189515,0,21,7,2,0,0,15,106
p2p_proto_fusion_a0p10_best_paraffin_to_frozen,0,448,/home/data/yh_1/SET_3/p2p-src-zzh-2025/datasets/冰冻-2025/test_image/2022-06-28_11_20_39.kfb_3163.jpg,80,147,67,80,13,0.4557823129251701,0.8375,0.5903083700440529,0,1,10200,3,148,147,4.4677564472585285,5.727075363273051,0,12,0,1,0,1,4,75
p2p_proto_fusion_a0p10_best_paraffin_to_frozen,0,449,/home/data/yh_1/SET_3/p2p-src-zzh-2025/datasets/冰冻-2025/test_image/2022-06-28_11_20_39.kfb_769.jpg,167,421,140,281,27,0.332541567695962,0.8383233532934131,0.47619047619047616,0,1,10200,0,422,421,4.846813315269841,6.145558151176997,0,18,8,1,0,2,20,259
p2p_proto_fusion_a0p10_best_paraffin_to_frozen,0,450,/home/data/yh_1/SET_3/p2p-src-zzh-2025/datasets/冰冻-2025/test_image/2022-06-28_11_11_09.kfb_889.jpg,55,183,49,134,6,0.2677595628415301,0.8909090909090909,0.411764705882353,0,1,10200,34,185,183,5.1039517509822865,6.355355729862132,0,6,0,0,0,3,5,126
p2p_proto_fusion_a0p10_best_paraffin_to_frozen,0,451,/home/data/yh_1/SET_3/p2p-src-zzh-2025/datasets/冰冻-2025/test_image/2022-06-28_11_21_44.kfb_665.jpg,167,287,136,151,31,0.4738675958188153,0.8143712574850299,0.5991189427312776,0,1,10200,7,289,287,4.8138312280709075,6.142228536746082,0,19,12,0,0,1,16,134
p2p_proto_fusion_a0p10_best_paraffin_to_frozen,0,452,/home/data/yh_1/SET_3/p2p-src-zzh-2025/datasets/冰冻-2025/test_image/2022-06-28_11_20_39.kfb_2669.jpg,202,530,188,342,14,0.35471698113207545,0.9306930693069307,0.5136612021857924,0,1,10200,4,540,530,4.3429477792842714,5.470750883538672,0,11,2,1,0,0,41,301
p2p_proto_fusion_a0p10_best_paraffin_to_frozen,0,453,/home/data/yh_1/SET_3/p2p-src-zzh-2025/datasets/冰冻-2025/test_image/2022-06-28_11_20_39.kfb_2676.jpg,100,198,86,112,14,0.43434343434343436,0.86,0.5771812080536913,0,1,10200,6,199,198,4.586425291358046,6.014022183972737,0,13,1,0,0,1,13,98
p2p_proto_fusion_a0p10_best_paraffin_to_frozen,0,454,/home/data/yh_1/SET_3/p2p-src-zzh-2025/datasets/冰冻-2025/test_image/2022-06-28_11_21_44.kfb_363.jpg,282,417,243,174,39,0.5827338129496403,0.8617021276595744,0.6952789699570816,0,1,10200,0,420,417,4.447149092228444,5.675074036719867,0,20,17,2,0,1,32,141
p2p_proto_fusion_a0p10_best_paraffin_to_frozen,0,455,/home/data/yh_1/SET_3/p2p-src-zzh-2025/datasets/冰冻-2025/test_image/2022-06-28_11_21_44.kfb_1081.jpg,168,195,124,71,44,0.6358974358974359,0.7380952380952381,0.6831955922865014,0,1,10200,6,195,195,4.700342865049446,5.915282043718524,0,39,3,2,0,1,8,62
p2p_proto_fusion_a0p10_best_paraffin_to_frozen,0,456,/home/data/yh_1/SET_3/p2p-src-zzh-2025/datasets/冰冻-2025/test_image/2022-06-28_11_18_14.kfb_1623.jpg,62,83,51,32,11,0.6144578313253012,0.8225806451612904,0.7034482758620689,0,1,10200,5,84,83,3.9438310485318597,5.102097529991003,0,11,0,0,0,0,4,28
p2p_proto_fusion_a0p10_best_paraffin_to_frozen,0,457,/home/data/yh_1/SET_3/p2p-src-zzh-2025/datasets/冰冻-2025/test_image/2022-06-28_11_21_44.kfb_2000.jpg,163,173,106,67,57,0.6127167630057804,0.6503067484662577,0.6309523809523809,0,1,10200,2,174,173,4.865068907554097,6.124933499210283,0,46,9,2,0,0,12,55
p2p_proto_fusion_a0p10_best_paraffin_to_frozen,0,458,/home/data/yh_1/SET_3/p2p-src-zzh-2025/datasets/冰冻-2025/test_image/2022-06-28_11_20_39.kfb_2557.jpg,139,186,98,88,41,0.5268817204301075,0.7050359712230215,0.6030769230769231,0,1,10200,5,188,186,4.276428749737939,5.44459394532807,0,32,9,0,0,1,12,75
p2p_proto_fusion_a0p10_best_paraffin_to_frozen,0,459,/home/data/yh_1/SET_3/p2p-src-zzh-2025/datasets/冰冻-2025/test_image/2022-06-28_11_21_44.kfb_359.jpg,186,281,154,127,32,0.5480427046263345,0.8279569892473119,0.6595289079229123,0,1,10200,6,285,281,4.761407070584335,5.996475071101995,0,18,11,3,0,2,18,107
p2p_proto_fusion_a0p10_best_paraffin_to_frozen,0,460,/home/data/yh_1/SET_3/p2p-src-zzh-2025/datasets/冰冻-2025/test_image/2022-06-28_11_18_14.kfb_2103.jpg,20,29,14,15,6,0.4827586206896552,0.7,0.5714285714285714,0,1,10200,5,29,29,3.460949189123174,4.505673050880433,0,4,2,0,0,0,0,15
p2p_proto_fusion_a0p10_best_paraffin_to_frozen,0,461,/home/data/yh_1/SET_3/p2p-src-zzh-2025/datasets/冰冻-2025/test_image/2022-06-28_11_11_09.kfb_2289.jpg,116,104,64,40,52,0.6153846153846154,0.5517241379310345,0.5818181818181819,0,1,10200,5,104,104,4.689588562730427,5.925892852246753,0,42,9,1,0,0,10,30
p2p_proto_fusion_a0p10_best_paraffin_to_frozen,0,462,/home/data/yh_1/SET_3/p2p-src-zzh-2025/datasets/冰冻-2025/test_image/2022-06-28_11_21_44.kfb_1624.jpg,146,191,102,89,44,0.5340314136125655,0.6986301369863014,0.6053412462908012,0,1,10200,1,192,191,4.502698861851557,5.81234504662308,0,35,7,2,0,1,6,82
p2p_proto_fusion_a0p10_best_paraffin_to_frozen,0,463,/home/data/yh_1/SET_3/p2p-src-zzh-2025/datasets/冰冻-2025/test_image/2022-06-28_11_20_39.kfb_2682.jpg,195,346,164,182,31,0.47398843930635837,0.841025641025641,0.6062846580406654,0,1,10200,1,351,346,4.387512315319955,5.603400550237516,0,20,10,1,0,5,26,151
p2p_proto_fusion_a0p10_best_paraffin_to_frozen,0,464,/home/data/yh_1/SET_3/p2p-src-zzh-2025/datasets/冰冻-2025/test_image/2022-06-28_11_18_14.kfb_891.jpg,27,30,16,14,11,0.5333333333333333,0.5925925925925926,0.5614035087719299,0,1,10200,2,30,30,4.081329807789496,5.179043442010877,0,8,3,0,0,0,1,13
p2p_proto_fusion_a0p10_best_paraffin_to_frozen,0,465,/home/data/yh_1/SET_3/p2p-src-zzh-2025/datasets/冰冻-2025/test_image/2022-06-28_11_18_14.kfb_1627.jpg,33,35,20,15,13,0.5714285714285714,0.6060606060606061,0.588235294117647,0,1,10200,13,35,35,4.532784324717148,6.0494392871856775,0,8,4,1,0,0,1,14
p2p_proto_fusion_a0p10_best_paraffin_to_frozen,0,466,/home/data/yh_1/SET_3/p2p-src-zzh-2025/datasets/冰冻-2025/test_image/2022-06-28_11_11_09.kfb_875.jpg,0,112,0,0,0,0.0,0.0,0.0,1,0,10200,3,112,112,0.0,0.0,0,0,0,0,0,0,0,0
p2p_proto_fusion_a0p10_best_paraffin_to_frozen,0,467,/home/data/yh_1/SET_3/p2p-src-zzh-2025/datasets/冰冻-2025/test_image/2022-06-28_11_11_09.kfb_2045.jpg,28,48,23,25,5,0.4791666666666667,0.8214285714285714,0.6052631578947368,0,1,10200,4,48,48,4.913008194218482,6.217475974041494,0,4,1,0,0,0,2,23
p2p_proto_fusion_a0p10_best_paraffin_to_frozen,0,468,/home/data/yh_1/SET_3/p2p-src-zzh-2025/datasets/冰冻-2025/test_image/2022-06-28_11_20_39.kfb_1729.jpg,152,320,129,191,23,0.403125,0.8486842105263158,0.5466101694915254,0,1,10200,4,325,320,4.595284652863413,5.822425723999971,0,11,8,4,0,1,25,165
p2p_proto_fusion_a0p10_best_paraffin_to_frozen,0,469,/home/data/yh_1/SET_3/p2p-src-zzh-2025/datasets/冰冻-2025/test_image/2022-06-28_11_11_09.kfb_1940.jpg,124,198,95,103,29,0.4797979797979798,0.7661290322580645,0.5900621118012422,0,1,10200,17,199,198,5.13585036145043,6.524171131535575,0,20,9,0,0,0,14,89
p2p_proto_fusion_a0p10_best_paraffin_to_frozen,0,470,/home/data/yh_1/SET_3/p2p-src-zzh-2025/datasets/冰冻-2025/test_image/2022-06-28_11_21_44.kfb_2009.jpg,152,258,119,139,33,0.46124031007751937,0.7828947368421053,0.5804878048780489,0,1,10200,9,260,258,4.6021555473671985,5.832324216345777,0,24,9,0,0,0,21,118
p2p_proto_fusion_a0p10_best_paraffin_to_frozen,0,471,/home/data/yh_1/SET_3/p2p-src-zzh-2025/datasets/冰冻-2025/test_image/2022-06-28_11_18_14.kfb_360.jpg,197,191,128,63,69,0.6701570680628273,0.649746192893401,0.6597938144329897,0,1,10200,5,192,191,4.106149236237249,5.236437149345875,0,41,26,2,0,1,16,46
p2p_proto_fusion_a0p10_best_paraffin_to_frozen,0,472,/home/data/yh_1/SET_3/p2p-src-zzh-2025/datasets/冰冻-2025/test_image/2022-06-28_11_21_44.kfb_1752.jpg,404,536,344,192,60,0.6417910447761194,0.8514851485148515,0.7319148936170212,0,1,10200,8,542,536,4.685620018684275,5.9409340765587135,0,35,20,5,0,3,45,144
p2p_proto_fusion_a0p10_best_paraffin_to_frozen,0,473,/home/data/yh_1/SET_3/p2p-src-zzh-2025/datasets/冰冻-2025/test_image/2022-06-28_11_20_39.kfb_610.jpg,261,429,201,228,60,0.46853146853146854,0.7701149425287356,0.5826086956521739,0,1,10200,2,435,429,5.007825573830701,6.322135319164143,0,43,17,0,0,2,38,188
p2p_proto_fusion_a0p10_best_paraffin_to_frozen,0,474,/home/data/yh_1/SET_3/p2p-src-zzh-2025/datasets/冰冻-2025/test_image/2022-06-28_11_21_44.kfb_408.jpg,196,311,169,142,27,0.5434083601286174,0.8622448979591837,0.6666666666666667,0,1,10200,4,312,311,4.968433685154934,6.426814826987906,0,22,5,0,0,2,23,117
p2p_proto_fusion_a0p10_best_paraffin_to_frozen,0,475,/home/data/yh_1/SET_3/p2p-src-zzh-2025/datasets/冰冻-2025/test_image/2022-06-28_11_18_14.kfb_393.jpg,61,82,46,36,15,0.5609756097560976,0.7540983606557377,0.6433566433566433,0,1,10200,4,82,82,3.779985530411252,4.725553517756253,0,10,4,1,0,0,7,29
p2p_proto_fusion_a0p10_best_paraffin_to_frozen,0,476,/home/data/yh_1/SET_3/p2p-src-zzh-2025/datasets/冰冻-2025/test_image/2022-06-28_11_18_14.kfb_2820.jpg,41,61,27,34,14,0.4426229508196721,0.6585365853658537,0.5294117647058824,0,1,10200,9,61,61,4.045326380876906,5.157871546568698,0,12,2,0,0,0,4,30
p2p_proto_fusion_a0p10_best_paraffin_to_frozen,0,477,/home/data/yh_1/SET_3/p2p-src-zzh-2025/datasets/冰冻-2025/test_image/2022-06-28_11_11_09.kfb_2026.jpg,11,22,8,14,3,0.36363636363636365,0.7272727272727273,0.4848484848484849,0,1,10200,10,22,22,4.66838452513448,6.127067565917972,0,3,0,0,0,0,0,14
p2p_proto_fusion_a0p10_best_paraffin_to_frozen,0,478,/home/data/yh_1/SET_3/p2p-src-zzh-2025/datasets/冰冻-2025/test_image/2022-06-28_11_21_44.kfb_1068.jpg,96,184,72,112,24,0.391304347826087,0.75,0.5142857142857143,0,1,10200,4,185,184,4.736695924772493,5.981300824218324,0,20,4,0,0,1,15,96
p2p_proto_fusion_a0p10_best_paraffin_to_frozen,0,479,/home/data/yh_1/SET_3/p2p-src-zzh-2025/datasets/冰冻-2025/test_image/2022-06-28_11_18_14.kfb_3473.jpg,123,250,100,150,23,0.4,0.8130081300813008,0.5361930294906166,0,1,10200,0,255,250,4.337928275426106,5.535876245498657,0,14,7,2,0,0,12,138
p2p_proto_fusion_a0p10_best_paraffin_to_frozen,0,480,/home/data/yh_1/SET_3/p2p-src-zzh-2025/datasets/冰冻-2025/test_image/2022-06-28_11_11_09.kfb_2428.jpg,388,543,320,223,68,0.5893186003683242,0.8247422680412371,0.6874328678839957,0,1,10200,0,551,543,4.790039697991025,6.111422272026539,0,35,30,3,0,3,68,152
p2p_proto_fusion_a0p10_best_paraffin_to_frozen,0,481,/home/data/yh_1/SET_3/p2p-src-zzh-2025/datasets/冰冻-2025/test_image/2022-06-28_11_21_44.kfb_2246.jpg,110,163,79,84,31,0.48466257668711654,0.7181818181818181,0.5787545787545788,0,1,10200,1,165,163,4.565189165061635,5.753952189336851,0,26,4,1,0,0,15,69
p2p_proto_fusion_a0p10_best_paraffin_to_frozen,0,482,/home/data/yh_1/SET_3/p2p-src-zzh-2025/datasets/冰冻-2025/test_image/2022-06-28_11_20_39.kfb_2920.jpg,237,551,213,338,24,0.38656987295825773,0.8987341772151899,0.5406091370558376,0,1,10200,1,555,551,4.675144376352653,5.9934970750495316,0,13,10,1,0,4,31,303
p2p_proto_fusion_a0p10_best_paraffin_to_frozen,0,483,/home/data/yh_1/SET_3/p2p-src-zzh-2025/datasets/冰冻-2025/test_image/2022-06-28_11_11_09.kfb_1872.jpg,56,68,41,27,15,0.6029411764705882,0.7321428571428571,0.6612903225806451,0,1,10200,9,68,68,4.5234195384558324,5.787527863572282,0,9,5,1,0,0,6,21
p2p_proto_fusion_a0p10_best_paraffin_to_frozen,0,484,/home/data/yh_1/SET_3/p2p-src-zzh-2025/datasets/冰冻-2025/test_image/2022-06-28_11_20_39.kfb_263.jpg,406,495,323,172,83,0.6525252525252525,0.7955665024630542,0.7169811320754716,0,1,10200,2,500,495,5.2878768901807875,6.721456719625845,0,40,36,7,0,2,54,116
p2p_proto_fusion_a0p10_best_paraffin_to_frozen,0,485,/home/data/yh_1/SET_3/p2p-src-zzh-2025/datasets/冰冻-2025/test_image/2022-06-28_11_21_44.kfb_916.jpg,67,69,34,35,33,0.4927536231884058,0.5074626865671642,0.5,0,1,10200,13,69,69,4.319260928543692,5.534181426553163,0,32,0,1,0,0,3,32
p2p_proto_fusion_a0p10_best_paraffin_to_frozen,0,486,/home/data/yh_1/SET_3/p2p-src-zzh-2025/datasets/冰冻-2025/test_image/2022-06-28_11_18_14.kfb_388.jpg,103,122,74,48,29,0.6065573770491803,0.7184466019417476,0.6577777777777777,0,1,10200,5,124,122,4.779680541796851,6.1249743281184035,0,25,4,0,0,1,12,35
p2p_proto_fusion_a0p10_best_paraffin_to_frozen,0,487,/home/data/yh_1/SET_3/p2p-src-zzh-2025/datasets/冰冻-2025/test_image/2022-06-28_11_18_14.kfb_1654.jpg,170,182,102,80,68,0.5604395604395604,0.6,0.5795454545454546,0,1,10200,4,185,182,4.648016732158706,5.9758143611982755,0,57,10,1,0,0,12,68
p2p_proto_fusion_a0p10_best_paraffin_to_frozen,0,488,/home/data/yh_1/SET_3/p2p-src-zzh-2025/datasets/冰冻-2025/test_image/2022-06-28_11_18_14.kfb_2901.jpg,40,52,25,27,15,0.4807692307692308,0.625,0.5434782608695652,0,1,10200,8,53,52,4.544326473052529,5.676244244575494,0,14,1,0,0,0,4,23
p2p_proto_fusion_a0p10_best_paraffin_to_frozen,0,489,/home/data/yh_1/SET_3/p2p-src-zzh-2025/datasets/冰冻-2025/test_image/2022-06-28_11_21_44.kfb_964.jpg,338,645,295,350,43,0.4573643410852713,0.8727810650887574,0.6002034587995931,0,1,10200,1,650,645,4.880820287828301,6.200810834512872,0,25,15,3,0,3,65,282
p2p_proto_fusion_a0p10_best_paraffin_to_frozen,0,490,/home/data/yh_1/SET_3/p2p-src-zzh-2025/datasets/冰冻-2025/test_image/2022-06-28_11_21_44.kfb_1158.jpg,160,198,117,81,43,0.5909090909090909,0.73125,0.653631284916201,0,1,10200,11,199,198,4.112334859988094,5.297711673964804,0,32,11,0,0,0,16,65
p2p_proto_fusion_a0p10_best_paraffin_to_frozen,0,491,/home/data/yh_1/SET_3/p2p-src-zzh-2025/datasets/冰冻-2025/test_image/2022-06-28_11_20_39.kfb_3325.jpg,93,319,84,235,9,0.26332288401253917,0.9032258064516129,0.4077669902912621,0,1,10200,3,322,319,5.00724446868281,6.4134264559972864,0,6,3,0,0,0,28,207
p2p_proto_fusion_a0p10_best_paraffin_to_frozen,0,492,/home/data/yh_1/SET_3/p2p-src-zzh-2025/datasets/冰冻-2025/test_image/2022-06-28_11_20_39.kfb_1175.jpg,68,85,48,37,20,0.5647058823529412,0.7058823529411765,0.6274509803921569,0,1,10200,15,85,85,4.377568643540813,5.386554857095086,0,17,2,1,0,0,4,33
p2p_proto_fusion_a0p10_best_paraffin_to_frozen,0,493,/home/data/yh_1/SET_3/p2p-src-zzh-2025/datasets/冰冻-2025/test_image/2022-06-28_11_18_14.kfb_1832.jpg,27,48,19,29,8,0.3958333333333333,0.7037037037037037,0.5066666666666667,0,1,10200,14,48,48,5.190130041742677,6.4691027591102985,0,6,1,1,0,0,2,27
p2p_proto_fusion_a0p10_best_paraffin_to_frozen,0,494,/home/data/yh_1/SET_3/p2p-src-zzh-2025/datasets/冰冻-2025/test_image/2022-06-28_11_21_44.kfb_741.jpg,143,261,124,137,19,0.47509578544061304,0.8671328671328671,0.6138613861386139,0,1,10200,5,261,261,4.676452950860719,5.871489013395003,0,10,6,3,0,2,14,121
p2p_proto_fusion_a0p10_best_paraffin_to_frozen,0,495,/home/data/yh_1/SET_3/p2p-src-zzh-2025/datasets/冰冻-2025/test_image/2022-06-28_11_20_39.kfb_1237.jpg,151,304,120,184,31,0.39473684210526316,0.7947019867549668,0.5274725274725275,0,1,10200,3,307,304,5.199332164499294,6.5788134177525786,0,19,12,0,0,2,28,154
p2p_proto_fusion_a0p10_best_paraffin_to_frozen,0,496,/home/data/yh_1/SET_3/p2p-src-zzh-2025/datasets/冰冻-2025/test_image/2022-06-28_11_11_09.kfb_1402.jpg,182,236,128,108,54,0.5423728813559322,0.7032967032967034,0.6124401913875599,0,1,10200,1,238,236,5.357559996344948,6.747966058552267,0,45,7,2,0,2,6,100
p2p_proto_fusion_a0p10_best_paraffin_to_frozen,0,497,/home/data/yh_1/SET_3/p2p-src-zzh-2025/datasets/冰冻-2025/test_image/2022-06-28_11_20_39.kfb_2760.jpg,116,229,100,129,16,0.4366812227074236,0.8620689655172413,0.5797101449275364,0,1,10200,15,233,229,4.900900231618796,6.238174557685852,0,13,2,1,0,2,6,121
p2p_proto_fusion_a0p10_best_paraffin_to_frozen,0,498,/home/data/yh_1/SET_3/p2p-src-zzh-2025/datasets/冰冻-2025/test_image/2022-06-28_11_11_09.kfb_998.jpg,138,275,120,155,18,0.43636363636363634,0.8695652173913043,0.5811138014527845,0,1,10200,4,279,275,5.141955750873143,6.581895514329273,0,12,5,1,0,0,9,146
p2p_proto_fusion_a0p10_best_paraffin_to_frozen,0,499,/home/data/yh_1/SET_3/p2p-src-zzh-2025/datasets/冰冻-2025/test_image/2022-06-28_11_21_44.kfb_1286.jpg,221,327,167,160,54,0.5107033639143731,0.755656108597285,0.6094890510948904,0,1,10200,1,329,327,4.784636076961899,6.060235274766016,0,44,7,3,0,3,26,131
p2p_proto_fusion_a0p10_best_paraffin_to_frozen,0,500,/home/data/yh_1/SET_3/p2p-src-zzh-2025/datasets/冰冻-2025/test_image/2022-06-28_11_21_44.kfb_2370.jpg,149,415,131,284,18,0.3156626506024096,0.8791946308724832,0.46453900709219853,0,1,10200,5,420,415,5.276954464157793,6.719739539890315,0,9,9,0,0,1,28,255
p2p_proto_fusion_a0p10_best_paraffin_to_frozen,0,501,/home/data/yh_1/SET_3/p2p-src-zzh-2025/datasets/冰冻-2025/test_image/2022-06-28_11_12_06.kfb_2491.jpg,0,262,0,0,0,0.0,0.0,0.0,1,0,10200,24,266,262,0.0,0.0,0,0,0,0,0,0,0,0
p2p_proto_fusion_a0p10_best_paraffin_to_frozen,0,502,/home/data/yh_1/SET_3/p2p-src-zzh-2025/datasets/冰冻-2025/test_image/2022-06-28_11_20_39.kfb_2036.jpg,212,412,187,225,25,0.4538834951456311,0.8820754716981132,0.5993589743589743,0,1,10200,7,417,412,4.350290024285264,5.479935712355346,0,17,7,1,0,1,46,178
p2p_proto_fusion_a0p10_best_paraffin_to_frozen,0,503,/home/data/yh_1/SET_3/p2p-src-zzh-2025/datasets/冰冻-2025/test_image/2022-06-28_11_21_44.kfb_1282.jpg,204,307,171,136,33,0.5570032573289903,0.8382352941176471,0.6692759295499022,0,1,10200,2,310,307,4.606638554322313,5.852766115065901,0,20,13,0,0,3,23,110
p2p_proto_fusion_a0p10_best_paraffin_to_frozen,0,504,/home/data/yh_1/SET_3/p2p-src-zzh-2025/datasets/冰冻-2025/test_image/2022-06-28_11_20_39.kfb_2918.jpg,177,486,162,324,15,0.3333333333333333,0.9152542372881356,0.48868778280542985,0,1,10200,3,489,486,4.458718379191198,5.723160879111587,0,11,3,1,0,1,32,291
p2p_proto_fusion_a0p10_best_paraffin_to_frozen,0,505,/home/data/yh_1/SET_3/p2p-src-zzh-2025/datasets/冰冻-2025/test_image/2022-06-28_11_21_44.kfb_2134.jpg,97,143,71,72,26,0.4965034965034965,0.7319587628865979,0.5916666666666666,0,1,10200,13,143,143,5.134317089210606,6.649189062521488,0,18,5,3,0,1,13,58
p2p_proto_fusion_a0p10_best_paraffin_to_frozen,0,506,/home/data/yh_1/SET_3/p2p-src-zzh-2025/datasets/冰冻-2025/test_image/2022-06-28_11_18_14.kfb_1582.jpg,56,72,41,31,15,0.5694444444444444,0.7321428571428571,0.640625,0,1,10200,38,73,72,4.685392514637647,5.976941713472687,0,14,1,0,0,0,4,27
p2p_proto_fusion_a0p10_best_paraffin_to_frozen,0,507,/home/data/yh_1/SET_3/p2p-src-zzh-2025/datasets/冰冻-2025/test_image/2022-06-28_11_20_39.kfb_2438.jpg,98,160,71,89,27,0.44375,0.7244897959183674,0.5503875968992247,0,1,10200,9,162,160,4.644599181502636,5.938829133208376,0,24,2,1,0,1,8,80
p2p_proto_fusion_a0p10_best_paraffin_to_frozen,0,508,/home/data/yh_1/SET_3/p2p-src-zzh-2025/datasets/冰冻-2025/test_image/2022-06-28_11_18_14.kfb_1467.jpg,33,53,25,28,8,0.4716981132075472,0.7575757575757576,0.5813953488372093,0,1,10200,5,53,53,4.321281259806722,5.568612060546874,0,8,0,0,0,0,3,25
p2p_proto_fusion_a0p10_best_paraffin_to_frozen,0,509,/home/data/yh_1/SET_3/p2p-src-zzh-2025/datasets/冰冻-2025/test_image/2022-06-28_11_20_39.kfb_2124.jpg,253,542,225,317,28,0.4151291512915129,0.8893280632411067,0.5660377358490565,0,1,10200,12,548,542,4.616929154918821,5.892763420740763,0,16,11,1,0,5,73,239
p2p_proto_fusion_a0p10_best_paraffin_to_frozen,0,510,/home/data/yh_1/SET_3/p2p-src-zzh-2025/datasets/冰冻-2025/test_image/2022-06-28_11_21_44.kfb_719.jpg,108,144,72,72,36,0.5,0.6666666666666666,0.5714285714285715,0,1,10200,10,145,144,4.465336578976753,5.5683387186792155,0,30,6,0,0,1,13,58
p2p_proto_fusion_a0p10_best_paraffin_to_frozen,0,511,/home/data/yh_1/SET_3/p2p-src-zzh-2025/datasets/冰冻-2025/test_image/2022-06-28_11_20_39.kfb_2900.jpg,76,271,69,202,7,0.25461254612546125,0.9078947368421053,0.39769452449567727,0,1,10200,3,272,271,4.8418029494755155,6.11819518821827,0,5,1,1,0,0,8,194
p2p_proto_fusion_a0p10_best_paraffin_to_frozen,0,512,/home/data/yh_1/SET_3/p2p-src-zzh-2025/datasets/冰冻-2025/test_image/2022-06-28_11_20_39.kfb_1140.jpg,299,581,263,318,36,0.45266781411359724,0.8795986622073578,0.5977272727272728,0,1,10200,1,590,581,4.508327613726602,5.760447106887179,0,24,12,0,0,5,51,262
p2p_proto_fusion_a0p10_best_paraffin_to_frozen,0,513,/home/data/yh_1/SET_3/p2p-src-zzh-2025/datasets/冰冻-2025/test_image/2022-06-28_11_21_44.kfb_427.jpg,322,457,279,178,43,0.6105032822757112,0.8664596273291926,0.7163029525032093,0,1,10200,2,461,457,4.543163310856847,5.793207828716566,0,26,14,3,0,0,38,140
p2p_proto_fusion_a0p10_best_paraffin_to_frozen,0,514,/home/data/yh_1/SET_3/p2p-src-zzh-2025/datasets/冰冻-2025/test_image/2022-06-28_11_11_09.kfb_1213.jpg,14,40,8,32,6,0.2,0.5714285714285714,0.29629629629629634,0,1,10200,64,40,40,6.342249256674617,8.020250320434574,0,6,0,0,0,0,1,31
p2p_proto_fusion_a0p10_best_paraffin_to_frozen,0,515,/home/data/yh_1/SET_3/p2p-src-zzh-2025/datasets/冰冻-2025/test_image/2022-06-28_11_21_44.kfb_2041.jpg,181,409,152,257,29,0.37163814180929094,0.8397790055248618,0.5152542372881356,0,1,10200,5,414,409,4.531090317969835,5.732321188638084,0,17,11,1,0,0,31,226
p2p_proto_fusion_a0p10_best_paraffin_to_frozen,0,516,/home/data/yh_1/SET_3/p2p-src-zzh-2025/datasets/冰冻-2025/test_image/2022-06-28_11_11_09.kfb_779.jpg,114,200,90,110,24,0.45,0.7894736842105263,0.5732484076433121,0,1,10200,1,201,200,5.075034997355681,6.431464099884035,0,21,3,0,0,1,13,96
p2p_proto_fusion_a0p10_best_paraffin_to_frozen,0,517,/home/data/yh_1/SET_3/p2p-src-zzh-2025/datasets/冰冻-2025/test_image/2022-06-28_11_11_09.kfb_1551.jpg,7,39,6,33,1,0.15384615384615385,0.8571428571428571,0.2608695652173913,0,1,10200,54,39,39,6.519155578399271,8.924104849497459,0,1,0,0,0,0,1,32
p2p_proto_fusion_a0p10_best_paraffin_to_frozen,0,518,/home/data/yh_1/SET_3/p2p-src-zzh-2025/datasets/冰冻-2025/test_image/2022-06-28_11_21_44.kfb_1378.jpg,112,184,82,102,30,0.44565217391304346,0.7321428571428571,0.554054054054054,0,1,10200,5,185,184,4.968139873745208,6.3622995237024815,0,26,4,0,0,0,14,88
p2p_proto_fusion_a0p10_best_paraffin_to_frozen,0,519,/home/data/yh_1/SET_3/p2p-src-zzh-2025/datasets/冰冻-2025/test_image/2022-06-28_11_11_09.kfb_1685.jpg,33,56,25,31,8,0.44642857142857145,0.7575757575757576,0.5617977528089888,0,1,10200,1,56,56,4.328985681671554,5.381567153930663,0,6,1,1,0,0,1,30
p2p_proto_fusion_a0p10_best_paraffin_to_frozen,0,520,/home/data/yh_1/SET_3/p2p-src-zzh-2025/datasets/冰冻-2025/test_image/2022-06-28_11_21_44.kfb_1602.jpg,131,196,97,99,34,0.49489795918367346,0.7404580152671756,0.5932721712538226,0,1,10200,1,197,196,4.86574138487707,6.17500993885945,0,29,3,2,0,0,10,89
p2p_proto_fusion_a0p10_best_paraffin_to_frozen,0,521,/home/data/yh_1/SET_3/p2p-src-zzh-2025/datasets/冰冻-2025/test_image/2022-06-28_11_11_09.kfb_576.jpg,0,399,0,0,0,0.0,0.0,0.0,1,0,10200,3,404,399,0.0,0.0,0,0,0,0,0,0,0,0
p2p_proto_fusion_a0p10_best_paraffin_to_frozen,0,522,/home/data/yh_1/SET_3/p2p-src-zzh-2025/datasets/冰冻-2025/test_image/2022-06-28_11_11_09.kfb_590.jpg,0,24,0,0,0,0.0,0.0,0.0,1,0,10200,4,24,24,0.0,0.0,0,0,0,0,0,0,0,0
p2p_proto_fusion_a0p10_best_paraffin_to_frozen,0,523,/home/data/yh_1/SET_3/p2p-src-zzh-2025/datasets/冰冻-2025/test_image/2022-06-28_11_20_39.kfb_2836.jpg,44,72,29,43,15,0.4027777777777778,0.6590909090909091,0.5,0,1,10200,6,72,72,3.8794510967150915,4.967604489162053,0,15,0,0,0,0,2,41
p2p_proto_fusion_a0p10_best_paraffin_to_frozen,0,524,/home/data/yh_1/SET_3/p2p-src-zzh-2025/datasets/冰冻-2025/test_image/2022-06-28_11_11_09.kfb_1022.jpg,13,29,9,20,4,0.3103448275862069,0.6923076923076923,0.4285714285714286,0,1,10200,1,29,29,4.125988346568171,5.245254675547271,0,4,0,0,0,0,0,20
p2p_proto_fusion_a0p10_best_paraffin_to_frozen,0,525,/home/data/yh_1/SET_3/p2p-src-zzh-2025/datasets/冰冻-2025/test_image/2022-06-28_11_18_14.kfb_2078.jpg,144,275,119,156,25,0.43272727272727274,0.8263888888888888,0.568019093078759,0,1,10200,5,277,275,4.771102777857816,6.154549662806405,0,17,4,4,0,2,13,141
p2p_proto_fusion_a0p10_best_paraffin_to_frozen,0,526,/home/data/yh_1/SET_3/p2p-src-zzh-2025/datasets/冰冻-2025/test_image/2022-06-28_11_21_44.kfb_1410.jpg,152,207,112,95,40,0.5410628019323671,0.7368421052631579,0.6239554317548747,0,1,10200,9,208,207,4.480404622778282,5.789236592394965,0,28,10,2,0,1,12,82
p2p_proto_fusion_a0p10_best_paraffin_to_frozen,0,527,/home/data/yh_1/SET_3/p2p-src-zzh-2025/datasets/冰冻-2025/test_image/2022-06-28_11_18_14.kfb_2001.jpg,190,286,162,124,28,0.5664335664335665,0.8526315789473684,0.680672268907563,0,1,10200,4,291,286,4.031506868071307,5.069384657306437,0,22,6,0,0,0,18,106
p2p_proto_fusion_a0p10_best_paraffin_to_frozen,0,528,/home/data/yh_1/SET_3/p2p-src-zzh-2025/datasets/冰冻-2025/test_image/2022-06-28_11_20_39.kfb_618.jpg,254,470,211,259,43,0.44893617021276594,0.8307086614173228,0.5828729281767955,0,1,10200,0,472,470,4.504913688723573,5.7571913631041465,0,31,12,0,0,0,31,228
p2p_proto_fusion_a0p10_best_paraffin_to_frozen,0,529,/home/data/yh_1/SET_3/p2p-src-zzh-2025/datasets/冰冻-2025/test_image/2022-06-28_11_20_39.kfb_3161.jpg,52,80,30,50,22,0.375,0.5769230769230769,0.45454545454545453,0,1,10200,16,81,80,4.864304215407148,6.047442690531409,0,21,1,0,0,0,5,45
p2p_proto_fusion_a0p10_best_paraffin_to_frozen,0,530,/home/data/yh_1/SET_3/p2p-src-zzh-2025/datasets/冰冻-2025/test_image/2022-06-28_11_11_09.kfb_1914.jpg,36,181,29,152,7,0.16022099447513813,0.8055555555555556,0.2672811059907834,0,1,10200,9,183,181,6.001238276388196,7.614687031713029,0,6,1,0,0,1,4,147
p2p_proto_fusion_a0p10_best_paraffin_to_frozen,0,531,/home/data/yh_1/SET_3/p2p-src-zzh-2025/datasets/冰冻-2025/test_image/2022-06-28_11_21_44.kfb_1626.jpg,171,196,104,92,67,0.5306122448979592,0.6081871345029239,0.5667574931880108,0,1,10200,11,198,196,4.6933892110068225,6.019061469114744,0,57,9,1,0,0,9,83
p2p_proto_fusion_a0p10_best_paraffin_to_frozen,0,532,/home/data/yh_1/SET_3/p2p-src-zzh-2025/datasets/冰冻-2025/test_image/2022-06-28_11_18_14.kfb_349.jpg,34,39,22,17,12,0.5641025641025641,0.6470588235294118,0.6027397260273972,0,1,10200,5,39,39,3.3807419927232987,4.272279392589218,0,11,1,0,0,0,2,15
p2p_proto_fusion_a0p10_best_paraffin_to_frozen,0,533,/home/data/yh_1/SET_3/p2p-src-zzh-2025/datasets/冰冻-2025/test_image/2022-06-28_11_21_44.kfb_1669.jpg,186,317,160,157,26,0.5047318611987381,0.8602150537634409,0.636182902584493,0,1,10200,5,321,317,4.24716212585689,5.485014060139656,0,16,6,4,0,1,25,131
p2p_proto_fusion_a0p10_best_paraffin_to_frozen,0,534,/home/data/yh_1/SET_3/p2p-src-zzh-2025/datasets/冰冻-2025/test_image/2022-06-28_11_18_14.kfb_1863.jpg,44,43,23,20,21,0.5348837209302325,0.5227272727272727,0.5287356321839081,0,1,10200,12,44,43,4.135215012734942,5.4342356142790385,0,18,3,0,0,0,1,19
p2p_proto_fusion_a0p10_best_paraffin_to_frozen,0,535,/home/data/yh_1/SET_3/p2p-src-zzh-2025/datasets/冰冻-2025/test_image/2022-06-28_11_20_39.kfb_2058.jpg,82,155,60,95,22,0.3870967741935484,0.7317073170731707,0.5063291139240507,0,1,10200,8,158,155,4.797712097674663,6.125642216205599,0,18,4,0,0,0,8,87
p2p_proto_fusion_a0p10_best_paraffin_to_frozen,0,536,/home/data/yh_1/SET_3/p2p-src-zzh-2025/datasets/冰冻-2025/test_image/2022-06-28_11_20_39.kfb_1014.jpg,84,210,70,140,14,0.3333333333333333,0.8333333333333334,0.47619047619047616,0,1,10200,5,213,210,4.1627384254528765,5.31547222137451,0,12,2,0,0,1,12,127
p2p_proto_fusion_a0p10_best_paraffin_to_frozen,0,537,/home/data/yh_1/SET_3/p2p-src-zzh-2025/datasets/冰冻-2025/test_image/2022-06-28_11_20_39.kfb_516.jpg,122,254,107,147,15,0.421259842519685,0.8770491803278688,0.5691489361702128,0,1,10200,14,256,254,4.558109037363956,5.7870579969103115,0,10,3,2,0,2,22,123
p2p_proto_fusion_a0p10_best_paraffin_to_frozen,0,538,/home/data/yh_1/SET_3/p2p-src-zzh-2025/datasets/冰冻-2025/test_image/2022-06-28_11_18_14.kfb_470.jpg,34,47,19,28,15,0.40425531914893614,0.5588235294117647,0.4691358024691358,0,1,10200,4,47,47,3.623435980757529,4.6735223468981175,0,9,5,1,0,0,2,26
p2p_proto_fusion_a0p10_best_paraffin_to_frozen,0,539,/home/data/yh_1/SET_3/p2p-src-zzh-2025/datasets/冰冻-2025/test_image/2022-06-28_11_20_39.kfb_2815.jpg,84,137,60,77,24,0.43795620437956206,0.7142857142857143,0.5429864253393665,0,1,10200,4,140,137,5.0272980162334635,6.496745125452676,0,21,2,1,0,1,5,71
p2p_proto_fusion_a0p10_best_paraffin_to_frozen,0,540,/home/data/yh_1/SET_3/p2p-src-zzh-2025/datasets/冰冻-2025/test_image/2022-06-28_11_11_09.kfb_1673.jpg,70,124,51,73,19,0.4112903225806452,0.7285714285714285,0.5257731958762887,0,1,10200,6,125,124,4.899786788816129,6.302715357612157,0,16,3,0,0,1,4,68
p2p_proto_fusion_a0p10_best_paraffin_to_frozen,0,541,/home/data/yh_1/SET_3/p2p-src-zzh-2025/datasets/冰冻-2025/test_image/2022-06-28_11_18_14.kfb_648.jpg,16,28,12,16,4,0.42857142857142855,0.75,0.5454545454545454,0,1,10200,3,28,28,5.143023003403234,6.637484550476084,0,4,0,0,0,0,0,16
p2p_proto_fusion_a0p10_best_paraffin_to_frozen,0,542,/home/data/yh_1/SET_3/p2p-src-zzh-2025/datasets/冰冻-2025/test_image/2022-06-28_11_21_44.kfb_2354.jpg,157,311,119,192,38,0.38263665594855306,0.7579617834394905,0.5085470085470086,0,1,10200,5,315,311,5.43580850952201,6.999689305393568,0,29,9,0,0,1,17,174
p2p_proto_fusion_a0p10_best_paraffin_to_frozen,0,543,/home/data/yh_1/SET_3/p2p-src-zzh-2025/datasets/冰冻-2025/test_image/2022-06-28_11_21_44.kfb_2595.jpg,299,365,225,140,74,0.6164383561643836,0.7525083612040134,0.6777108433734941,0,1,10200,3,366,365,4.835689811208921,6.169669682277806,0,43,28,3,0,1,26,113
p2p_proto_fusion_a0p10_best_paraffin_to_frozen,0,544,/home/data/yh_1/SET_3/p2p-src-zzh-2025/datasets/冰冻-2025/test_image/2022-06-28_11_21_44.kfb_1507.jpg,132,310,106,204,26,0.3419354838709677,0.803030303030303,0.47963800904977366,0,1,10200,33,313,310,5.4306409387457695,6.783885478973389,0,22,4,0,0,0,16,188
p2p_proto_fusion_a0p10_best_paraffin_to_frozen,0,545,/home/data/yh_1/SET_3/p2p-src-zzh-2025/datasets/冰冻-2025/test_image/2022-06-28_11_21_44.kfb_1874.jpg,288,398,224,174,64,0.5628140703517588,0.7777777777777778,0.6530612244897959,0,1,10200,9,401,398,4.674129395738888,6.037012846342155,0,51,13,0,0,2,25,147
p2p_proto_fusion_a0p10_best_paraffin_to_frozen,0,546,/home/data/yh_1/SET_3/p2p-src-zzh-2025/datasets/冰冻-2025/test_image/2022-06-28_11_20_39.kfb_854.jpg,384,578,315,263,69,0.5449826989619377,0.8203125,0.6548856548856549,0,1,10200,1,579,578,4.90523029139994,6.2931423035878975,0,37,31,1,0,1,49,213
p2p_proto_fusion_a0p10_best_paraffin_to_frozen,0,547,/home/data/yh_1/SET_3/p2p-src-zzh-2025/datasets/冰冻-2025/test_image/2022-06-28_11_18_14.kfb_2235.jpg,79,120,65,55,14,0.5416666666666666,0.8227848101265823,0.6532663316582915,0,1,10200,13,120,120,4.158503083484256,5.31044280712421,0,12,2,0,0,0,5,50
p2p_proto_fusion_a0p10_best_paraffin_to_frozen,0,548,/home/data/yh_1/SET_3/p2p-src-zzh-2025/datasets/冰冻-2025/test_image/2022-06-28_11_21_44.kfb_1662.jpg,131,304,119,185,12,0.39144736842105265,0.9083969465648855,0.5471264367816092,0,1,10200,3,310,304,4.860168371311205,6.157849424025596,0,6,4,2,0,2,23,160
p2p_proto_fusion_a0p10_best_paraffin_to_frozen,0,549,/home/data/yh_1/SET_3/p2p-src-zzh-2025/datasets/冰冻-2025/test_image/2022-06-28_11_20_39.kfb_3015.jpg,142,503,134,369,8,0.2664015904572565,0.9436619718309859,0.4155038759689923,0,1,10200,0,512,503,4.983794486451898,6.387020584362657,0,4,3,1,0,3,33,333
p2p_proto_fusion_a0p10_best_paraffin_to_frozen,0,550,/home/data/yh_1/SET_3/p2p-src-zzh-2025/datasets/冰冻-2025/test_image/2022-06-28_11_21_44.kfb_1464.jpg,155,205,117,88,38,0.5707317073170731,0.7548387096774194,0.6499999999999999,0,1,10200,7,208,205,4.460729795756996,5.753413575327299,0,32,6,0,0,0,17,71
p2p_proto_fusion_a0p10_best_paraffin_to_frozen,0,551,/home/data/yh_1/SET_3/p2p-src-zzh-2025/datasets/冰冻-2025/test_image/2022-06-28_11_20_39.kfb_1526.jpg,222,412,197,215,25,0.47815533980582525,0.8873873873873874,0.6214511041009464,0,1,10200,0,414,412,4.359917840594733,5.530833082150687,0,17,7,1,0,2,42,171
p2p_proto_fusion_a0p10_best_paraffin_to_frozen,0,552,/home/data/yh_1/SET_3/p2p-src-zzh-2025/datasets/冰冻-2025/test_image/2022-06-28_11_18_14.kfb_2186.jpg,179,254,138,116,41,0.5433070866141733,0.770949720670391,0.6374133949191685,0,1,10200,0,258,254,4.239459247310745,5.398684753887896,0,35,6,0,0,2,14,100
p2p_proto_fusion_a0p10_best_paraffin_to_frozen,0,553,/home/data/yh_1/SET_3/p2p-src-zzh-2025/datasets/冰冻-2025/test_image/2022-06-28_11_11_09.kfb_2364.jpg,77,218,69,149,8,0.3165137614678899,0.8961038961038961,0.46779661016949153,0,1,10200,12,219,218,4.536587407304678,5.666170334470445,0,5,2,1,0,1,21,127
p2p_proto_fusion_a0p10_best_paraffin_to_frozen,0,554,/home/data/yh_1/SET_3/p2p-src-zzh-2025/datasets/冰冻-2025/test_image/2022-06-28_11_21_44.kfb_1806.jpg,119,129,70,59,49,0.5426356589147286,0.5882352941176471,0.5645161290322581,0,1,10200,6,132,129,5.0255368624162085,6.248191874367849,0,39,9,1,0,0,13,46
p2p_proto_fusion_a0p10_best_paraffin_to_frozen,0,555,/home/data/yh_1/SET_3/p2p-src-zzh-2025/datasets/冰冻-2025/test_image/2022-06-28_11_18_14.kfb_2574.jpg,32,52,23,29,9,0.4423076923076923,0.71875,0.5476190476190477,0,1,10200,4,53,52,4.936155988035901,6.406039237976071,0,8,1,0,0,0,3,26
p2p_proto_fusion_a0p10_best_paraffin_to_frozen,0,556,/home/data/yh_1/SET_3/p2p-src-zzh-2025/datasets/冰冻-2025/test_image/2022-06-28_11_11_09.kfb_1548.jpg,101,200,77,123,24,0.385,0.7623762376237624,0.5116279069767442,0,1,10200,1,201,200,4.904332649546392,6.249398169579442,0,18,5,1,0,2,7,114
p2p_proto_fusion_a0p10_best_paraffin_to_frozen,0,557,/home/data/yh_1/SET_3/p2p-src-zzh-2025/datasets/冰冻-2025/test_image/2022-06-28_11_18_14.kfb_3396.jpg,79,135,50,85,29,0.37037037037037035,0.6329113924050633,0.46728971962616817,0,1,10200,7,136,135,4.138171571167964,5.240079784393308,0,24,4,1,0,0,9,76
p2p_proto_fusion_a0p10_best_paraffin_to_frozen,0,558,/home/data/yh_1/SET_3/p2p-src-zzh-2025/datasets/冰冻-2025/test_image/2022-06-28_11_12_06.kfb_3070.jpg,0,312,0,0,0,0.0,0.0,0.0,1,0,10200,2,316,312,0.0,0.0,0,0,0,0,0,0,0,0
p2p_proto_fusion_a0p10_best_paraffin_to_frozen,0,559,/home/data/yh_1/SET_3/p2p-src-zzh-2025/datasets/冰冻-2025/test_image/2022-06-28_11_11_09.kfb_258.jpg,0,104,0,0,0,0.0,0.0,0.0,1,0,10200,3,104,104,0.0,0.0,0,0,0,0,0,0,0,0
p2p_proto_fusion_a0p10_best_paraffin_to_frozen,0,560,/home/data/yh_1/SET_3/p2p-src-zzh-2025/datasets/冰冻-2025/test_image/2022-06-28_11_21_44.kfb_1150.jpg,441,796,389,407,52,0.4886934673366834,0.8820861678004536,0.6289409862570736,0,1,10200,3,807,796,5.28666646659716,6.696307097731643,0,19,24,9,0,2,103,302
p2p_proto_fusion_a0p10_best_paraffin_to_frozen,0,561,/home/data/yh_1/SET_3/p2p-src-zzh-2025/datasets/冰冻-2025/test_image/2022-06-28_11_21_44.kfb_1567.jpg,210,413,182,231,28,0.4406779661016949,0.8666666666666667,0.5842696629213483,0,1,10200,10,419,413,4.6204155601231625,5.85568972472306,0,23,4,1,0,3,31,197
p2p_proto_fusion_a0p10_best_paraffin_to_frozen,0,562,/home/data/yh_1/SET_3/p2p-src-zzh-2025/datasets/冰冻-2025/test_image/2022-06-28_11_20_39.kfb_1251.jpg,31,69,23,46,8,0.3333333333333333,0.7419354838709677,0.46,0,1,10200,4,69,69,4.199675615552648,5.269635470017145,0,6,1,1,0,0,3,43
p2p_proto_fusion_a0p10_best_paraffin_to_frozen,0,563,/home/data/yh_1/SET_3/p2p-src-zzh-2025/datasets/冰冻-2025/test_image/2022-06-28_11_18_14.kfb_925.jpg,192,126,101,25,91,0.8015873015873016,0.5260416666666666,0.6352201257861635,0,1,10200,7,126,126,6.941041230653219,8.866384557471292,0,71,20,0,0,2,7,16
p2p_proto_fusion_a0p10_best_paraffin_to_frozen,0,564,/home/data/yh_1/SET_3/p2p-src-zzh-2025/datasets/冰冻-2025/test_image/2022-06-28_11_20_39.kfb_1057.jpg,289,600,256,344,33,0.4266666666666667,0.8858131487889274,0.5759280089988751,0,1,10200,0,602,600,4.8904677409116575,6.276256272569298,0,21,10,2,0,1,51,292
p2p_proto_fusion_a0p10_best_paraffin_to_frozen,0,565,/home/data/yh_1/SET_3/p2p-src-zzh-2025/datasets/冰冻-2025/test_image/2022-06-28_11_20_39.kfb_2757.jpg,130,295,114,181,16,0.3864406779661017,0.8769230769230769,0.5364705882352941,0,1,10200,0,298,295,4.559377522576708,5.689066878536291,0,12,4,0,0,1,15,165
p2p_proto_fusion_a0p10_best_paraffin_to_frozen,0,566,/home/data/yh_1/SET_3/p2p-src-zzh-2025/datasets/冰冻-2025/test_image/2022-06-28_11_18_14.kfb_2757.jpg,34,79,23,56,11,0.2911392405063291,0.6764705882352942,0.40707964601769914,0,1,10200,5,79,79,5.160124054553597,6.4193926272184925,0,9,2,0,0,1,2,53
p2p_proto_fusion_a0p10_best_paraffin_to_frozen,0,567,/home/data/yh_1/SET_3/p2p-src-zzh-2025/datasets/冰冻-2025/test_image/2022-06-28_11_21_44.kfb_2046.jpg,180,323,143,180,37,0.44272445820433437,0.7944444444444444,0.5685884691848906,0,1,10200,0,326,323,4.495129305085232,5.6775894365110595,0,26,10,1,0,0,21,159
p2p_proto_fusion_a0p10_best_paraffin_to_frozen,0,568,/home/data/yh_1/SET_3/p2p-src-zzh-2025/datasets/冰冻-2025/test_image/2022-06-28_11_18_14.kfb_1161.jpg,23,24,14,10,9,0.5833333333333334,0.6086956521739131,0.5957446808510638,0,1,10200,4,24,24,4.737833737020357,5.936683246067594,0,8,1,0,0,0,0,10
p2p_proto_fusion_a0p10_best_paraffin_to_frozen,0,569,/home/data/yh_1/SET_3/p2p-src-zzh-2025/datasets/冰冻-2025/test_image/2022-06-28_11_21_44.kfb_1140.jpg,193,315,164,151,29,0.5206349206349207,0.8497409326424871,0.6456692913385826,0,1,10200,18,317,315,5.6814930148860565,7.107606143486209,0,19,10,0,0,1,31,119
p2p_proto_fusion_a0p10_best_paraffin_to_frozen,0,570,/home/data/yh_1/SET_3/p2p-src-zzh-2025/datasets/冰冻-2025/test_image/2022-06-28_11_21_44.kfb_1087.jpg,212,297,167,130,45,0.5622895622895623,0.7877358490566038,0.656188605108055,0,1,10200,3,300,297,4.632583742056202,5.998993319665602,0,32,13,0,0,1,17,112
p2p_proto_fusion_a0p10_best_paraffin_to_frozen,0,571,/home/data/yh_1/SET_3/p2p-src-zzh-2025/datasets/冰冻-2025/test_image/2022-06-28_11_21_44.kfb_806.jpg,450,722,401,321,49,0.5554016620498615,0.8911111111111111,0.6843003412969283,0,1,10200,1,733,722,4.5099378267505195,5.747366694738146,0,23,20,6,0,7,76,238
p2p_proto_fusion_a0p10_best_paraffin_to_frozen,0,572,/home/data/yh_1/SET_3/p2p-src-zzh-2025/datasets/冰冻-2025/test_image/2022-06-28_11_21_44.kfb_2123.jpg,159,449,136,313,23,0.3028953229398664,0.8553459119496856,0.4473684210526316,0,1,10200,12,452,449,5.229965425010233,6.723607086083467,0,13,8,2,0,3,23,287
p2p_proto_fusion_a0p10_best_paraffin_to_frozen,0,573,/home/data/yh_1/SET_3/p2p-src-zzh-2025/datasets/冰冻-2025/test_image/2022-06-28_11_20_39.kfb_2849.jpg,123,282,100,182,23,0.3546099290780142,0.8130081300813008,0.49382716049382713,0,1,10200,5,285,282,4.720321288021728,6.035341782569883,0,20,3,0,0,0,18,164
p2p_proto_fusion_a0p10_best_paraffin_to_frozen,0,574,/home/data/yh_1/SET_3/p2p-src-zzh-2025/datasets/冰冻-2025/test_image/2022-06-28_11_18_14.kfb_1987.jpg,172,259,139,120,33,0.5366795366795367,0.8081395348837209,0.6450116009280743,0,1,10200,6,260,259,4.2483434888579055,5.426665826667127,0,24,8,1,0,0,21,99
p2p_proto_fusion_a0p10_best_paraffin_to_frozen,0,575,/home/data/yh_1/SET_3/p2p-src-zzh-2025/datasets/冰冻-2025/test_image/2022-06-28_11_11_09.kfb_322.jpg,119,243,96,147,23,0.3950617283950617,0.8067226890756303,0.5303867403314917,0,1,10200,4,244,243,5.20796298589167,6.552890256047246,0,15,8,0,0,0,11,136
p2p_proto_fusion_a0p10_best_paraffin_to_frozen,0,576,/home/data/yh_1/SET_3/p2p-src-zzh-2025/datasets/冰冻-2025/test_image/2022-06-28_11_20_39.kfb_547.jpg,129,303,114,189,15,0.37623762376237624,0.8837209302325582,0.5277777777777778,0,1,10200,0,305,303,4.520935005972042,5.660924229705544,0,10,3,2,0,0,23,166
p2p_proto_fusion_a0p10_best_paraffin_to_frozen,0,577,/home/data/yh_1/SET_3/p2p-src-zzh-2025/datasets/冰冻-2025/test_image/2022-06-28_11_21_44.kfb_1564.jpg,256,398,210,188,46,0.5276381909547738,0.8203125,0.6422018348623852,0,1,10200,1,405,398,4.750748919042547,5.937679131825765,0,34,11,1,0,0,40,148
p2p_proto_fusion_a0p10_best_paraffin_to_frozen,0,578,/home/data/yh_1/SET_3/p2p-src-zzh-2025/datasets/冰冻-2025/test_image/2022-06-28_11_18_14.kfb_726.jpg,101,100,63,37,38,0.63,0.6237623762376238,0.6268656716417911,0,1,10200,7,100,100,4.3909001381848425,5.75177114728897,0,30,7,1,0,0,7,30
p2p_proto_fusion_a0p10_best_paraffin_to_frozen,0,579,/home/data/yh_1/SET_3/p2p-src-zzh-2025/datasets/冰冻-2025/test_image/2022-06-28_11_21_44.kfb_1077.jpg,599,967,542,425,57,0.5604963805584281,0.9048414023372288,0.6922094508301405,0,1,10200,1,981,967,4.626664002877906,5.8889187657965065,0,30,22,5,0,8,122,295
p2p_proto_fusion_a0p10_best_paraffin_to_frozen,0,580,/home/data/yh_1/SET_3/p2p-src-zzh-2025/datasets/冰冻-2025/test_image/2022-06-28_11_11_09.kfb_784.jpg,0,326,0,0,0,0.0,0.0,0.0,1,0,10200,3,327,326,0.0,0.0,0,0,0,0,0,0,0,0
p2p_proto_fusion_a0p10_best_paraffin_to_frozen,0,581,/home/data/yh_1/SET_3/p2p-src-zzh-2025/datasets/冰冻-2025/test_image/2022-06-28_11_20_39.kfb_2919.jpg,232,560,216,344,16,0.38571428571428573,0.9310344827586207,0.5454545454545455,0,1,10200,4,568,560,4.64759262120374,5.985229052879192,0,8,6,2,0,1,30,313
p2p_proto_fusion_a0p10_best_paraffin_to_frozen,0,582,/home/data/yh_1/SET_3/p2p-src-zzh-2025/datasets/冰冻-2025/test_image/2022-06-28_11_21_44.kfb_1533.jpg,174,383,161,222,13,0.42036553524804177,0.9252873563218391,0.578096947935368,0,1,10200,12,388,383,5.2853823450289275,6.731071472167971,0,9,4,0,0,3,28,191
p2p_proto_fusion_a0p10_best_paraffin_to_frozen,0,583,/home/data/yh_1/SET_3/p2p-src-zzh-2025/datasets/冰冻-2025/test_image/2022-06-28_11_21_44.kfb_600.jpg,271,482,223,259,48,0.46265560165975106,0.8228782287822878,0.5922974767596282,0,1,10200,1,489,482,4.870252017015718,6.2034523412251135,0,25,19,4,0,6,55,198
p2p_proto_fusion_a0p10_best_paraffin_to_frozen,0,584,/home/data/yh_1/SET_3/p2p-src-zzh-2025/datasets/冰冻-2025/test_image/2022-06-28_11_11_09.kfb_1468.jpg,115,293,95,198,20,0.3242320819112628,0.8260869565217391,0.46568627450980393,0,1,10200,29,297,293,5.261418342018285,6.728510670912898,0,11,4,5,0,0,13,185
p2p_proto_fusion_a0p10_best_paraffin_to_frozen,0,585,/home/data/yh_1/SET_3/p2p-src-zzh-2025/datasets/冰冻-2025/test_image/2022-06-28_11_21_44.kfb_594.jpg,263,469,215,254,48,0.4584221748400853,0.8174904942965779,0.587431693989071,0,1,10200,2,474,469,4.998203208764348,6.307098963094311,0,25,22,1,0,3,51,200
p2p_proto_fusion_a0p10_best_paraffin_to_frozen,0,586,/home/data/yh_1/SET_3/p2p-src-zzh-2025/datasets/冰冻-2025/test_image/2022-06-28_11_21_44.kfb_669.jpg,311,479,259,220,52,0.5407098121085595,0.8327974276527331,0.6556962025316456,0,1,10200,1,485,479,4.6234885907545245,5.930865192045117,0,36,13,3,0,2,43,175
p2p_proto_fusion_a0p10_best_paraffin_to_frozen,0,587,/home/data/yh_1/SET_3/p2p-src-zzh-2025/datasets/冰冻-2025/test_image/2022-06-28_11_20_39.kfb_3007.jpg,121,433,104,329,17,0.24018475750577367,0.859504132231405,0.3754512635379062,0,1,10200,19,439,433,5.3407856761339145,6.895960587721607,0,12,4,1,0,2,28,299
p2p_proto_fusion_a0p10_best_paraffin_to_frozen,0,588,/home/data/yh_1/SET_3/p2p-src-zzh-2025/datasets/冰冻-2025/test_image/2022-06-28_11_21_44.kfb_525.jpg,403,696,355,341,48,0.5100574712643678,0.8808933002481389,0.646041856232939,0,1,10200,5,704,696,4.843979737489343,6.197393026486249,0,21,18,9,0,3,63,275
p2p_proto_fusion_a0p10_best_paraffin_to_frozen,0,589,/home/data/yh_1/SET_3/p2p-src-zzh-2025/datasets/冰冻-2025/test_image/2022-06-28_11_21_44.kfb_1379.jpg,215,357,161,196,54,0.45098039215686275,0.7488372093023256,0.5629370629370629,0,1,10200,3,360,357,4.600550402292765,5.892479307162835,0,43,11,0,0,2,20,174
p2p_proto_fusion_a0p10_best_paraffin_to_frozen,0,590,/home/data/yh_1/SET_3/p2p-src-zzh-2025/datasets/冰冻-2025/test_image/2022-06-28_11_21_44.kfb_1775.jpg,183,294,143,151,40,0.48639455782312924,0.7814207650273224,0.59958071278826,0,1,10200,12,299,294,4.3619961197816455,5.613884212253809,0,24,12,4,0,2,30,119
p2p_proto_fusion_a0p10_best_paraffin_to_frozen,0,591,/home/data/yh_1/SET_3/p2p-src-zzh-2025/datasets/冰冻-2025/test_image/2022-06-28_11_20_39.kfb_3327.jpg,201,523,186,337,15,0.35564053537284895,0.9253731343283582,0.5138121546961326,0,1,10200,3,528,523,4.846752260503096,6.139973050804549,0,8,6,1,0,4,57,276
p2p_proto_fusion_a0p10_best_paraffin_to_frozen,0,592,/home/data/yh_1/SET_3/p2p-src-zzh-2025/datasets/冰冻-2025/test_image/2022-06-28_11_18_14.kfb_1508.jpg,57,61,41,20,16,0.6721311475409836,0.7192982456140351,0.6949152542372881,0,1,10200,19,63,61,5.300803519655239,6.84854112020353,0,13,3,0,0,0,2,18
p2p_proto_fusion_a0p10_best_paraffin_to_frozen,0,593,/home/data/yh_1/SET_3/p2p-src-zzh-2025/datasets/冰冻-2025/test_image/2022-06-28_11_15_54.kfb_466.jpg,235,203,139,64,96,0.6847290640394089,0.5914893617021276,0.634703196347032,0,1,10200,3,205,203,6.653497102566157,8.613337036374277,0,80,16,0,0,1,23,40
p2p_proto_fusion_a0p10_best_paraffin_to_frozen,0,594,/home/data/yh_1/SET_3/p2p-src-zzh-2025/datasets/冰冻-2025/test_image/2022-06-28_11_18_14.kfb_1986.jpg,179,279,153,126,26,0.5483870967741935,0.8547486033519553,0.6681222707423581,0,1,10200,8,283,279,4.2037083819151375,5.391059863021946,0,17,7,2,0,3,18,105
p2p_proto_fusion_a0p10_best_paraffin_to_frozen,0,595,/home/data/yh_1/SET_3/p2p-src-zzh-2025/datasets/冰冻-2025/test_image/2022-06-28_11_18_14.kfb_140.jpg,136,176,78,98,58,0.4431818181818182,0.5735294117647058,0.5,0,1,10200,6,178,176,4.400827127204744,5.586440789393892,0,43,15,0,0,1,14,83
p2p_proto_fusion_a0p10_best_paraffin_to_frozen,0,596,/home/data/yh_1/SET_3/p2p-src-zzh-2025/datasets/冰冻-2025/test_image/2022-06-28_11_20_39.kfb_882.jpg,240,444,200,244,40,0.45045045045045046,0.8333333333333334,0.584795321637427,0,1,10200,12,447,444,4.4231100112510715,5.672876845598222,0,22,18,0,0,3,31,210
p2p_proto_fusion_a0p10_best_paraffin_to_frozen,0,597,/home/data/yh_1/SET_3/p2p-src-zzh-2025/datasets/冰冻-2025/test_image/2022-06-28_11_12_06.kfb_3788.jpg,0,373,0,0,0,0.0,0.0,0.0,1,0,10200,24,378,373,0.0,0.0,0,0,0,0,0,0,0,0
p2p_proto_fusion_a0p10_best_paraffin_to_frozen,0,598,/home/data/yh_1/SET_3/p2p-src-zzh-2025/datasets/冰冻-2025/test_image/2022-06-28_11_21_44.kfb_263.jpg,166,270,134,136,32,0.4962962962962963,0.8072289156626506,0.6146788990825688,0,1,10200,0,272,270,5.142292261695013,6.533308552272283,0,27,5,0,0,0,19,117
p2p_proto_fusion_a0p10_best_paraffin_to_frozen,0,599,/home/data/yh_1/SET_3/p2p-src-zzh-2025/datasets/冰冻-2025/test_image/2022-06-28_11_15_54.kfb_264.jpg,418,448,315,133,103,0.703125,0.7535885167464115,0.7274826789838336,0,1,10200,3,455,448,7.118679230328236,9.209770125406163,0,70,33,0,0,6,37,90
p2p_proto_fusion_a0p10_best_paraffin_to_frozen,0,600,/home/data/yh_1/SET_3/p2p-src-zzh-2025/datasets/冰冻-2025/test_image/2022-06-28_11_11_09.kfb_2476.jpg,19,104,17,87,2,0.16346153846153846,0.8947368421052632,0.2764227642276423,0,1,10200,3,104,104,4.491308077478651,5.877686107859894,0,2,0,0,0,0,4,83
p2p_proto_fusion_a0p10_best_paraffin_to_frozen,0,601,/home/data/yh_1/SET_3/p2p-src-zzh-2025/datasets/冰冻-2025/test_image/2022-06-28_11_20_39.kfb_2857.jpg,372,735,323,412,49,0.43945578231292515,0.8682795698924731,0.5835591689250226,0,1,10200,5,743,735,4.777888346986603,6.067965293447299,0,20,27,2,0,5,87,320
p2p_proto_fusion_a0p10_best_paraffin_to_frozen,0,602,/home/data/yh_1/SET_3/p2p-src-zzh-2025/datasets/冰冻-2025/test_image/2022-06-28_11_21_44.kfb_187.jpg,301,344,233,111,68,0.6773255813953488,0.7740863787375415,0.7224806201550388,0,1,10200,8,345,344,4.2922763848392345,5.527833457668454,0,46,19,3,0,1,20,90
p2p_proto_fusion_a0p10_best_paraffin_to_frozen,0,603,/home/data/yh_1/SET_3/p2p-src-zzh-2025/datasets/冰冻-2025/test_image/2022-06-28_11_18_14.kfb_1500.jpg,48,53,27,26,21,0.5094339622641509,0.5625,0.5346534653465346,0,1,10200,8,54,53,5.034931333735585,6.548596841317635,0,19,2,0,0,1,0,25
p2p_proto_fusion_a0p10_best_paraffin_to_frozen,0,604,/home/data/yh_1/SET_3/p2p-src-zzh-2025/datasets/冰冻-2025/test_image/2022-06-28_11_18_14.kfb_3221.jpg,12,24,9,15,3,0.375,0.75,0.5,0,1,10200,15,24,24,2.950086030534939,3.686471091376392,0,2,1,0,0,0,0,15
p2p_proto_fusion_a0p10_best_paraffin_to_frozen,0,605,/home/data/yh_1/SET_3/p2p-src-zzh-2025/datasets/冰冻-2025/test_image/2022-06-28_11_20_39.kfb_2343.jpg,83,178,72,106,11,0.4044943820224719,0.8674698795180723,0.5517241379310345,0,1,10200,14,179,178,4.114522357970775,5.263567136393656,0,9,2,0,0,0,10,96
p2p_proto_fusion_a0p10_best_paraffin_to_frozen,0,606,/home/data/yh_1/SET_3/p2p-src-zzh-2025/datasets/冰冻-2025/test_image/2022-06-28_11_20_39.kfb_786.jpg,250,469,216,253,34,0.4605543710021322,0.864,0.6008344923504868,0,1,10200,2,473,469,4.533121723285671,5.827639027878092,0,22,9,3,0,6,30,217
p2p_proto_fusion_a0p10_best_paraffin_to_frozen,0,607,/home/data/yh_1/SET_3/p2p-src-zzh-2025/datasets/冰冻-2025/test_image/2022-06-28_11_11_09.kfb_1612.jpg,124,287,106,181,18,0.3693379790940767,0.8548387096774194,0.5158150851581509,0,1,10200,6,290,287,4.760947083408631,6.0302801851956325,0,13,5,0,0,0,7,174
p2p_proto_fusion_a0p10_best_paraffin_to_frozen,0,608,/home/data/yh_1/SET_3/p2p-src-zzh-2025/datasets/冰冻-2025/test_image/2022-06-28_11_12_06.kfb_596.jpg,0,453,0,0,0,0.0,0.0,0.0,1,0,10200,1,456,453,0.0,0.0,0,0,0,0,0,0,0,0
p2p_proto_fusion_a0p10_best_paraffin_to_frozen,0,609,/home/data/yh_1/SET_3/p2p-src-zzh-2025/datasets/冰冻-2025/test_image/2022-06-28_11_20_39.kfb_1298.jpg,43,106,28,78,15,0.2641509433962264,0.6511627906976745,0.37583892617449666,0,1,10200,10,106,106,3.8576645293188596,4.951801027570456,0,13,2,0,0,0,11,67
p2p_proto_fusion_a0p10_best_paraffin_to_frozen,0,610,/home/data/yh_1/SET_3/p2p-src-zzh-2025/datasets/冰冻-2025/test_image/2022-06-28_11_21_44.kfb_2297.jpg,257,322,194,128,63,0.6024844720496895,0.754863813229572,0.6701208981001727,0,1,10200,1,324,322,5.803280305550067,7.417472328140182,0,43,17,3,0,2,30,96
p2p_proto_fusion_a0p10_best_paraffin_to_frozen,0,611,/home/data/yh_1/SET_3/p2p-src-zzh-2025/datasets/冰冻-2025/test_image/2022-06-28_11_11_09.kfb_2293.jpg,124,208,101,107,23,0.4855769230769231,0.8145161290322581,0.608433734939759,0,1,10200,1,210,208,4.859371960238351,6.207805218082842,0,16,6,1,0,3,14,90
p2p_proto_fusion_a0p10_best_paraffin_to_frozen,0,612,/home/data/yh_1/SET_3/p2p-src-zzh-2025/datasets/冰冻-2025/test_image/2022-06-28_11_20_39.kfb_2362.jpg,259,593,234,359,25,0.3946037099494098,0.9034749034749034,0.5492957746478874,0,1,10200,0,604,593,4.682927438003507,6.00423758254092,0,19,6,0,0,1,59,299
p2p_proto_fusion_a0p10_best_paraffin_to_frozen,0,613,/home/data/yh_1/SET_3/p2p-src-zzh-2025/datasets/冰冻-2025/test_image/2022-06-28_11_20_39.kfb_1295.jpg,131,286,110,176,21,0.38461538461538464,0.8396946564885496,0.52757793764988,0,1,10200,3,287,286,4.155118010471307,5.256717122684829,0,16,5,0,0,0,16,160
p2p_proto_fusion_a0p10_best_paraffin_to_frozen,0,614,/home/data/yh_1/SET_3/p2p-src-zzh-2025/datasets/冰冻-2025/test_image/2022-06-28_11_21_44.kfb_2168.jpg,198,389,160,229,38,0.41131105398457585,0.8080808080808081,0.545144804088586,0,1,10200,1,392,389,4.641700760635931,6.030748891830446,0,26,10,2,0,1,31,197
p2p_proto_fusion_a0p10_best_paraffin_to_frozen,0,615,/home/data/yh_1/SET_3/p2p-src-zzh-2025/datasets/冰冻-2025/test_image/2022-06-28_11_20_39.kfb_759.jpg,126,226,93,133,33,0.41150442477876104,0.7380952380952381,0.5284090909090909,0,1,10200,7,229,226,4.515413247208173,5.766430078014251,0,18,15,0,0,0,27,106
p2p_proto_fusion_a0p10_best_paraffin_to_frozen,0,616,/home/data/yh_1/SET_3/p2p-src-zzh-2025/datasets/冰冻-2025/test_image/2022-06-28_11_18_14.kfb_2319.jpg,32,56,23,33,9,0.4107142857142857,0.71875,0.5227272727272728,0,1,10200,13,56,56,3.5275375531684072,4.57349702586299,0,8,1,0,0,0,1,32
p2p_proto_fusion_a0p10_best_paraffin_to_frozen,0,617,/home/data/yh_1/SET_3/p2p-src-zzh-2025/datasets/冰冻-2025/test_image/2022-06-28_11_11_09.kfb_1264.jpg,329,416,237,179,92,0.5697115384615384,0.7203647416413373,0.636241610738255,0,1,10200,3,421,416,5.326048595972514,6.730405795423291,0,75,14,3,0,2,25,152
p2p_proto_fusion_a0p10_best_paraffin_to_frozen,0,618,/home/data/yh_1/SET_3/p2p-src-zzh-2025/datasets/冰冻-2025/test_image/2022-06-28_11_18_14.kfb_1380.jpg,51,93,34,59,17,0.3655913978494624,0.6666666666666666,0.4722222222222222,0,1,10200,4,94,93,3.794721862419011,4.651389570797193,0,13,4,0,0,1,10,48
p2p_proto_fusion_a0p10_best_paraffin_to_frozen,0,619,/home/data/yh_1/SET_3/p2p-src-zzh-2025/datasets/冰冻-2025/test_image/2022-06-28_11_11_09.kfb_715.jpg,209,325,154,171,55,0.47384615384615386,0.7368421052631579,0.5767790262172284,0,1,10200,5,325,325,4.701135545648008,6.027037484305247,0,38,12,5,0,1,17,153
p2p_proto_fusion_a0p10_best_paraffin_to_frozen,0,620,/home/data/yh_1/SET_3/p2p-src-zzh-2025/datasets/冰冻-2025/test_image/2022-06-28_11_11_09.kfb_1852.jpg,20,33,15,18,5,0.45454545454545453,0.75,0.5660377358490566,0,1,10200,11,33,33,3.963745472127732,4.959801483154297,0,4,1,0,0,0,1,17
p2p_proto_fusion_a0p10_best_paraffin_to_frozen,0,621,/home/data/yh_1/SET_3/p2p-src-zzh-2025/datasets/冰冻-2025/test_image/2022-06-28_11_20_39.kfb_1810.jpg,135,319,120,199,15,0.3761755485893417,0.8888888888888888,0.5286343612334802,0,1,10200,4,324,319,4.357941360336886,5.603202581405636,0,13,2,0,0,3,33,163
p2p_proto_fusion_a0p10_best_paraffin_to_frozen,0,622,/home/data/yh_1/SET_3/p2p-src-zzh-2025/datasets/冰冻-2025/test_image/2022-06-28_11_20_39.kfb_1959.jpg,93,271,70,201,23,0.25830258302583026,0.7526881720430108,0.3846153846153846,0,1,10200,3,273,271,4.588220649267396,5.825758607046943,0,18,4,1,0,0,11,190
p2p_proto_fusion_a0p10_best_paraffin_to_frozen,0,623,/home/data/yh_1/SET_3/p2p-src-zzh-2025/datasets/冰冻-2025/test_image/2022-06-28_11_12_06.kfb_2574.jpg,0,472,0,0,0,0.0,0.0,0.0,1,0,10200,8,475,472,0.0,0.0,0,0,0,0,0,0,0,0
p2p_proto_fusion_a0p10_best_paraffin_to_frozen,0,624,/home/data/yh_1/SET_3/p2p-src-zzh-2025/datasets/冰冻-2025/test_image/2022-06-28_11_20_39.kfb_2654.jpg,60,218,53,165,7,0.24311926605504589,0.8833333333333333,0.381294964028777,0,1,10200,14,222,218,4.780512898557862,6.0514176026830135,0,7,0,0,0,0,10,155
p2p_proto_fusion_a0p10_best_paraffin_to_frozen,0,625,/home/data/yh_1/SET_3/p2p-src-zzh-2025/datasets/冰冻-2025/test_image/2022-06-28_11_20_39.kfb_454.jpg,305,479,259,220,46,0.5407098121085595,0.8491803278688524,0.6607142857142857,0,1,10200,0,482,479,4.858844020338094,6.180387667707496,0,23,20,3,0,2,43,175
p2p_proto_fusion_a0p10_best_paraffin_to_frozen,0,626,/home/data/yh_1/SET_3/p2p-src-zzh-2025/datasets/冰冻-2025/test_image/2022-06-28_11_21_44.kfb_1926.jpg,279,525,242,283,37,0.46095238095238095,0.8673835125448028,0.6019900497512437,0,1,10200,1,531,525,4.711738241484603,6.050460484402239,0,16,16,5,0,2,44,237
p2p_proto_fusion_a0p10_best_paraffin_to_frozen,0,627,/home/data/yh_1/SET_3/p2p-src-zzh-2025/datasets/冰冻-2025/test_image/2022-06-28_11_11_09.kfb_1355.jpg,60,218,46,172,14,0.21100917431192662,0.7666666666666667,0.3309352517985612,0,1,10200,39,220,218,7.160581003466612,9.123289046080213,0,14,0,0,0,0,7,165
p2p_proto_fusion_a0p10_best_paraffin_to_frozen,0,628,/home/data/yh_1/SET_3/p2p-src-zzh-2025/datasets/冰冻-2025/test_image/2022-06-28_11_21_44.kfb_2502.jpg,304,411,238,173,66,0.5790754257907542,0.7828947368421053,0.6657342657342658,0,1,10200,1,413,411,4.961970815410947,6.254122433542205,0,41,23,2,0,0,30,143
p2p_proto_fusion_a0p10_best_paraffin_to_frozen,0,629,/home/data/yh_1/SET_3/p2p-src-zzh-2025/datasets/冰冻-2025/test_image/2022-06-28_11_18_14.kfb_474.jpg,43,45,27,18,16,0.6,0.627906976744186,0.6136363636363636,0,1,10200,10,46,45,4.7672819661787065,6.135223777205853,0,12,3,1,0,0,1,17
p2p_proto_fusion_a0p10_best_paraffin_to_frozen,0,630,/home/data/yh_1/SET_3/p2p-src-zzh-2025/datasets/冰冻-2025/test_image/2022-06-28_11_11_09.kfb_2261.jpg,6,16,4,12,2,0.25,0.6666666666666666,0.36363636363636365,0,1,10200,21,16,16,5.064764424714596,5.977461338043227,0,2,0,0,0,0,0,12
p2p_proto_fusion_a0p10_best_paraffin_to_frozen,0,631,/home/data/yh_1/SET_3/p2p-src-zzh-2025/datasets/冰冻-2025/test_image/2022-06-28_11_11_09.kfb_515.jpg,0,226,0,0,0,0.0,0.0,0.0,1,0,10200,2,232,226,0.0,0.0,0,0,0,0,0,0,0,0
p2p_proto_fusion_a0p10_best_paraffin_to_frozen,0,632,/home/data/yh_1/SET_3/p2p-src-zzh-2025/datasets/冰冻-2025/test_image/2022-06-28_11_20_39.kfb_3172.jpg,195,535,179,356,16,0.33457943925233646,0.9179487179487179,0.4904109589041097,0,1,10200,2,540,535,4.65849343169556,5.876361753687513,0,8,8,0,0,3,53,300
p2p_proto_fusion_a0p10_best_paraffin_to_frozen,0,633,/home/data/yh_1/SET_3/p2p-src-zzh-2025/datasets/冰冻-2025/test_image/2022-06-28_11_21_44.kfb_2086.jpg,79,162,55,107,24,0.3395061728395062,0.6962025316455697,0.45643153526970953,0,1,10200,5,163,162,5.248453181760673,6.527299551530329,0,19,4,1,0,0,14,93
p2p_proto_fusion_a0p10_best_paraffin_to_frozen,0,634,/home/data/yh_1/SET_3/p2p-src-zzh-2025/datasets/冰冻-2025/test_image/2022-06-28_11_11_09.kfb_2284.jpg,153,278,135,143,18,0.4856115107913669,0.8823529411764706,0.6264501160092806,0,1,10200,7,281,278,4.5015924606492,5.749794658025104,0,12,4,2,0,1,29,113
p2p_proto_fusion_a0p10_best_paraffin_to_frozen,0,635,/home/data/yh_1/SET_3/p2p-src-zzh-2025/datasets/冰冻-2025/test_image/2022-06-28_11_11_09.kfb_808.jpg,0,67,0,0,0,0.0,0.0,0.0,1,0,10200,4,68,67,0.0,0.0,0,0,0,0,0,0,0,0
p2p_proto_fusion_a0p10_best_paraffin_to_frozen,0,636,/home/data/yh_1/SET_3/p2p-src-zzh-2025/datasets/冰冻-2025/test_image/2022-06-28_11_21_44.kfb_2054.jpg,65,128,52,76,13,0.40625,0.8,0.538860103626943,0,1,10200,25,130,128,4.604324755587152,5.741783673946674,0,11,2,0,0,0,8,68
p2p_proto_fusion_a0p10_best_paraffin_to_frozen,0,637,/home/data/yh_1/SET_3/p2p-src-zzh-2025/datasets/冰冻-2025/test_image/2022-06-28_11_18_14.kfb_3001.jpg,187,281,149,132,38,0.5302491103202847,0.7967914438502673,0.6367521367521368,0,1,10200,5,283,281,4.168134115213827,5.348663640502318,0,25,11,2,0,1,24,107
p2p_proto_fusion_a0p10_best_paraffin_to_frozen,0,638,/home/data/yh_1/SET_3/p2p-src-zzh-2025/datasets/冰冻-2025/test_image/2022-06-28_11_18_14.kfb_1922.jpg,42,52,24,28,18,0.46153846153846156,0.5714285714285714,0.5106382978723405,0,1,10200,14,52,52,4.7600710743176275,6.32538465658824,0,14,4,0,0,0,5,23
p2p_proto_fusion_a0p10_best_paraffin_to_frozen,0,639,/home/data/yh_1/SET_3/p2p-src-zzh-2025/datasets/冰冻-2025/test_image/2022-06-28_11_20_39.kfb_1737.jpg,40,83,29,54,11,0.3493975903614458,0.725,0.4715447154471545,0,1,10200,14,83,83,5.3120731918745525,6.851039130112219,0,10,1,0,0,1,10,43
p2p_proto_fusion_a0p10_best_paraffin_to_frozen,0,640,/home/data/yh_1/SET_3/p2p-src-zzh-2025/datasets/冰冻-2025/test_image/2022-06-28_11_21_44.kfb_868.jpg,185,253,149,104,36,0.5889328063241107,0.8054054054054054,0.680365296803653,0,1,10200,5,254,253,4.863137799543119,6.193806347430951,0,28,8,0,0,1,19,84
p2p_proto_fusion_a0p10_best_paraffin_to_frozen,0,641,/home/data/yh_1/SET_3/p2p-src-zzh-2025/datasets/冰冻-2025/test_image/2022-06-28_11_20_39.kfb_631.jpg,192,356,163,193,29,0.45786516853932585,0.8489583333333334,0.5948905109489051,0,1,10200,2,360,356,4.382181411502446,5.600170074065039,0,17,9,3,0,1,31,161
p2p_proto_fusion_a0p10_best_paraffin_to_frozen,0,642,/home/data/yh_1/SET_3/p2p-src-zzh-2025/datasets/冰冻-2025/test_image/2022-06-28_11_11_09.kfb_2391.jpg,164,332,134,198,30,0.4036144578313253,0.8170731707317073,0.5403225806451613,0,1,10200,11,340,332,5.008439484426209,6.319037013979101,0,19,9,2,0,3,22,173
p2p_proto_fusion_a0p10_best_paraffin_to_frozen,0,643,/home/data/yh_1/SET_3/p2p-src-zzh-2025/datasets/冰冻-2025/test_image/2022-06-28_11_18_14.kfb_1635.jpg,181,214,136,78,45,0.6355140186915887,0.7513812154696132,0.6886075949367088,0,1,10200,3,220,214,4.414729141655819,5.623252489987543,0,24,20,1,0,3,27,48
p2p_proto_fusion_a0p10_best_paraffin_to_frozen,0,644,/home/data/yh_1/SET_3/p2p-src-zzh-2025/datasets/冰冻-2025/test_image/2022-06-28_11_20_39.kfb_1088.jpg,18,27,13,14,5,0.48148148148148145,0.7222222222222222,0.5777777777777777,0,1,10200,16,28,27,3.6122095441578894,4.918369788389935,0,4,1,0,0,0,1,13
p2p_proto_fusion_a0p10_best_paraffin_to_frozen,0,645,/home/data/yh_1/SET_3/p2p-src-zzh-2025/datasets/冰冻-2025/test_image/2022-06-28_11_18_14.kfb_300.jpg,96,115,63,52,33,0.5478260869565217,0.65625,0.5971563981042655,0,1,10200,10,115,115,4.392747918923184,5.599734321473147,0,27,5,1,0,0,7,45
p2p_proto_fusion_a0p10_best_paraffin_to_frozen,0,646,/home/data/yh_1/SET_3/p2p-src-zzh-2025/datasets/冰冻-2025/test_image/2022-06-28_11_21_44.kfb_945.jpg,109,152,79,73,30,0.5197368421052632,0.7247706422018348,0.6053639846743295,0,1,10200,8,153,152,5.054871503230011,6.592064326322534,0,24,5,1,0,1,8,64
p2p_proto_fusion_a0p10_best_paraffin_to_frozen,0,647,/home/data/yh_1/SET_3/p2p-src-zzh-2025/datasets/冰冻-2025/test_image/2022-06-28_11_21_44.kfb_980.jpg,136,196,100,96,36,0.5102040816326531,0.7352941176470589,0.6024096385542169,0,1,10200,14,196,196,4.371520953842317,5.5210836791992275,0,26,8,2,0,0,11,85
p2p_proto_fusion_a0p10_best_paraffin_to_frozen,0,648,/home/data/yh_1/SET_3/p2p-src-zzh-2025/datasets/冰冻-2025/test_image/2022-06-28_11_21_44.kfb_1301.jpg,136,274,100,174,36,0.36496350364963503,0.7352941176470589,0.4878048780487805,0,1,10200,6,275,274,5.473390520983879,7.038357958793638,0,26,10,0,0,1,13,160
p2p_proto_fusion_a0p10_best_paraffin_to_frozen,0,649,/home/data/yh_1/SET_3/p2p-src-zzh-2025/datasets/冰冻-2025/test_image/2022-06-28_11_11_09.kfb_1741.jpg,32,71,23,48,9,0.323943661971831,0.71875,0.44660194174757284,0,1,10200,5,71,71,5.312112489083143,6.925042401189394,0,8,1,0,0,0,1,47
p2p_proto_fusion_a0p10_best_paraffin_to_frozen,0,650,/home/data/yh_1/SET_3/p2p-src-zzh-2025/datasets/冰冻-2025/test_image/2022-06-28_11_18_14.kfb_603.jpg,114,100,71,29,43,0.71,0.6228070175438597,0.663551401869159,0,1,10200,5,101,100,6.890325663321814,8.824293377865798,0,26,17,0,0,1,4,24
p2p_proto_fusion_a0p10_best_paraffin_to_frozen,0,651,/home/data/yh_1/SET_3/p2p-src-zzh-2025/datasets/冰冻-2025/test_image/2022-06-28_11_21_44.kfb_1431.jpg,165,335,147,188,18,0.4388059701492537,0.8909090909090909,0.588,0,1,10200,11,342,335,4.56261894582672,5.73736115539966,0,7,8,3,0,3,30,155
p2p_proto_fusion_a0p10_best_paraffin_to_frozen,0,652,/home/data/yh_1/SET_3/p2p-src-zzh-2025/datasets/冰冻-2025/test_image/2022-06-28_11_20_39.kfb_1261.jpg,35,52,14,38,21,0.2692307692307692,0.4,0.3218390804597701,0,1,10200,7,52,52,5.402526652139942,6.969539642333993,0,19,2,0,0,0,1,37
p2p_proto_fusion_a0p10_best_paraffin_to_frozen,0,653,/home/data/yh_1/SET_3/p2p-src-zzh-2025/datasets/冰冻-2025/test_image/2022-06-28_11_18_14.kfb_1753.jpg,65,66,41,25,24,0.6212121212121212,0.6307692307692307,0.6259541984732825,0,1,10200,8,67,66,3.732898433771814,4.79788270810755,0,22,2,0,0,0,2,23
p2p_proto_fusion_a0p10_best_paraffin_to_frozen,0,654,/home/data/yh_1/SET_3/p2p-src-zzh-2025/datasets/冰冻-2025/test_image/2022-06-28_11_20_39.kfb_1468.jpg,368,519,286,233,82,0.5510597302504817,0.7771739130434783,0.644870349492672,0,1,10200,1,521,519,4.6683438865895335,5.980965697265168,0,55,25,2,0,2,27,204
p2p_proto_fusion_a0p10_best_paraffin_to_frozen,0,655,/home/data/yh_1/SET_3/p2p-src-zzh-2025/datasets/冰冻-2025/test_image/2022-06-28_11_21_44.kfb_1822.jpg,269,411,214,197,55,0.5206812652068127,0.7955390334572491,0.6294117647058823,0,1,10200,1,414,411,5.462061662530118,6.908793389240158,0,29,22,4,0,1,32,164
p2p_proto_fusion_a0p10_best_paraffin_to_frozen,0,656,/home/data/yh_1/SET_3/p2p-src-zzh-2025/datasets/冰冻-2025/test_image/2022-06-28_11_18_14.kfb_2759.jpg,127,149,93,56,34,0.6241610738255033,0.7322834645669292,0.6739130434782609,0,1,10200,5,156,149,4.209938179321556,5.430482997689195,0,28,6,0,0,0,15,41
p2p_proto_fusion_a0p10_best_paraffin_to_frozen,0,657,/home/data/yh_1/SET_3/p2p-src-zzh-2025/datasets/冰冻-2025/test_image/2022-06-28_11_11_09.kfb_511.jpg,151,253,116,137,35,0.45849802371541504,0.7682119205298014,0.5742574257425743,0,1,10200,0,254,253,5.020413349342429,6.333686586084037,0,18,16,1,0,0,16,121
p2p_proto_fusion_a0p10_best_paraffin_to_frozen,0,658,/home/data/yh_1/SET_3/p2p-src-zzh-2025/datasets/冰冻-2025/test_image/2022-06-28_11_11_09.kfb_1401.jpg,114,206,80,126,34,0.3883495145631068,0.7017543859649122,0.5,0,1,10200,3,206,206,5.036476374346828,6.491009128093722,0,30,4,0,0,0,6,120
p2p_proto_fusion_a0p10_best_paraffin_to_frozen,0,659,/home/data/yh_1/SET_3/p2p-src-zzh-2025/datasets/冰冻-2025/test_image/2022-06-28_11_11_09.kfb_1983.jpg,14,85,12,73,2,0.1411764705882353,0.8571428571428571,0.2424242424242424,0,1,10200,9,86,85,8.005191646846049,9.998814582824709,0,2,0,0,0,0,2,71
p2p_proto_fusion_a0p10_best_paraffin_to_frozen,0,660,/home/data/yh_1/SET_3/p2p-src-zzh-2025/datasets/冰冻-2025/test_image/2022-06-28_11_18_14.kfb_3155.jpg,66,73,42,31,24,0.5753424657534246,0.6363636363636364,0.60431654676259,0,1,10200,8,73,73,4.244830902099012,5.410808040982203,0,21,3,0,0,0,1,30
p2p_proto_fusion_a0p10_best_paraffin_to_frozen,0,661,/home/data/yh_1/SET_3/p2p-src-zzh-2025/datasets/冰冻-2025/test_image/2022-06-28_11_18_14.kfb_845.jpg,136,101,73,28,63,0.7227722772277227,0.5367647058823529,0.6160337552742615,0,1,10200,8,102,101,4.544094058350035,5.929052183072864,0,62,1,0,0,1,1,26
p2p_proto_fusion_a0p10_best_paraffin_to_frozen,0,662,/home/data/yh_1/SET_3/p2p-src-zzh-2025/datasets/冰冻-2025/test_image/2022-06-28_11_20_39.kfb_3175.jpg,202,549,191,358,11,0.34790528233151186,0.9455445544554455,0.5086551264980026,0,1,10200,2,558,549,4.306908251841519,5.568216499857876,0,7,2,2,0,4,63,291
p2p_proto_fusion_a0p10_best_paraffin_to_frozen,0,663,/home/data/yh_1/SET_3/p2p-src-zzh-2025/datasets/冰冻-2025/test_image/2022-06-28_11_21_44.kfb_982.jpg,224,349,170,179,54,0.4871060171919771,0.7589285714285714,0.5933682373472949,0,1,10200,4,349,349,4.561103309380288,5.87816262806163,0,42,9,3,0,1,26,152
p2p_proto_fusion_a0p10_best_paraffin_to_frozen,0,664,/home/data/yh_1/SET_3/p2p-src-zzh-2025/datasets/冰冻-2025/test_image/2022-06-28_11_12_06.kfb_1855.jpg,0,374,0,0,0,0.0,0.0,0.0,1,0,10200,2,379,374,0.0,0.0,0,0,0,0,0,0,0,0
p2p_proto_fusion_a0p10_best_paraffin_to_frozen,0,665,/home/data/yh_1/SET_3/p2p-src-zzh-2025/datasets/冰冻-2025/test_image/2022-06-28_11_20_39.kfb_1118.jpg,231,439,197,242,34,0.44874715261959,0.8528138528138528,0.5880597014925373,0,1,10200,3,446,439,4.374029831087125,5.523798937724932,0,24,7,3,0,4,36,202
p2p_proto_fusion_a0p10_best_paraffin_to_frozen,0,666,/home/data/yh_1/SET_3/p2p-src-zzh-2025/datasets/冰冻-2025/test_image/2022-06-28_11_20_39.kfb_1978.jpg,85,196,54,142,31,0.2755102040816326,0.6352941176470588,0.38434163701067614,0,1,10200,12,198,196,5.073567227453019,6.549219202112266,0,23,7,1,0,1,11,130
p2p_proto_fusion_a0p10_best_paraffin_to_frozen,0,667,/home/data/yh_1/SET_3/p2p-src-zzh-2025/datasets/冰冻-2025/test_image/2022-06-28_11_20_39.kfb_1596.jpg,294,508,254,254,40,0.5,0.8639455782312925,0.6334164588528679,0,1,10200,2,515,508,4.771692598785634,6.129470097737048,0,20,17,3,0,1,35,218
p2p_proto_fusion_a0p10_best_paraffin_to_frozen,0,668,/home/data/yh_1/SET_3/p2p-src-zzh-2025/datasets/冰冻-2025/test_image/2022-06-28_11_18_14.kfb_2658.jpg,194,295,164,131,30,0.5559322033898305,0.845360824742268,0.6707566462167689,0,1,10200,7,295,295,4.173678586980958,5.336095085958154,0,20,9,1,0,0,21,110
p2p_proto_fusion_a0p10_best_paraffin_to_frozen,0,669,/home/data/yh_1/SET_3/p2p-src-zzh-2025/datasets/冰冻-2025/test_image/2022-06-28_11_20_39.kfb_2161.jpg,160,276,146,130,14,0.5289855072463768,0.9125,0.6697247706422018,0,1,10200,1,279,276,4.603485719242805,5.809186066666693,0,12,0,2,0,1,18,111
p2p_proto_fusion_a0p10_best_paraffin_to_frozen,0,670,/home/data/yh_1/SET_3/p2p-src-zzh-2025/datasets/冰冻-2025/test_image/2022-06-28_11_21_44.kfb_1753.jpg,112,150,74,76,38,0.49333333333333335,0.6607142857142857,0.5648854961832062,0,1,10200,8,152,150,4.915305215425406,6.3575065651455445,0,30,6,2,0,0,7,69
p2p_proto_fusion_a0p10_best_paraffin_to_frozen,0,671,/home/data/yh_1/SET_3/p2p-src-zzh-2025/datasets/冰冻-2025/test_image/2022-06-28_11_18_14.kfb_893.jpg,67,75,46,29,21,0.6133333333333333,0.6865671641791045,0.6478873239436619,0,1,10200,20,76,75,5.401073827680709,6.754714862160066,0,15,6,0,0,0,8,21
p2p_proto_fusion_a0p10_best_paraffin_to_frozen,0,672,/home/data/yh_1/SET_3/p2p-src-zzh-2025/datasets/冰冻-2025/test_image/2022-06-28_11_21_44.kfb_1315.jpg,174,231,126,105,48,0.5454545454545454,0.7241379310344828,0.6222222222222222,0,1,10200,5,232,231,4.3878186545669156,5.676102214389373,0,39,7,2,0,1,14,90
p2p_proto_fusion_a0p10_best_paraffin_to_frozen,0,673,/home/data/yh_1/SET_3/p2p-src-zzh-2025/datasets/冰冻-2025/test_image/2022-06-28_11_21_44.kfb_1503.jpg,82,167,48,119,34,0.2874251497005988,0.5853658536585366,0.3855421686746988,0,1,10200,23,167,167,6.440436090802113,8.139772862195967,0,28,6,0,0,2,10,107
p2p_proto_fusion_a0p10_best_paraffin_to_frozen,0,674,/home/data/yh_1/SET_3/p2p-src-zzh-2025/datasets/冰冻-2025/test_image/2022-06-28_11_18_14.kfb_1858.jpg,77,94,51,43,26,0.5425531914893617,0.6623376623376623,0.5964912280701754,0,1,10200,3,95,94,4.513486830991717,5.796596405552884,0,20,6,0,0,0,8,35
p2p_proto_fusion_a0p10_best_paraffin_to_frozen,0,675,/home/data/yh_1/SET_3/p2p-src-zzh-2025/datasets/冰冻-2025/test_image/2022-06-28_11_11_09.kfb_1619.jpg,110,155,85,70,25,0.5483870967741935,0.7727272727272727,0.6415094339622641,0,1,10200,5,157,155,4.939651241105993,6.324203693165504,0,17,7,1,0,0,8,62
p2p_proto_fusion_a0p10_best_paraffin_to_frozen,0,676,/home/data/yh_1/SET_3/p2p-src-zzh-2025/datasets/冰冻-2025/test_image/2022-06-28_11_20_39.kfb_1335.jpg,8,20,4,16,4,0.2,0.5,0.28571428571428575,0,1,10200,4,21,20,4.184555917377448,5.307041645050063,0,4,0,0,0,0,0,16
p2p_proto_fusion_a0p10_best_paraffin_to_frozen,0,677,/home/data/yh_1/SET_3/p2p-src-zzh-2025/datasets/冰冻-2025/test_image/2022-06-28_11_21_44.kfb_1579.jpg,89,123,52,71,37,0.42276422764227645,0.5842696629213483,0.4905660377358491,0,1,10200,37,125,123,5.705680652507168,7.156608604467834,0,29,7,1,0,1,11,59
p2p_proto_fusion_a0p10_best_paraffin_to_frozen,0,678,/home/data/yh_1/SET_3/p2p-src-zzh-2025/datasets/冰冻-2025/test_image/2022-06-28_11_20_39.kfb_369.jpg,155,259,120,139,35,0.46332046332046334,0.7741935483870968,0.5797101449275363,0,1,10200,5,261,259,4.298579974367674,5.588323195278644,0,19,16,0,0,0,26,113
p2p_proto_fusion_a0p10_best_paraffin_to_frozen,0,679,/home/data/yh_1/SET_3/p2p-src-zzh-2025/datasets/冰冻-2025/test_image/2022-06-28_11_21_44.kfb_1610.jpg,101,99,55,44,46,0.5555555555555556,0.5445544554455446,0.55,0,1,10200,12,99,99,4.716335415862438,5.941714364832092,0,41,4,1,0,0,7,37
p2p_proto_fusion_a0p10_best_paraffin_to_frozen,0,680,/home/data/yh_1/SET_3/p2p-src-zzh-2025/datasets/冰冻-2025/test_image/2022-06-28_11_18_14.kfb_600.jpg,169,100,84,16,85,0.84,0.4970414201183432,0.62453531598513,0,1,10200,5,100,100,6.147406553047569,7.805878935432728,0,66,19,0,0,0,2,14
p2p_proto_fusion_a0p10_best_paraffin_to_frozen,0,681,/home/data/yh_1/SET_3/p2p-src-zzh-2025/datasets/冰冻-2025/test_image/2022-06-28_11_18_14.kfb_275.jpg,183,242,139,103,44,0.5743801652892562,0.7595628415300546,0.6541176470588235,0,1,10200,1,246,242,4.807465598756561,6.123080802478373,0,30,13,1,0,3,14,86
p2p_proto_fusion_a0p10_best_paraffin_to_frozen,0,682,/home/data/yh_1/SET_3/p2p-src-zzh-2025/datasets/冰冻-2025/test_image/2022-06-28_11_11_09.kfb_2440.jpg,156,269,135,134,21,0.5018587360594795,0.8653846153846154,0.6352941176470588,0,1,10200,7,273,269,5.308969009649124,6.750526135939141,0,11,10,0,0,2,20,112
p2p_proto_fusion_a0p10_best_paraffin_to_frozen,0,683,/home/data/yh_1/SET_3/p2p-src-zzh-2025/datasets/冰冻-2025/test_image/2022-06-28_11_18_14.kfb_2332.jpg,30,59,22,37,8,0.3728813559322034,0.7333333333333333,0.49438202247191015,0,1,10200,3,62,59,3.5551685657141094,4.531868847933682,0,7,0,1,0,0,0,37
p2p_proto_fusion_a0p10_best_paraffin_to_frozen,0,684,/home/data/yh_1/SET_3/p2p-src-zzh-2025/datasets/冰冻-2025/test_image/2022-06-28_11_21_44.kfb_901.jpg,162,293,130,163,32,0.44368600682593856,0.8024691358024691,0.5714285714285715,0,1,10200,2,294,293,4.653841107009282,5.998093865467951,0,22,9,1,0,1,22,140
p2p_proto_fusion_a0p10_best_paraffin_to_frozen,0,685,/home/data/yh_1/SET_3/p2p-src-zzh-2025/datasets/冰冻-2025/test_image/2022-06-28_11_11_09.kfb_2363.jpg,70,195,54,141,16,0.27692307692307694,0.7714285714285715,0.4075471698113208,0,1,10200,14,197,195,5.109759113011817,6.534685399797234,0,10,5,1,0,1,10,130
p2p_proto_fusion_a0p10_best_paraffin_to_frozen,0,686,/home/data/yh_1/SET_3/p2p-src-zzh-2025/datasets/冰冻-2025/test_image/2022-06-28_11_20_39.kfb_2428.jpg,70,104,51,53,19,0.49038461538461536,0.7285714285714285,0.5862068965517241,0,1,10200,7,105,104,4.433344846732969,5.674561537948311,0,16,3,0,0,1,3,49
p2p_proto_fusion_a0p10_best_paraffin_to_frozen,0,687,/home/data/yh_1/SET_3/p2p-src-zzh-2025/datasets/冰冻-2025/test_image/2022-06-28_11_20_39.kfb_2112.jpg,179,394,158,236,21,0.4010152284263959,0.88268156424581,0.5514834205933682,0,1,10200,6,396,394,4.864796834021655,6.1943707013432,0,12,8,1,0,5,26,205
p2p_proto_fusion_a0p10_best_paraffin_to_frozen,0,688,/home/data/yh_1/SET_3/p2p-src-zzh-2025/datasets/冰冻-2025/test_image/2022-06-28_11_20_39.kfb_1597.jpg,262,470,221,249,41,0.4702127659574468,0.8435114503816794,0.6038251366120219,0,1,10200,1,474,470,4.719567145009413,5.936365269967332,0,28,10,3,0,3,48,198
p2p_proto_fusion_a0p10_best_paraffin_to_frozen,0,689,/home/data/yh_1/SET_3/p2p-src-zzh-2025/datasets/冰冻-2025/test_image/2022-06-28_11_11_09.kfb_2469.jpg,53,100,42,58,11,0.42,0.7924528301886793,0.5490196078431373,0,1,10200,3,100,100,4.701083113347668,5.864552441097439,0,10,1,0,0,0,7,51
p2p_proto_fusion_a0p10_best_paraffin_to_frozen,0,690,/home/data/yh_1/SET_3/p2p-src-zzh-2025/datasets/冰冻-2025/test_image/2022-06-28_11_18_14.kfb_2741.jpg,44,73,32,41,12,0.4383561643835616,0.7272727272727273,0.547008547008547,0,1,10200,10,73,73,3.370210355454149,4.252606660127638,0,10,2,0,0,0,4,37
p2p_proto_fusion_a0p10_best_paraffin_to_frozen,0,691,/home/data/yh_1/SET_3/p2p-src-zzh-2025/datasets/冰冻-2025/test_image/2022-06-28_11_18_14.kfb_1124.jpg,15,23,13,10,2,0.5652173913043478,0.8666666666666667,0.6842105263157895,0,1,10200,14,23,23,4.390907130540251,5.699728305523239,0,2,0,0,0,0,0,10
p2p_proto_fusion_a0p10_best_paraffin_to_frozen,0,692,/home/data/yh_1/SET_3/p2p-src-zzh-2025/datasets/冰冻-2025/test_image/2022-06-28_11_20_39.kfb_2667.jpg,217,526,199,327,18,0.37832699619771865,0.9170506912442397,0.5356662180349933,0,1,10200,6,536,526,4.62481734107828,5.908936212410283,0,15,2,1,0,1,39,287
p2p_proto_fusion_a0p10_best_paraffin_to_frozen,0,693,/home/data/yh_1/SET_3/p2p-src-zzh-2025/datasets/冰冻-2025/test_image/2022-06-28_11_12_06.kfb_2886.jpg,0,471,0,0,0,0.0,0.0,0.0,1,0,10200,0,476,471,0.0,0.0,0,0,0,0,0,0,0,0
p2p_proto_fusion_a0p10_best_paraffin_to_frozen,0,694,/home/data/yh_1/SET_3/p2p-src-zzh-2025/datasets/冰冻-2025/test_image/2022-06-28_11_20_39.kfb_2748.jpg,146,302,128,174,18,0.423841059602649,0.8767123287671232,0.5714285714285715,0,1,10200,1,305,302,4.606746369895378,5.939092222601175,0,15,2,1,0,1,20,153
p2p_proto_fusion_a0p10_best_paraffin_to_frozen,0,695,/home/data/yh_1/SET_3/p2p-src-zzh-2025/datasets/冰冻-2025/test_image/2022-06-28_11_20_39.kfb_970.jpg,74,157,56,101,18,0.35668789808917195,0.7567567567567568,0.4848484848484849,0,1,10200,0,160,157,4.685527298528499,6.100131886346003,0,14,4,0,0,0,9,92
p2p_proto_fusion_a0p10_best_paraffin_to_frozen,0,696,/home/data/yh_1/SET_3/p2p-src-zzh-2025/datasets/冰冻-2025/test_image/2022-06-28_11_20_39.kfb_2116.jpg,158,263,126,137,32,0.4790874524714829,0.7974683544303798,0.5985748218527316,0,1,10200,5,267,263,4.112571078546756,5.208991079103379,0,21,11,0,0,0,23,114
p2p_proto_fusion_a0p10_best_paraffin_to_frozen,0,697,/home/data/yh_1/SET_3/p2p-src-zzh-2025/datasets/冰冻-2025/test_image/2022-06-28_11_21_44.kfb_1747.jpg,251,373,208,165,43,0.5576407506702413,0.8286852589641435,0.6666666666666667,0,1,10200,4,378,373,4.673456256115319,6.043193175242497,0,25,16,2,0,4,30,131
p2p_proto_fusion_a0p10_best_paraffin_to_frozen,0,698,/home/data/yh_1/SET_3/p2p-src-zzh-2025/datasets/冰冻-2025/test_image/2022-06-28_11_21_44.kfb_1506.jpg,134,266,107,159,27,0.40225563909774437,0.7985074626865671,0.535,0,1,10200,4,268,266,4.912141222515916,6.243206806271994,0,22,4,1,0,2,12,145
p2p_proto_fusion_a0p10_best_paraffin_to_frozen,0,699,/home/data/yh_1/SET_3/p2p-src-zzh-2025/datasets/冰冻-2025/test_image/2022-06-28_11_20_39.kfb_2778.jpg,221,404,183,221,38,0.452970297029703,0.8280542986425339,0.5856,0,1,10200,1,408,404,4.3754396352642315,5.570201628846548,0,25,13,0,0,0,31,190
p2p_proto_fusion_a0p10_best_paraffin_to_frozen,0,700,/home/data/yh_1/SET_3/p2p-src-zzh-2025/datasets/冰冻-2025/test_image/2022-06-28_11_20_39.kfb_373.jpg,482,552,363,189,119,0.657608695652174,0.7531120331950207,0.7021276595744682,0,1,10200,6,560,552,6.679854755218143,8.540028577032235,0,65,54,0,0,3,47,139
p2p_proto_fusion_a0p10_best_paraffin_to_frozen,0,701,/home/data/yh_1/SET_3/p2p-src-zzh-2025/datasets/冰冻-2025/test_image/2022-06-28_11_18_14.kfb_1833.jpg,128,200,111,89,17,0.555,0.8671875,0.6768292682926829,0,1,10200,12,200,200,4.452715207517935,5.570775109368398,0,12,5,0,0,0,14,75
p2p_proto_fusion_a0p10_best_paraffin_to_frozen,0,702,/home/data/yh_1/SET_3/p2p-src-zzh-2025/datasets/冰冻-2025/test_image/2022-06-28_11_21_44.kfb_2150.jpg,171,374,135,239,36,0.3609625668449198,0.7894736842105263,0.49541284403669716,0,1,10200,4,380,374,5.106315521794466,6.4484407460248026,0,25,11,0,0,1,27,211
p2p_proto_fusion_a0p10_best_paraffin_to_frozen,0,703,/home/data/yh_1/SET_3/p2p-src-zzh-2025/datasets/冰冻-2025/test_image/2022-06-28_11_18_14.kfb_1049.jpg,36,47,21,26,15,0.44680851063829785,0.5833333333333334,0.5060240963855422,0,1,10200,7,48,47,4.287579695326147,5.3598858061291015,0,13,2,0,0,0,2,24
p2p_proto_fusion_a0p10_best_paraffin_to_frozen,0,704,/home/data/yh_1/SET_3/p2p-src-zzh-2025/datasets/冰冻-2025/test_image/2022-06-28_11_21_44.kfb_1907.jpg,84,162,67,95,17,0.41358024691358025,0.7976190476190477,0.5447154471544715,0,1,10200,28,162,162,4.730989879112425,5.920497225291687,0,12,5,0,0,0,12,83
p2p_proto_fusion_a0p10_best_paraffin_to_frozen,0,705,/home/data/yh_1/SET_3/p2p-src-zzh-2025/datasets/冰冻-2025/test_image/2022-06-28_11_11_09.kfb_1616.jpg,276,410,237,173,39,0.5780487804878048,0.8586956521739131,0.6909620991253643,0,1,10200,6,415,410,4.9033234858118515,6.170035840086796,0,24,11,4,0,4,23,146
p2p_proto_fusion_a0p10_best_paraffin_to_frozen,0,706,/home/data/yh_1/SET_3/p2p-src-zzh-2025/datasets/冰冻-2025/test_image/2022-06-28_11_11_09.kfb_1906.jpg,54,160,46,114,8,0.2875,0.8518518518518519,0.42990654205607476,0,1,10200,29,162,160,6.550141896582937,8.419049542883169,0,6,2,0,0,0,7,107
p2p_proto_fusion_a0p10_best_paraffin_to_frozen,0,707,/home/data/yh_1/SET_3/p2p-src-zzh-2025/datasets/冰冻-2025/test_image/2022-06-28_11_20_39.kfb_2814.jpg,107,286,92,194,15,0.32167832167832167,0.8598130841121495,0.4681933842239185,0,1,10200,25,290,286,4.842314296250214,6.161244319832848,0,10,5,0,0,1,16,177
p2p_proto_fusion_a0p10_best_paraffin_to_frozen,0,708,/home/data/yh_1/SET_3/p2p-src-zzh-2025/datasets/冰冻-2025/test_image/2022-06-28_11_18_14.kfb_3065.jpg,106,176,85,91,21,0.48295454545454547,0.8018867924528302,0.6028368794326241,0,1,10200,12,177,176,4.2280926516007185,5.319843662486357,0,14,7,0,0,0,11,80
p2p_proto_fusion_a0p10_best_paraffin_to_frozen,0,709,/home/data/yh_1/SET_3/p2p-src-zzh-2025/datasets/冰冻-2025/test_image/2022-06-28_11_21_44.kfb_2292.jpg,184,304,145,159,39,0.4769736842105263,0.7880434782608695,0.5942622950819673,0,1,10200,0,308,304,5.045054178740659,6.411830622893246,0,29,9,1,0,3,27,129
p2p_proto_fusion_a0p10_best_paraffin_to_frozen,0,710,/home/data/yh_1/SET_3/p2p-src-zzh-2025/datasets/冰冻-2025/test_image/2022-06-28_11_20_39.kfb_798.jpg,337,536,291,245,46,0.542910447761194,0.8635014836795252,0.6666666666666666,0,1,10200,0,538,536,4.749055627338355,6.048873510557352,0,27,15,4,0,2,47,196
p2p_proto_fusion_a0p10_best_paraffin_to_frozen,0,711,/home/data/yh_1/SET_3/p2p-src-zzh-2025/datasets/冰冻-2025/test_image/2022-06-28_11_11_09.kfb_2437.jpg,69,131,55,76,14,0.4198473282442748,0.7971014492753623,0.55,0,1,10200,1,133,131,4.938942008923734,6.268269521539861,0,9,5,0,0,1,8,67
p2p_proto_fusion_a0p10_best_paraffin_to_frozen,0,712,/home/data/yh_1/SET_3/p2p-src-zzh-2025/datasets/冰冻-2025/test_image/2022-06-28_11_20_39.kfb_1683.jpg,263,484,225,259,38,0.46487603305785125,0.8555133079847909,0.6024096385542168,0,1,10200,1,493,484,4.734930129204642,6.011156941519844,0,20,15,3,0,0,40,219
p2p_proto_fusion_a0p10_best_paraffin_to_frozen,0,713,/home/data/yh_1/SET_3/p2p-src-zzh-2025/datasets/冰冻-2025/test_image/2022-06-28_11_11_09.kfb_2466.jpg,16,46,10,36,6,0.21739130434782608,0.625,0.3225806451612903,0,1,10200,27,46,46,6.005680510642252,7.615116500854498,0,6,0,0,0,0,0,36
p2p_proto_fusion_a0p10_best_paraffin_to_frozen,0,714,/home/data/yh_1/SET_3/p2p-src-zzh-2025/datasets/冰冻-2025/test_image/2022-06-28_11_18_14.kfb_3314.jpg,54,83,41,42,13,0.4939759036144578,0.7592592592592593,0.5985401459854014,0,1,10200,8,84,83,4.2644582505061575,5.534722607310223,0,11,2,0,0,0,1,41
p2p_proto_fusion_a0p10_best_paraffin_to_frozen,0,715,/home/data/yh_1/SET_3/p2p-src-zzh-2025/datasets/冰冻-2025/test_image/2022-06-28_11_21_44.kfb_1888.jpg,156,278,135,143,21,0.4856115107913669,0.8653846153846154,0.6221198156682026,0,1,10200,12,278,278,4.4995783575302415,5.609784207520663,0,18,3,0,0,1,23,119
p2p_proto_fusion_a0p10_best_paraffin_to_frozen,0,716,/home/data/yh_1/SET_3/p2p-src-zzh-2025/datasets/冰冻-2025/test_image/2022-06-28_11_20_39.kfb_1011.jpg,114,197,93,104,21,0.4720812182741117,0.8157894736842105,0.5980707395498391,0,1,10200,8,198,197,4.421145838381568,5.655083817820395,0,11,8,2,0,0,10,94
p2p_proto_fusion_a0p10_best_paraffin_to_frozen,0,717,/home/data/yh_1/SET_3/p2p-src-zzh-2025/datasets/冰冻-2025/test_image/2022-06-28_11_20_39.kfb_2560.jpg,16,16,7,9,9,0.4375,0.4375,0.4375,0,1,10200,3,16,16,3.8726763601489766,4.874340329851421,0,8,0,1,0,0,0,9
p2p_proto_fusion_a0p10_best_paraffin_to_frozen,0,718,/home/data/yh_1/SET_3/p2p-src-zzh-2025/datasets/冰冻-2025/test_image/2022-06-28_11_12_06.kfb_2669.jpg,246,224,141,83,105,0.6294642857142857,0.573170731707317,0.6,0,1,10200,4,224,224,4.463324891668744,5.720930178960166,0,94,10,1,0,0,13,70
p2p_proto_fusion_a0p10_best_paraffin_to_frozen,0,719,/home/data/yh_1/SET_3/p2p-src-zzh-2025/datasets/冰冻-2025/test_image/2022-06-28_11_12_06.kfb_777.jpg,0,354,0,0,0,0.0,0.0,0.0,1,0,10200,2,360,354,0.0,0.0,0,0,0,0,0,0,0,0
p2p_proto_fusion_a0p10_best_paraffin_to_frozen,0,720,/home/data/yh_1/SET_3/p2p-src-zzh-2025/datasets/冰冻-2025/test_image/2022-06-28_11_20_39.kfb_1124.jpg,306,606,262,344,44,0.43234323432343236,0.8562091503267973,0.574561403508772,0,1,10200,2,614,606,5.019614959380476,6.364366926309718,0,24,16,4,0,1,81,262
p2p_proto_fusion_a0p10_best_paraffin_to_frozen,0,721,/home/data/yh_1/SET_3/p2p-src-zzh-2025/datasets/冰冻-2025/test_image/2022-06-28_11_20_39.kfb_1448.jpg,317,604,275,329,42,0.4552980132450331,0.8675078864353313,0.5971769815418024,0,1,10200,8,611,604,4.964396162804053,6.336577750119294,0,24,17,1,0,1,55,273
p2p_proto_fusion_a0p10_best_paraffin_to_frozen,0,722,/home/data/yh_1/SET_3/p2p-src-zzh-2025/datasets/冰冻-2025/test_image/2022-06-28_11_11_09.kfb_1942.jpg,299,445,241,204,58,0.5415730337078651,0.8060200668896321,0.6478494623655914,0,1,10200,8,455,445,4.958553374666759,6.2878003016547055,0,33,21,4,0,4,36,164
p2p_proto_fusion_a0p10_best_paraffin_to_frozen,0,723,/home/data/yh_1/SET_3/p2p-src-zzh-2025/datasets/冰冻-2025/test_image/2022-06-28_11_18_14.kfb_1819.jpg,106,171,76,95,30,0.4444444444444444,0.7169811320754716,0.5487364620938627,0,1,10200,3,171,171,4.382278057701473,5.688444118750722,0,26,4,0,0,0,9,86
p2p_proto_fusion_a0p10_best_paraffin_to_frozen,0,724,/home/data/yh_1/SET_3/p2p-src-zzh-2025/datasets/冰冻-2025/test_image/2022-06-28_11_18_14.kfb_523.jpg,27,40,20,20,7,0.5,0.7407407407407407,0.5970149253731343,0,1,10200,5,40,40,3.834139838954801,4.752339982986448,0,5,1,1,0,0,1,19
p2p_proto_fusion_a0p10_best_paraffin_to_frozen,0,725,/home/data/yh_1/SET_3/p2p-src-zzh-2025/datasets/冰冻-2025/test_image/2022-06-28_11_12_06.kfb_1363.jpg,0,96,0,0,0,0.0,0.0,0.0,1,0,10200,7,97,96,0.0,0.0,0,0,0,0,0,0,0,0
p2p_proto_fusion_a0p10_best_paraffin_to_frozen,0,726,/home/data/yh_1/SET_3/p2p-src-zzh-2025/datasets/冰冻-2025/test_image/2022-06-28_11_21_44.kfb_730.jpg,265,392,201,191,64,0.5127551020408163,0.7584905660377359,0.6118721461187214,0,1,10200,0,396,392,4.953731828285846,6.3365022554919515,0,46,18,0,0,2,30,159
p2p_proto_fusion_a0p10_best_paraffin_to_frozen,0,727,/home/data/yh_1/SET_3/p2p-src-zzh-2025/datasets/冰冻-2025/test_image/2022-06-28_11_20_39.kfb_1832.jpg,69,100,47,53,22,0.47,0.6811594202898551,0.5562130177514792,0,1,10200,2,100,100,4.730904889104503,6.080026058440515,0,20,2,0,0,0,3,50
p2p_proto_fusion_a0p10_best_paraffin_to_frozen,0,728,/home/data/yh_1/SET_3/p2p-src-zzh-2025/datasets/冰冻-2025/test_image/2022-06-28_11_18_14.kfb_1501.jpg,21,40,14,26,7,0.35,0.6666666666666666,0.4590163934426229,0,1,10200,12,40,40,4.391144692000813,5.75907693590437,0,5,2,0,0,0,1,25
p2p_proto_fusion_a0p10_best_paraffin_to_frozen,0,729,/home/data/yh_1/SET_3/p2p-src-zzh-2025/datasets/冰冻-2025/test_image/2022-06-28_11_11_09.kfb_2228.jpg,139,213,118,95,21,0.5539906103286385,0.8489208633093526,0.6704545454545455,0,1,10200,16,217,213,5.536467772350635,7.106070057820464,0,13,5,3,0,2,12,81
p2p_proto_fusion_a0p10_best_paraffin_to_frozen,0,730,/home/data/yh_1/SET_3/p2p-src-zzh-2025/datasets/冰冻-2025/test_image/2022-06-28_11_21_44.kfb_2186.jpg,169,287,133,154,36,0.4634146341463415,0.7869822485207101,0.5833333333333334,0,1,10200,2,287,287,4.435666490572297,5.727687301492333,0,28,7,1,0,1,13,140
p2p_proto_fusion_a0p10_best_paraffin_to_frozen,0,731,/home/data/yh_1/SET_3/p2p-src-zzh-2025/datasets/冰冻-2025/test_image/2022-06-28_11_21_44.kfb_1455.jpg,229,416,190,226,39,0.4567307692307692,0.8296943231441049,0.5891472868217054,0,1,10200,0,420,416,5.247707823736148,6.642893678263614,0,20,16,3,0,0,29,197
p2p_proto_fusion_a0p10_best_paraffin_to_frozen,0,732,/home/data/yh_1/SET_3/p2p-src-zzh-2025/datasets/冰冻-2025/test_image/2022-06-28_11_21_44.kfb_718.jpg,187,249,152,97,35,0.6104417670682731,0.8128342245989305,0.6972477064220184,0,1,10200,21,254,249,4.250950108200295,5.3580095250355555,0,25,5,5,0,0,16,81
p2p_proto_fusion_a0p10_best_paraffin_to_frozen,0,733,/home/data/yh_1/SET_3/p2p-src-zzh-2025/datasets/冰冻-2025/test_image/2022-06-28_11_21_44.kfb_1982.jpg,55,72,33,39,22,0.4583333333333333,0.6,0.5196850393700787,0,1,10200,8,73,72,5.00308659688248,6.566592866724188,0,21,1,0,0,1,6,32
p2p_proto_fusion_a0p10_best_paraffin_to_frozen,0,734,/home/data/yh_1/SET_3/p2p-src-zzh-2025/datasets/冰冻-2025/test_image/2022-06-28_11_20_39.kfb_762.jpg,171,525,143,382,28,0.2723809523809524,0.8362573099415205,0.4109195402298851,0,1,10200,14,527,525,4.6915098876724945,6.0717842462179545,0,16,10,2,0,3,45,334
p2p_proto_fusion_a0p10_best_paraffin_to_frozen,0,735,/home/data/yh_1/SET_3/p2p-src-zzh-2025/datasets/冰冻-2025/test_image/2022-06-28_11_21_44.kfb_951.jpg,181,295,156,139,25,0.5288135593220339,0.861878453038674,0.6554621848739495,0,1,10200,7,297,295,4.836455789923266,6.130292125237297,0,19,4,2,0,0,28,111
p2p_proto_fusion_a0p10_best_paraffin_to_frozen,0,736,/home/data/yh_1/SET_3/p2p-src-zzh-2025/datasets/冰冻-2025/test_image/2022-06-28_11_11_09.kfb_1483.jpg,34,108,28,80,6,0.25925925925925924,0.8235294117647058,0.39436619718309857,0,1,10200,45,111,108,5.2556010246224725,6.710027217864992,0,5,1,0,0,0,7,73
p2p_proto_fusion_a0p10_best_paraffin_to_frozen,0,737,/home/data/yh_1/SET_3/p2p-src-zzh-2025/datasets/冰冻-2025/test_image/2022-06-28_11_20_39.kfb_998.jpg,152,268,129,139,23,0.48134328358208955,0.8486842105263158,0.6142857142857142,0,1,10200,2,269,268,5.070747161570748,6.438545326853907,0,20,3,0,0,1,16,122
p2p_proto_fusion_a0p10_best_paraffin_to_frozen,0,738,/home/data/yh_1/SET_3/p2p-src-zzh-2025/datasets/冰冻-2025/test_image/2022-06-28_11_20_39.kfb_2690.jpg,201,390,167,223,34,0.4282051282051282,0.8308457711442786,0.5651438240270727,0,1,10200,3,395,390,4.4274948504357186,5.565330244110016,0,22,8,4,0,0,34,189
p2p_proto_fusion_a0p10_best_paraffin_to_frozen,0,739,/home/data/yh_1/SET_3/p2p-src-zzh-2025/datasets/冰冻-2025/test_image/2022-06-28_11_21_44.kfb_491.jpg,150,203,113,90,37,0.5566502463054187,0.7533333333333333,0.6402266288951841,0,1,10200,1,204,203,4.5325988271291,5.755608187312571,0,25,12,0,0,1,17,72
p2p_proto_fusion_a0p10_best_paraffin_to_frozen,0,740,/home/data/yh_1/SET_3/p2p-src-zzh-2025/datasets/冰冻-2025/test_image/2022-06-28_11_11_09.kfb_2021.jpg,16,35,11,24,5,0.3142857142857143,0.6875,0.43137254901960786,0,1,10200,7,35,35,4.055545386082005,5.220014398748228,0,5,0,0,0,0,0,24
p2p_proto_fusion_a0p10_best_paraffin_to_frozen,0,741,/home/data/yh_1/SET_3/p2p-src-zzh-2025/datasets/冰冻-2025/test_image/2022-06-28_11_11_09.kfb_2090.jpg,297,492,252,240,45,0.5121951219512195,0.8484848484848485,0.6387832699619772,0,1,10200,11,498,492,5.144394294410554,6.54306097825368,0,26,15,4,0,7,50,183
p2p_proto_fusion_a0p10_best_paraffin_to_frozen,0,742,/home/data/yh_1/SET_3/p2p-src-zzh-2025/datasets/冰冻-2025/test_image/2022-06-28_11_11_09.kfb_797.jpg,0,194,0,0,0,0.0,0.0,0.0,1,0,10200,6,195,194,0.0,0.0,0,0,0,0,0,0,0,0
p2p_proto_fusion_a0p10_best_paraffin_to_frozen,0,743,/home/data/yh_1/SET_3/p2p-src-zzh-2025/datasets/冰冻-2025/test_image/2022-06-28_11_21_44.kfb_2448.jpg,139,179,87,92,52,0.4860335195530726,0.6258992805755396,0.5471698113207547,0,1,10200,3,179,179,4.959176370690501,6.20760872066441,0,35,14,3,0,1,11,80
p2p_proto_fusion_a0p10_best_paraffin_to_frozen,0,744,/home/data/yh_1/SET_3/p2p-src-zzh-2025/datasets/冰冻-2025/test_image/2022-06-28_11_21_44.kfb_1149.jpg,386,761,341,420,45,0.4480946123521682,0.883419689119171,0.5945945945945945,0,1,10200,9,778,761,5.081018825747593,6.46433033481721,0,21,18,6,0,5,78,337
p2p_proto_fusion_a0p10_best_paraffin_to_frozen,0,745,/home/data/yh_1/SET_3/p2p-src-zzh-2025/datasets/冰冻-2025/test_image/2022-06-28_11_20_39.kfb_3144.jpg,190,527,180,347,10,0.3415559772296015,0.9473684210526315,0.502092050209205,0,1,10200,10,533,527,4.562516813193261,5.831755463282267,0,3,5,2,0,3,50,294
p2p_proto_fusion_a0p10_best_paraffin_to_frozen,0,746,/home/data/yh_1/SET_3/p2p-src-zzh-2025/datasets/冰冻-2025/test_image/2022-06-28_11_11_09.kfb_1193.jpg,91,235,78,157,13,0.33191489361702126,0.8571428571428571,0.47852760736196315,0,1,10200,10,236,235,5.066305370392003,6.4342727936231165,0,5,5,3,0,1,13,143
p2p_proto_fusion_a0p10_best_paraffin_to_frozen,0,747,/home/data/yh_1/SET_3/p2p-src-zzh-2025/datasets/冰冻-2025/test_image/2022-06-28_11_18_14.kfb_1995.jpg,136,302,127,175,9,0.4205298013245033,0.9338235294117647,0.5799086757990868,0,1,10200,7,306,302,4.715653622396081,6.034612490436225,0,5,4,0,0,1,27,147
p2p_proto_fusion_a0p10_best_paraffin_to_frozen,0,748,/home/data/yh_1/SET_3/p2p-src-zzh-2025/datasets/冰冻-2025/test_image/2022-06-28_11_20_39.kfb_1693.jpg,427,711,361,350,66,0.5077355836849508,0.8454332552693209,0.6344463971880493,0,1,10200,1,719,711,5.0078404051455125,6.39619029393817,0,36,29,1,0,5,77,268
p2p_proto_fusion_a0p10_best_paraffin_to_frozen,0,749,/home/data/yh_1/SET_3/p2p-src-zzh-2025/datasets/冰冻-2025/test_image/2022-06-28_11_20_39.kfb_836.jpg,186,271,133,138,53,0.4907749077490775,0.7150537634408602,0.5820568927789934,0,1,10200,2,272,271,4.695857474855229,6.045952332647228,0,41,12,0,0,1,15,122
p2p_proto_fusion_a0p10_best_paraffin_to_frozen,0,750,/home/data/yh_1/SET_3/p2p-src-zzh-2025/datasets/冰冻-2025/test_image/2022-06-28_11_20_39.kfb_2532.jpg,234,489,197,292,37,0.40286298568507156,0.8418803418803419,0.5449515905947442,0,1,10200,5,496,489,4.217127325540987,5.40405740108587,0,22,12,3,0,2,43,247
p2p_proto_fusion_a0p10_best_paraffin_to_frozen,0,751,/home/data/yh_1/SET_3/p2p-src-zzh-2025/datasets/冰冻-2025/test_image/2022-06-28_11_18_14.kfb_3068.jpg,44,67,29,38,15,0.43283582089552236,0.6590909090909091,0.5225225225225224,0,1,10200,10,67,67,4.266178644153752,5.474001095212734,0,11,3,1,0,0,4,34
p2p_proto_fusion_a0p10_best_paraffin_to_frozen,0,752,/home/data/yh_1/SET_3/p2p-src-zzh-2025/datasets/冰冻-2025/test_image/2022-06-28_11_20_39.kfb_3069.jpg,122,522,114,408,8,0.21839080459770116,0.9344262295081968,0.3540372670807454,0,1,10200,3,530,522,4.663557366061386,5.945148626963295,0,2,5,1,0,1,33,374
p2p_proto_fusion_a0p10_best_paraffin_to_frozen,0,753,/home/data/yh_1/SET_3/p2p-src-zzh-2025/datasets/冰冻-2025/test_image/2022-06-28_11_12_06.kfb_1546.jpg,194,247,141,106,53,0.5708502024291497,0.7268041237113402,0.6394557823129251,0,1,10200,4,248,247,4.610460539414966,5.925158514198682,0,39,12,2,0,2,14,90
p2p_proto_fusion_a0p10_best_paraffin_to_frozen,0,754,/home/data/yh_1/SET_3/p2p-src-zzh-2025/datasets/冰冻-2025/test_image/2022-06-28_11_11_09.kfb_927.jpg,227,384,187,197,40,0.4869791666666667,0.8237885462555066,0.6121112929623568,0,1,10200,2,388,384,4.525779676642622,5.7466767726735,0,26,8,6,0,1,24,172
p2p_proto_fusion_a0p10_best_paraffin_to_frozen,0,755,/home/data/yh_1/SET_3/p2p-src-zzh-2025/datasets/冰冻-2025/test_image/2022-06-28_11_20_39.kfb_2759.jpg,135,290,117,173,18,0.40344827586206894,0.8666666666666667,0.5505882352941176,0,1,10200,3,291,290,4.377691610200462,5.574530837882278,0,16,1,1,0,0,17,156
p2p_proto_fusion_a0p10_best_paraffin_to_frozen,0,756,/home/data/yh_1/SET_3/p2p-src-zzh-2025/datasets/冰冻-2025/test_image/2022-06-28_11_21_44.kfb_2293.jpg,256,441,218,223,38,0.4943310657596372,0.8515625,0.6255380200860832,0,1,10200,5,443,441,5.341222021908587,6.786326423889386,0,18,19,1,0,4,42,177
p2p_proto_fusion_a0p10_best_paraffin_to_frozen,0,757,/home/data/yh_1/SET_3/p2p-src-zzh-2025/datasets/冰冻-2025/test_image/2022-06-28_11_21_44.kfb_1643.jpg,142,213,103,110,39,0.4835680751173709,0.7253521126760564,0.5802816901408451,0,1,10200,3,214,213,4.996993467619217,6.364435061667732,0,32,7,0,0,0,17,93
p2p_proto_fusion_a0p10_best_paraffin_to_frozen,0,758,/home/data/yh_1/SET_3/p2p-src-zzh-2025/datasets/冰冻-2025/test_image/2022-06-28_11_20_39.kfb_1443.jpg,249,445,205,240,44,0.4606741573033708,0.8232931726907631,0.590778097982709,0,1,10200,1,446,445,4.552082228453831,5.774368204721591,0,32,9,3,0,3,33,204
p2p_proto_fusion_a0p10_best_paraffin_to_frozen,0,759,/home/data/yh_1/SET_3/p2p-src-zzh-2025/datasets/冰冻-2025/test_image/2022-06-28_11_11_09.kfb_1137.jpg,23,100,19,81,4,0.19,0.8260869565217391,0.3089430894308943,0,1,10200,41,100,100,6.3556845219742755,8.100901101764876,0,3,1,0,0,0,3,78
p2p_proto_fusion_a0p10_best_paraffin_to_frozen,0,760,/home/data/yh_1/SET_3/p2p-src-zzh-2025/datasets/冰冻-2025/test_image/2022-06-28_11_21_44.kfb_2372.jpg,222,413,185,228,37,0.44794188861985473,0.8333333333333334,0.5826771653543307,0,1,10200,4,416,413,4.752233963202314,6.047865086677472,0,20,16,1,0,1,23,204
p2p_proto_fusion_a0p10_best_paraffin_to_frozen,0,761,/home/data/yh_1/SET_3/p2p-src-zzh-2025/datasets/冰冻-2025/test_image/2022-06-28_11_18_14.kfb_363.jpg,125,120,85,35,40,0.7083333333333334,0.68,0.6938775510204083,0,1,10200,9,122,120,4.062300234255938,5.200972141939045,0,29,10,1,0,0,7,28
p2p_proto_fusion_a0p10_best_paraffin_to_frozen,0,762,/home/data/yh_1/SET_3/p2p-src-zzh-2025/datasets/冰冻-2025/test_image/2022-06-28_11_20_39.kfb_2806.jpg,180,394,155,239,25,0.3934010152284264,0.8611111111111112,0.5400696864111498,0,1,10200,3,399,394,4.353604268790597,5.547303781201764,0,18,6,1,0,4,31,204
p2p_proto_fusion_a0p10_best_paraffin_to_frozen,0,763,/home/data/yh_1/SET_3/p2p-src-zzh-2025/datasets/冰冻-2025/test_image/2022-06-28_11_11_09.kfb_781.jpg,242,322,161,161,81,0.5,0.6652892561983471,0.5709219858156029,0,1,10200,2,324,322,6.064167697307293,7.60894019252228,0,55,26,0,0,0,11,150
p2p_proto_fusion_a0p10_best_paraffin_to_frozen,0,764,/home/data/yh_1/SET_3/p2p-src-zzh-2025/datasets/冰冻-2025/test_image/2022-06-28_11_21_44.kfb_565.jpg,228,290,181,109,47,0.6241379310344828,0.793859649122807,0.6988416988416989,0,1,10200,10,294,290,4.8271738346424025,6.161152249541731,0,37,9,1,0,1,20,88
p2p_proto_fusion_a0p10_best_paraffin_to_frozen,0,765,/home/data/yh_1/SET_3/p2p-src-zzh-2025/datasets/冰冻-2025/test_image/2022-06-28_11_21_44.kfb_1021.jpg,202,326,157,169,45,0.4815950920245399,0.7772277227722773,0.5946969696969697,0,1,10200,5,330,326,4.5741589280158195,5.945615571015961,0,39,5,1,0,1,24,144
p2p_proto_fusion_a0p10_best_paraffin_to_frozen,0,766,/home/data/yh_1/SET_3/p2p-src-zzh-2025/datasets/冰冻-2025/test_image/2022-06-28_11_11_09.kfb_2084.jpg,381,588,323,265,58,0.5493197278911565,0.847769028871391,0.6666666666666667,0,1,10200,3,593,588,4.763887172106292,6.085743425800335,0,32,18,8,0,4,54,207
p2p_proto_fusion_a0p10_best_paraffin_to_frozen,0,767,/home/data/yh_1/SET_3/p2p-src-zzh-2025/datasets/冰冻-2025/test_image/2022-06-28_11_20_39.kfb_2189.jpg,211,350,184,166,27,0.5257142857142857,0.8720379146919431,0.6559714795008913,0,1,10200,3,353,350,4.402759487119101,5.6285062872845195,0,18,7,2,0,0,18,148
p2p_proto_fusion_a0p10_best_paraffin_to_frozen,0,768,/home/data/yh_1/SET_3/p2p-src-zzh-2025/datasets/冰冻-2025/test_image/2022-06-28_11_18_14.kfb_559.jpg,78,92,59,33,19,0.6413043478260869,0.7564102564102564,0.6941176470588235,0,1,10200,12,92,92,4.181314709025733,5.330712415404241,0,12,6,1,0,1,7,25
p2p_proto_fusion_a0p10_best_paraffin_to_frozen,0,769,/home/data/yh_1/SET_3/p2p-src-zzh-2025/datasets/冰冻-2025/test_image/2022-06-28_11_18_14.kfb_2900.jpg,69,122,49,73,20,0.4016393442622951,0.7101449275362319,0.5130890052356021,0,1,10200,4,123,122,4.310760949359238,5.427704431572739,0,18,2,0,0,0,7,66
p2p_proto_fusion_a0p10_best_paraffin_to_frozen,0,770,/home/data/yh_1/SET_3/p2p-src-zzh-2025/datasets/冰冻-2025/test_image/2022-06-28_11_18_14.kfb_365.jpg,48,60,34,26,14,0.5666666666666667,0.7083333333333334,0.6296296296296297,0,1,10200,5,63,60,4.833167080581566,6.259465918821445,0,6,5,3,0,0,3,23
p2p_proto_fusion_a0p10_best_paraffin_to_frozen,0,771,/home/data/yh_1/SET_3/p2p-src-zzh-2025/datasets/冰冻-2025/test_image/2022-06-28_11_20_39.kfb_2141.jpg,133,213,104,109,29,0.48826291079812206,0.7819548872180451,0.6011560693641619,0,1,10200,8,217,213,4.689573735900392,6.01113097942792,0,22,5,2,0,0,14,95
p2p_proto_fusion_a0p10_best_paraffin_to_frozen,0,772,/home/data/yh_1/SET_3/p2p-src-zzh-2025/datasets/冰冻-2025/test_image/2022-06-28_11_18_14.kfb_2990.jpg,108,170,87,83,21,0.5117647058823529,0.8055555555555556,0.6258992805755396,0,1,10200,7,171,170,4.4194929705592925,5.598354328637836,0,14,7,0,0,1,14,68
p2p_proto_fusion_a0p10_best_paraffin_to_frozen,0,773,/home/data/yh_1/SET_3/p2p-src-zzh-2025/datasets/冰冻-2025/test_image/2022-06-28_11_11_09.kfb_1275.jpg,59,160,48,112,11,0.3,0.8135593220338984,0.4383561643835616,0,1,10200,46,164,160,6.082773784458315,7.732567206025124,0,5,5,1,0,0,5,107
p2p_proto_fusion_a0p10_best_paraffin_to_frozen,0,774,/home/data/yh_1/SET_3/p2p-src-zzh-2025/datasets/冰冻-2025/test_image/2022-06-28_11_18_14.kfb_1827.jpg,133,214,115,99,18,0.5373831775700935,0.8646616541353384,0.6628242074927955,0,1,10200,5,214,214,4.228814425124152,5.44748533497686,0,13,4,1,0,1,13,85
p2p_proto_fusion_a0p10_best_paraffin_to_frozen,0,775,/home/data/yh_1/SET_3/p2p-src-zzh-2025/datasets/冰冻-2025/test_image/2022-06-28_11_20_39.kfb_702.jpg,230,412,188,224,42,0.4563106796116505,0.8173913043478261,0.5856697819314642,0,1,10200,2,415,412,4.374343004138519,5.594002726230214,0,31,8,3,0,2,22,200
p2p_proto_fusion_a0p10_best_paraffin_to_frozen,0,776,/home/data/yh_1/SET_3/p2p-src-zzh-2025/datasets/冰冻-2025/test_image/2022-06-28_11_11_09.kfb_2606.jpg,17,19,11,8,6,0.5789473684210527,0.6470588235294118,0.6111111111111113,0,1,10200,0,19,19,4.449977263064705,5.759793021462188,0,5,1,0,0,0,0,8
p2p_proto_fusion_a0p10_best_paraffin_to_frozen,0,777,/home/data/yh_1/SET_3/p2p-src-zzh-2025/datasets/冰冻-2025/test_image/2022-06-28_11_21_44.kfb_272.jpg,206,269,161,108,45,0.5985130111524164,0.7815533980582524,0.6778947368421053,0,1,10200,3,273,269,4.588715454870268,5.948915204646425,0,32,10,3,0,2,17,89
p2p_proto_fusion_a0p10_best_paraffin_to_frozen,0,778,/home/data/yh_1/SET_3/p2p-src-zzh-2025/datasets/冰冻-2025/test_image/2022-06-28_11_20_39.kfb_3250.jpg,129,350,107,243,22,0.3057142857142857,0.8294573643410853,0.4467640918580376,0,1,10200,2,354,350,4.7537219276607425,5.99832893977655,0,16,4,2,0,2,22,219
p2p_proto_fusion_a0p10_best_paraffin_to_frozen,0,779,/home/data/yh_1/SET_3/p2p-src-zzh-2025/datasets/冰冻-2025/test_image/2022-06-28_11_11_09.kfb_2525.jpg,13,38,7,31,6,0.18421052631578946,0.5384615384615384,0.2745098039215686,0,1,10200,58,38,38,4.999516605523686,6.210303715297158,0,6,0,0,0,0,1,30
p2p_proto_fusion_a0p10_best_paraffin_to_frozen,0,780,/home/data/yh_1/SET_3/p2p-src-zzh-2025/datasets/冰冻-2025/test_image/2022-06-28_11_18_14.kfb_849.jpg,107,98,68,30,39,0.6938775510204082,0.6355140186915887,0.6634146341463414,0,1,10200,21,100,98,4.2897308633995515,5.557536847451162,0,32,6,1,0,0,1,29
p2p_proto_fusion_a0p10_best_paraffin_to_frozen,0,781,/home/data/yh_1/SET_3/p2p-src-zzh-2025/datasets/冰冻-2025/test_image/2022-06-28_11_21_44.kfb_97.jpg,83,101,52,49,31,0.5148514851485149,0.6265060240963856,0.5652173913043479,0,1,10200,13,101,101,3.834482572387294,4.997032486475435,0,23,7,1,0,0,4,45
p2p_proto_fusion_a0p10_best_paraffin_to_frozen,0,782,/home/data/yh_1/SET_3/p2p-src-zzh-2025/datasets/冰冻-2025/test_image/2022-06-28_11_11_09.kfb_1257.jpg,214,347,173,174,41,0.49855907780979825,0.8084112149532711,0.6167557932263815,0,1,10200,5,351,347,4.756547285474401,6.113360247860065,0,32,8,1,0,1,28,145
p2p_proto_fusion_a0p10_best_paraffin_to_frozen,0,783,/home/data/yh_1/SET_3/p2p-src-zzh-2025/datasets/冰冻-2025/test_image/2022-06-28_11_11_09.kfb_1131.jpg,61,154,42,112,19,0.2727272727272727,0.6885245901639344,0.3906976744186046,0,1,10200,3,156,154,5.585009570382039,7.183634020033345,0,18,1,0,0,0,7,105
p2p_proto_fusion_a0p10_best_paraffin_to_frozen,0,784,/home/data/yh_1/SET_3/p2p-src-zzh-2025/datasets/冰冻-2025/test_image/2022-06-28_11_21_44.kfb_1513.jpg,115,235,88,147,27,0.37446808510638296,0.7652173913043478,0.5028571428571428,0,1,10200,3,238,235,5.227410598547088,6.757475625384938,0,18,8,1,0,0,16,131
p2p_proto_fusion_a0p10_best_paraffin_to_frozen,0,785,/home/data/yh_1/SET_3/p2p-src-zzh-2025/datasets/冰冻-2025/test_image/2022-06-28_11_21_44.kfb_1074.jpg,376,761,336,425,40,0.44152431011826543,0.8936170212765957,0.5910290237467019,0,1,10200,4,772,761,4.875402161688325,6.269759593265396,0,18,20,2,0,0,75,350
p2p_proto_fusion_a0p10_best_paraffin_to_frozen,0,786,/home/data/yh_1/SET_3/p2p-src-zzh-2025/datasets/冰冻-2025/test_image/2022-06-28_11_20_39.kfb_714.jpg,237,451,204,247,33,0.4523281596452328,0.8607594936708861,0.5930232558139535,0,1,10200,0,454,451,5.068008973486039,6.516461454185784,0,21,10,2,0,2,24,221
p2p_proto_fusion_a0p10_best_paraffin_to_frozen,0,787,/home/data/yh_1/SET_3/p2p-src-zzh-2025/datasets/冰冻-2025/test_image/2022-06-28_11_21_44.kfb_2399.jpg,302,486,248,238,54,0.5102880658436214,0.8211920529801324,0.6294416243654822,0,1,10200,0,491,486,4.8218609237513395,6.088056593172013,0,36,16,2,0,4,44,190
p2p_proto_fusion_a0p10_best_paraffin_to_frozen,0,788,/home/data/yh_1/SET_3/p2p-src-zzh-2025/datasets/冰冻-2025/test_image/2022-06-28_11_21_44.kfb_2393.jpg,207,473,185,288,22,0.39112050739957716,0.893719806763285,0.5441176470588235,0,1,10200,1,478,473,4.913573339283785,6.2001349822894944,0,9,12,1,0,4,42,242
p2p_proto_fusion_a0p10_best_paraffin_to_frozen,0,789,/home/data/yh_1/SET_3/p2p-src-zzh-2025/datasets/冰冻-2025/test_image/2022-06-28_11_11_09.kfb_2327.jpg,24,46,15,31,9,0.32608695652173914,0.625,0.4285714285714286,0,1,10200,8,47,46,4.948611496948158,6.20001118977864,0,9,0,0,0,0,3,28
p2p_proto_fusion_a0p10_best_paraffin_to_frozen,0,790,/home/data/yh_1/SET_3/p2p-src-zzh-2025/datasets/冰冻-2025/test_image/2022-06-28_11_18_14.kfb_598.jpg,10,9,6,3,4,0.6666666666666666,0.6,0.631578947368421,0,1,10200,50,9,9,5.377641068590783,7.184545199076333,0,4,0,0,0,0,0,3
p2p_proto_fusion_a0p10_best_paraffin_to_frozen,0,791,/home/data/yh_1/SET_3/p2p-src-zzh-2025/datasets/冰冻-2025/test_image/2022-06-28_11_21_44.kfb_2213.jpg,99,146,74,72,25,0.5068493150684932,0.7474747474747475,0.6040816326530613,0,1,10200,4,146,146,4.631146645924346,6.0239543334857855,0,20,5,0,0,0,9,63
p2p_proto_fusion_a0p10_best_paraffin_to_frozen,0,792,/home/data/yh_1/SET_3/p2p-src-zzh-2025/datasets/冰冻-2025/test_image/2022-06-28_11_11_09.kfb_1466.jpg,323,423,253,170,70,0.5981087470449172,0.7832817337461301,0.67828418230563,0,1,10200,3,425,423,5.317060415000869,6.839288690815801,0,47,21,2,0,2,25,143
p2p_proto_fusion_a0p10_best_paraffin_to_frozen,0,793,/home/data/yh_1/SET_3/p2p-src-zzh-2025/datasets/冰冻-2025/test_image/2022-06-28_11_20_39.kfb_2891.jpg,123,240,101,139,22,0.42083333333333334,0.8211382113821138,0.556473829201102,0,1,10200,12,241,240,4.166091296804141,5.286461627129278,0,15,6,1,0,0,11,128
p2p_proto_fusion_a0p10_best_paraffin_to_frozen,0,794,/home/data/yh_1/SET_3/p2p-src-zzh-2025/datasets/冰冻-2025/test_image/2022-06-28_11_20_39.kfb_1484.jpg,116,304,102,202,14,0.3355263157894737,0.8793103448275862,0.4857142857142857,0,1,10200,6,309,304,4.255990422039161,5.48499377802307,0,9,3,2,0,1,28,173
p2p_proto_fusion_a0p10_best_paraffin_to_frozen,0,795,/home/data/yh_1/SET_3/p2p-src-zzh-2025/datasets/冰冻-2025/test_image/2022-06-28_11_11_09.kfb_2336.jpg,8,18,3,15,5,0.16666666666666666,0.375,0.23076923076923078,0,1,10200,23,18,18,6.4156097455474175,7.480705897013327,0,3,2,0,0,0,1,14
p2p_proto_fusion_a0p10_best_paraffin_to_frozen,0,796,/home/data/yh_1/SET_3/p2p-src-zzh-2025/datasets/冰冻-2025/test_image/2022-06-28_11_11_09.kfb_1543.jpg,72,199,63,136,9,0.3165829145728643,0.875,0.46494464944649444,0,1,10200,3,200,199,4.48687954631156,5.777507744138204,0,7,1,1,0,0,7,129
p2p_proto_fusion_a0p10_best_paraffin_to_frozen,0,797,/home/data/yh_1/SET_3/p2p-src-zzh-2025/datasets/冰冻-2025/test_image/2022-06-28_11_21_44.kfb_1762.jpg,112,121,61,60,51,0.5041322314049587,0.5446428571428571,0.5236051502145922,0,1,10200,10,121,121,4.764578324370242,6.279517009610038,0,43,7,1,0,0,13,47
p2p_proto_fusion_a0p10_best_paraffin_to_frozen,0,798,/home/data/yh_1/SET_3/p2p-src-zzh-2025/datasets/冰冻-2025/test_image/2022-06-28_11_18_14.kfb_139.jpg,281,424,225,199,56,0.5306603773584906,0.800711743772242,0.6382978723404256,0,1,10200,1,428,424,4.276617179619155,5.466854496002197,0,40,15,1,0,1,52,146
p2p_proto_fusion_a0p10_best_paraffin_to_frozen,0,799,/home/data/yh_1/SET_3/p2p-src-zzh-2025/datasets/冰冻-2025/test_image/2022-06-28_11_20_39.kfb_2520.jpg,138,234,102,132,36,0.4358974358974359,0.7391304347826086,0.5483870967741935,0,1,10200,5,236,234,3.954024044288104,5.052392305112351,0,32,3,1,0,1,20,111
p2p_proto_fusion_a0p10_best_paraffin_to_frozen,0,800,/home/data/yh_1/SET_3/p2p-src-zzh-2025/datasets/冰冻-2025/test_image/2022-06-28_11_21_44.kfb_1932.jpg,92,226,81,145,11,0.3584070796460177,0.8804347826086957,0.5094339622641509,0,1,10200,27,226,226,4.921517019933325,6.4002456547301465,0,9,2,0,0,0,16,129
p2p_proto_fusion_a0p10_best_paraffin_to_frozen,0,801,/home/data/yh_1/SET_3/p2p-src-zzh-2025/datasets/冰冻-2025/test_image/2022-06-28_11_21_44.kfb_2385.jpg,245,473,214,259,31,0.452431289640592,0.8734693877551021,0.596100278551532,0,1,10200,16,481,473,6.2532289314085805,7.907345936677166,0,18,13,0,0,2,34,223
p2p_proto_fusion_a0p10_best_paraffin_to_frozen,0,802,/home/data/yh_1/SET_3/p2p-src-zzh-2025/datasets/冰冻-2025/test_image/2022-06-28_11_12_06.kfb_2489.jpg,0,170,0,0,0,0.0,0.0,0.0,1,0,10200,8,171,170,0.0,0.0,0,0,0,0,0,0,0,0
p2p_proto_fusion_a0p10_best_paraffin_to_frozen,0,803,/home/data/yh_1/SET_3/p2p-src-zzh-2025/datasets/冰冻-2025/test_image/2022-06-28_11_11_09.kfb_2339.jpg,153,333,136,197,17,0.4084084084084084,0.8888888888888888,0.559670781893004,0,1,10200,3,333,333,4.995522823958934,6.292208289398865,0,10,6,1,0,2,28,167
p2p_proto_fusion_a0p10_best_paraffin_to_frozen,0,804,/home/data/yh_1/SET_3/p2p-src-zzh-2025/datasets/冰冻-2025/test_image/2022-06-28_11_20_39.kfb_375.jpg,66,110,51,59,15,0.4636363636363636,0.7727272727272727,0.5795454545454546,0,1,10200,12,111,110,4.06923304304142,5.243605744604982,0,13,2,0,0,0,6,53
p2p_proto_fusion_a0p10_best_paraffin_to_frozen,0,805,/home/data/yh_1/SET_3/p2p-src-zzh-2025/datasets/冰冻-2025/test_image/2022-06-28_11_18_14.kfb_1864.jpg,27,36,18,18,9,0.5,0.6666666666666666,0.5714285714285715,0,1,10200,10,36,36,3.6849439394630874,4.81720871395535,0,9,0,0,0,0,1,17
p2p_proto_fusion_a0p10_best_paraffin_to_frozen,0,806,/home/data/yh_1/SET_3/p2p-src-zzh-2025/datasets/冰冻-2025/test_image/2022-06-28_11_20_39.kfb_2367.jpg,176,375,144,231,32,0.384,0.8181818181818182,0.5226860254083485,0,1,10200,8,376,375,4.404765769655675,5.549501912461384,0,25,7,0,0,0,30,201
p2p_proto_fusion_a0p10_best_paraffin_to_frozen,0,807,/home/data/yh_1/SET_3/p2p-src-zzh-2025/datasets/冰冻-2025/test_image/2022-06-28_11_11_09.kfb_2053.jpg,91,145,81,64,10,0.5586206896551724,0.8901098901098901,0.6864406779661016,0,1,10200,15,150,145,4.453284818137363,5.672665442949459,0,6,3,1,0,0,11,53
p2p_proto_fusion_a0p10_best_paraffin_to_frozen,0,808,/home/data/yh_1/SET_3/p2p-src-zzh-2025/datasets/冰冻-2025/test_image/2022-06-28_11_20_39.kfb_755.jpg,119,187,85,102,34,0.45454545454545453,0.7142857142857143,0.5555555555555556,0,1,10200,1,188,187,5.06885990981656,6.4818753130295725,0,22,11,1,0,0,15,87
p2p_proto_fusion_a0p10_best_paraffin_to_frozen,0,809,/home/data/yh_1/SET_3/p2p-src-zzh-2025/datasets/冰冻-2025/test_image/2022-06-28_11_21_44.kfb_2128.jpg,131,239,96,143,35,0.401673640167364,0.732824427480916,0.518918918918919,0,1,10200,4,239,239,4.4941659005186105,5.712515575190384,0,26,6,3,0,0,14,129
p2p_proto_fusion_a0p10_best_paraffin_to_frozen,0,810,/home/data/yh_1/SET_3/p2p-src-zzh-2025/datasets/冰冻-2025/test_image/2022-06-28_11_11_09.kfb_2389.jpg,80,162,61,101,19,0.3765432098765432,0.7625,0.5041322314049587,0,1,10200,6,163,162,5.207746987961575,6.570962741726734,0,15,4,0,0,0,4,97
p2p_proto_fusion_a0p10_best_paraffin_to_frozen,0,811,/home/data/yh_1/SET_3/p2p-src-zzh-2025/datasets/冰冻-2025/test_image/2022-06-28_11_20_39.kfb_2695.jpg,294,442,242,200,52,0.5475113122171946,0.8231292517006803,0.657608695652174,0,1,10200,9,445,442,4.480273139507374,5.73035074068495,0,35,16,1,0,2,21,177
p2p_proto_fusion_a0p10_best_paraffin_to_frozen,0,812,/home/data/yh_1/SET_3/p2p-src-zzh-2025/datasets/冰冻-2025/test_image/2022-06-28_11_21_44.kfb_1920.jpg,339,500,287,213,52,0.574,0.8466076696165191,0.6841477949940404,0,1,10200,4,506,500,4.7609152723704415,6.123377268322669,0,26,25,1,0,3,46,164
p2p_proto_fusion_a0p10_best_paraffin_to_frozen,0,813,/home/data/yh_1/SET_3/p2p-src-zzh-2025/datasets/冰冻-2025/test_image/2022-06-28_11_20_39.kfb_1012.jpg,140,289,114,175,26,0.3944636678200692,0.8142857142857143,0.5314685314685315,0,1,10200,3,292,289,4.504381613790698,5.812500627417315,0,21,5,0,0,1,16,158
p2p_proto_fusion_a0p10_best_paraffin_to_frozen,0,814,/home/data/yh_1/SET_3/p2p-src-zzh-2025/datasets/冰冻-2025/test_image/2022-06-28_11_20_39.kfb_2558.jpg,152,181,102,79,50,0.56353591160221,0.6710526315789473,0.6126126126126126,0,1,10200,2,181,181,4.307189770106835,5.470306281949964,0,41,9,0,0,1,14,64
p2p_proto_fusion_a0p10_best_paraffin_to_frozen,0,815,/home/data/yh_1/SET_3/p2p-src-zzh-2025/datasets/冰冻-2025/test_image/2022-06-28_11_21_44.kfb_492.jpg,318,423,242,181,76,0.5721040189125296,0.7610062893081762,0.6531713900134952,0,1,10200,1,429,423,4.950257801872252,6.334956756308058,0,44,27,5,0,3,28,150
p2p_proto_fusion_a0p10_best_paraffin_to_frozen,0,816,/home/data/yh_1/SET_3/p2p-src-zzh-2025/datasets/冰冻-2025/test_image/2022-06-28_11_11_09.kfb_708.jpg,129,198,81,117,48,0.4090909090909091,0.627906976744186,0.4954128440366973,0,1,10200,4,198,198,4.4810647752036745,5.7277067988007175,0,40,7,1,0,0,7,110
p2p_proto_fusion_a0p10_best_paraffin_to_frozen,0,817,/home/data/yh_1/SET_3/p2p-src-zzh-2025/datasets/冰冻-2025/test_image/2022-06-28_11_20_39.kfb_2411.jpg,54,78,36,42,18,0.46153846153846156,0.6666666666666666,0.5454545454545455,0,1,10200,4,78,78,4.528164620803728,5.79116956392924,0,16,2,0,0,0,1,41
p2p_proto_fusion_a0p10_best_paraffin_to_frozen,0,818,/home/data/yh_1/SET_3/p2p-src-zzh-2025/datasets/冰冻-2025/test_image/2022-06-28_11_18_14.kfb_230.jpg,114,128,73,55,41,0.5703125,0.6403508771929824,0.6033057851239669,0,1,10200,5,128,128,4.244469769569218,5.249988216243376,0,30,10,1,0,2,16,37
p2p_proto_fusion_a0p10_best_paraffin_to_frozen,0,819,/home/data/yh_1/SET_3/p2p-src-zzh-2025/datasets/冰冻-2025/test_image/2022-06-28_11_21_44.kfb_736.jpg,299,460,234,226,65,0.508695652173913,0.782608695652174,0.6166007905138341,0,1,10200,0,462,460,4.931272390608091,6.296406676626611,0,37,25,3,0,1,46,179
p2p_proto_fusion_a0p10_best_paraffin_to_frozen,0,820,/home/data/yh_1/SET_3/p2p-src-zzh-2025/datasets/冰冻-2025/test_image/2022-06-28_11_20_39.kfb_368.jpg,45,76,30,46,15,0.39473684210526316,0.6666666666666666,0.49586776859504134,0,1,10200,5,76,76,3.7115677302931465,4.724779081344599,0,11,3,1,0,0,3,43
p2p_proto_fusion_a0p10_best_paraffin_to_frozen,0,821,/home/data/yh_1/SET_3/p2p-src-zzh-2025/datasets/冰冻-2025/test_image/2022-06-28_11_20_39.kfb_2011.jpg,281,370,212,158,69,0.572972972972973,0.7544483985765125,0.6513056835637481,0,1,10200,2,371,370,4.297128159873695,5.424819687627399,0,42,24,3,0,0,28,130
p2p_proto_fusion_a0p10_best_paraffin_to_frozen,0,822,/home/data/yh_1/SET_3/p2p-src-zzh-2025/datasets/冰冻-2025/test_image/2022-06-28_11_20_39.kfb_2978.jpg,93,246,81,165,12,0.32926829268292684,0.8709677419354839,0.4778761061946903,0,1,10200,8,247,246,5.046939347908286,6.4595699428040305,0,11,1,0,0,1,11,153
p2p_proto_fusion_a0p10_best_paraffin_to_frozen,0,823,/home/data/yh_1/SET_3/p2p-src-zzh-2025/datasets/冰冻-2025/test_image/2022-06-28_11_21_44.kfb_1229.jpg,490,737,432,305,58,0.5861601085481682,0.8816326530612245,0.704156479217604,0,1,10200,5,746,737,4.859968743884979,6.164015106028979,0,28,26,4,0,12,89,204
p2p_proto_fusion_a0p10_best_paraffin_to_frozen,0,824,/home/data/yh_1/SET_3/p2p-src-zzh-2025/datasets/冰冻-2025/test_image/2022-06-28_11_20_39.kfb_2185.jpg,190,282,161,121,29,0.5709219858156028,0.8473684210526315,0.6822033898305084,0,1,10200,1,284,282,3.910349208118013,4.951611406314447,0,15,12,2,0,2,27,92
p2p_proto_fusion_a0p10_best_paraffin_to_frozen,0,825,/home/data/yh_1/SET_3/p2p-src-zzh-2025/datasets/冰冻-2025/test_image/2022-06-28_11_18_14.kfb_1376.jpg,44,88,35,53,9,0.3977272727272727,0.7954545454545454,0.5303030303030303,0,1,10200,5,90,88,4.896319408332502,6.096321950639997,0,7,2,0,0,1,3,49
p2p_proto_fusion_a0p10_best_paraffin_to_frozen,0,826,/home/data/yh_1/SET_3/p2p-src-zzh-2025/datasets/冰冻-2025/test_image/2022-06-28_11_18_14.kfb_1298.jpg,31,49,26,23,5,0.5306122448979592,0.8387096774193549,0.65,0,1,10200,6,50,49,4.654764274620001,6.060091092036322,0,5,0,0,0,0,1,22
p2p_proto_fusion_a0p10_best_paraffin_to_frozen,0,827,/home/data/yh_1/SET_3/p2p-src-zzh-2025/datasets/冰冻-2025/test_image/2022-06-28_11_11_09.kfb_2401.jpg,12,35,9,26,3,0.2571428571428571,0.75,0.3829787234042553,0,1,10200,29,36,35,6.038363372461926,7.957055091857916,0,2,1,0,0,0,1,25
p2p_proto_fusion_a0p10_best_paraffin_to_frozen,0,828,/home/data/yh_1/SET_3/p2p-src-zzh-2025/datasets/冰冻-2025/test_image/2022-06-28_11_21_44.kfb_2084.jpg,207,495,181,314,26,0.3656565656565657,0.8743961352657005,0.5156695156695157,0,1,10200,1,502,495,4.965924102528288,6.324886364172835,0,11,14,1,0,5,41,268
p2p_proto_fusion_a0p10_best_paraffin_to_frozen,0,829,/home/data/yh_1/SET_3/p2p-src-zzh-2025/datasets/冰冻-2025/test_image/2022-06-28_11_20_39.kfb_537.jpg,232,350,187,163,45,0.5342857142857143,0.8060344827586207,0.6426116838487973,0,1,10200,5,351,350,4.791614642116684,6.128373806489344,0,32,13,0,0,0,20,143
p2p_proto_fusion_a0p10_best_paraffin_to_frozen,0,830,/home/data/yh_1/SET_3/p2p-src-zzh-2025/datasets/冰冻-2025/test_image/2022-06-28_11_20_39.kfb_2680.jpg,73,135,50,85,23,0.37037037037037035,0.684931506849315,0.4807692307692308,0,1,10200,6,135,135,5.1289830658575735,6.502237253189083,0,20,3,0,0,1,4,80
p2p_proto_fusion_a0p10_best_paraffin_to_frozen,0,831,/home/data/yh_1/SET_3/p2p-src-zzh-2025/datasets/冰冻-2025/test_image/2022-06-28_11_21_44.kfb_1258.jpg,258,441,227,214,31,0.5147392290249433,0.8798449612403101,0.6494992846924177,0,1,10200,8,444,441,4.818022467880251,6.196860298711298,0,18,9,4,0,2,43,169
p2p_proto_fusion_a0p10_best_paraffin_to_frozen,0,832,/home/data/yh_1/SET_3/p2p-src-zzh-2025/datasets/冰冻-2025/test_image/2022-06-28_11_20_39.kfb_2330.jpg,174,306,154,152,20,0.5032679738562091,0.8850574712643678,0.6416666666666667,0,1,10200,3,308,306,4.821566846954496,6.006277208204393,0,16,4,0,0,1,24,127
p2p_proto_fusion_a0p10_best_paraffin_to_frozen,0,833,/home/data/yh_1/SET_3/p2p-src-zzh-2025/datasets/冰冻-2025/test_image/2022-06-28_11_20_39.kfb_2595.jpg,151,271,128,143,23,0.47232472324723246,0.847682119205298,0.6066350710900474,0,1,10200,13,275,271,4.170004842863988,5.35613510385156,0,17,6,0,0,0,13,130
p2p_proto_fusion_a0p10_best_paraffin_to_frozen,0,834,/home/data/yh_1/SET_3/p2p-src-zzh-2025/datasets/冰冻-2025/test_image/2022-06-28_11_20_39.kfb_662.jpg,102,212,87,125,15,0.41037735849056606,0.8529411764705882,0.554140127388535,0,1,10200,4,215,212,4.727661273779063,6.024004568998846,0,14,1,0,0,1,17,107
p2p_proto_fusion_a0p10_best_paraffin_to_frozen,0,835,/home/data/yh_1/SET_3/p2p-src-zzh-2025/datasets/冰冻-2025/test_image/2022-06-28_11_18_14.kfb_3558.jpg,237,428,204,224,33,0.4766355140186916,0.8607594936708861,0.6135338345864662,0,1,10200,5,432,428,4.858132047656585,6.224787059952229,0,25,7,1,0,2,37,185
p2p_proto_fusion_a0p10_best_paraffin_to_frozen,0,836,/home/data/yh_1/SET_3/p2p-src-zzh-2025/datasets/冰冻-2025/test_image/2022-06-28_11_18_14.kfb_215.jpg,110,167,85,82,25,0.5089820359281437,0.7727272727272727,0.6137184115523465,0,1,10200,6,167,167,4.640438514931383,5.824945362876448,0,18,7,0,0,1,11,70
p2p_proto_fusion_a0p10_best_paraffin_to_frozen,0,837,/home/data/yh_1/SET_3/p2p-src-zzh-2025/datasets/冰冻-2025/test_image/2022-06-28_11_12_06.kfb_2490.jpg,0,308,0,0,0,0.0,0.0,0.0,1,0,10200,2,310,308,0.0,0.0,0,0,0,0,0,0,0,0
p2p_proto_fusion_a0p10_best_paraffin_to_frozen,0,838,/home/data/yh_1/SET_3/p2p-src-zzh-2025/datasets/冰冻-2025/test_image/2022-06-28_11_20_39.kfb_2105.jpg,464,601,351,250,113,0.5840266222961731,0.7564655172413793,0.6591549295774648,0,1,10200,5,604,601,4.5580606156053065,5.727476285733388,0,71,37,5,0,0,55,195
p2p_proto_fusion_a0p10_best_paraffin_to_frozen,0,839,/home/data/yh_1/SET_3/p2p-src-zzh-2025/datasets/冰冻-2025/test_image/2022-06-28_11_20_39.kfb_435.jpg,103,187,85,102,18,0.45454545454545453,0.8252427184466019,0.5862068965517242,0,1,10200,5,191,187,4.272055031494191,5.43202891630285,0,14,4,0,0,0,13,89
p2p_proto_fusion_a0p10_best_paraffin_to_frozen,0,840,/home/data/yh_1/SET_3/p2p-src-zzh-2025/datasets/冰冻-2025/test_image/2022-06-28_11_21_44.kfb_2534.jpg,169,310,140,170,29,0.45161290322580644,0.8284023668639053,0.5845511482254697,0,1,10200,2,311,310,4.748637221003701,6.107811614445279,0,16,11,2,0,2,18,150
p2p_proto_fusion_a0p10_best_paraffin_to_frozen,0,841,/home/data/yh_1/SET_3/p2p-src-zzh-2025/datasets/冰冻-2025/test_image/2022-06-28_11_20_39.kfb_695.jpg,182,475,140,335,42,0.29473684210526313,0.7692307692307693,0.4261796042617961,0,1,10200,1,479,475,5.340717398165084,6.793040909085956,0,28,11,3,0,2,28,305
p2p_proto_fusion_a0p10_best_paraffin_to_frozen,0,842,/home/data/yh_1/SET_3/p2p-src-zzh-2025/datasets/冰冻-2025/test_image/2022-06-28_11_21_44.kfb_454.jpg,205,300,156,144,49,0.52,0.7609756097560976,0.6178217821782178,0,1,10200,8,304,300,4.926540197595826,6.268750563645972,0,40,8,1,0,1,18,125
p2p_proto_fusion_a0p10_best_paraffin_to_frozen,0,843,/home/data/yh_1/SET_3/p2p-src-zzh-2025/datasets/冰冻-2025/test_image/2022-06-28_11_21_44.kfb_448.jpg,368,548,301,247,67,0.5492700729927007,0.8179347826086957,0.6572052401746724,0,1,10200,2,553,548,4.673179968006753,5.921287908902597,0,33,31,3,0,0,51,196
p2p_proto_fusion_a0p10_best_paraffin_to_frozen,0,844,/home/data/yh_1/SET_3/p2p-src-zzh-2025/datasets/冰冻-2025/test_image/2022-06-28_11_21_44.kfb_2283.jpg,291,604,264,340,27,0.4370860927152318,0.9072164948453608,0.5899441340782123,0,1,10200,7,612,604,4.514201618864864,5.842036017865846,0,13,11,3,0,2,49,289
p2p_proto_fusion_a0p10_best_paraffin_to_frozen,0,845,/home/data/yh_1/SET_3/p2p-src-zzh-2025/datasets/冰冻-2025/test_image/2022-06-28_11_20_39.kfb_2830.jpg,82,191,67,124,15,0.3507853403141361,0.8170731707317073,0.4908424908424908,0,1,10200,4,191,191,5.061939512906934,6.536061407914799,0,12,2,1,0,1,11,112
p2p_proto_fusion_a0p10_best_paraffin_to_frozen,0,846,/home/data/yh_1/SET_3/p2p-src-zzh-2025/datasets/冰冻-2025/test_image/2022-06-28_11_20_39.kfb_2522.jpg,262,569,231,338,31,0.40597539543058,0.8816793893129771,0.5559566787003609,0,1,10200,0,572,569,4.481784259721199,5.66308331489563,0,18,12,1,0,4,40,294
p2p_proto_fusion_a0p10_best_paraffin_to_frozen,0,847,/home/data/yh_1/SET_3/p2p-src-zzh-2025/datasets/冰冻-2025/test_image/2022-06-28_11_18_14.kfb_837.jpg,60,45,34,11,26,0.7555555555555555,0.5666666666666667,0.6476190476190475,0,1,10200,7,46,45,3.927685944602937,5.016854005701398,0,20,4,2,0,0,1,10
p2p_proto_fusion_a0p10_best_paraffin_to_frozen,0,848,/home/data/yh_1/SET_3/p2p-src-zzh-2025/datasets/冰冻-2025/test_image/2022-06-28_11_21_44.kfb_2209.jpg,182,298,137,161,45,0.4597315436241611,0.7527472527472527,0.5708333333333333,0,1,10200,2,300,298,4.586032669069432,5.784649213735205,0,28,15,2,0,3,21,137
p2p_proto_fusion_a0p10_best_paraffin_to_frozen,0,849,/home/data/yh_1/SET_3/p2p-src-zzh-2025/datasets/冰冻-2025/test_image/2022-06-28_11_11_09.kfb_864.jpg,0,217,0,0,0,0.0,0.0,0.0,1,0,10200,3,221,217,0.0,0.0,0,0,0,0,0,0,0,0
p2p_proto_fusion_a0p10_best_paraffin_to_frozen,0,850,/home/data/yh_1/SET_3/p2p-src-zzh-2025/datasets/冰冻-2025/test_image/2022-06-28_11_21_44.kfb_979.jpg,119,316,99,217,20,0.31329113924050633,0.8319327731092437,0.45517241379310347,0,1,10200,7,317,316,5.565978646296226,7.118230713738336,0,9,11,0,0,1,26,190
p2p_proto_fusion_a0p10_best_paraffin_to_frozen,0,851,/home/data/yh_1/SET_3/p2p-src-zzh-2025/datasets/冰冻-2025/test_image/2022-06-28_11_20_39.kfb_1771.jpg,323,581,286,295,37,0.49225473321858865,0.8854489164086687,0.6327433628318584,0,1,10200,2,592,581,4.841998100170368,6.194699820938644,0,16,21,0,0,2,51,242
p2p_proto_fusion_a0p10_best_paraffin_to_frozen,0,852,/home/data/yh_1/SET_3/p2p-src-zzh-2025/datasets/冰冻-2025/test_image/2022-06-28_11_11_09.kfb_2395.jpg,32,72,24,48,8,0.3333333333333333,0.75,0.46153846153846156,0,1,10200,13,73,72,4.5461695035386,5.504392345746361,0,3,4,1,0,0,7,41
p2p_proto_fusion_a0p10_best_paraffin_to_frozen,0,853,/home/data/yh_1/SET_3/p2p-src-zzh-2025/datasets/冰冻-2025/test_image/2022-06-28_11_21_44.kfb_2442.jpg,136,251,105,146,31,0.41832669322709165,0.7720588235294118,0.5426356589147286,0,1,10200,3,253,251,5.657071321404056,7.261300419064097,0,20,10,1,0,0,16,130
p2p_proto_fusion_a0p10_best_paraffin_to_frozen,0,854,/home/data/yh_1/SET_3/p2p-src-zzh-2025/datasets/冰冻-2025/test_image/2022-06-28_11_12_06.kfb_2487.jpg,0,536,0,0,0,0.0,0.0,0.0,1,0,10200,0,540,536,0.0,0.0,0,0,0,0,0,0,0,0
p2p_proto_fusion_a0p10_best_paraffin_to_frozen,0,855,/home/data/yh_1/SET_3/p2p-src-zzh-2025/datasets/冰冻-2025/test_image/2022-06-28_11_11_09.kfb_642.jpg,367,413,272,141,95,0.6585956416464891,0.7411444141689373,0.6974358974358974,0,1,10200,3,414,413,6.749309584674784,8.608711090924652,0,58,37,0,0,3,35,103
p2p_proto_fusion_a0p10_best_paraffin_to_frozen,0,856,/home/data/yh_1/SET_3/p2p-src-zzh-2025/datasets/冰冻-2025/test_image/2022-06-28_11_21_44.kfb_1385.jpg,110,169,91,78,19,0.5384615384615384,0.8272727272727273,0.6523297491039426,0,1,10200,17,171,169,4.715898717170903,6.059124197278699,0,14,4,1,0,1,15,62
p2p_proto_fusion_a0p10_best_paraffin_to_frozen,0,857,/home/data/yh_1/SET_3/p2p-src-zzh-2025/datasets/冰冻-2025/test_image/2022-06-28_11_11_09.kfb_658.jpg,0,117,0,0,0,0.0,0.0,0.0,1,0,10200,36,118,117,0.0,0.0,0,0,0,0,0,0,0,0
p2p_proto_fusion_a0p10_best_paraffin_to_frozen,0,858,/home/data/yh_1/SET_3/p2p-src-zzh-2025/datasets/冰冻-2025/test_image/2022-06-28_11_21_44.kfb_2507.jpg,133,417,122,295,11,0.29256594724220625,0.9172932330827067,0.44363636363636366,0,1,10200,10,428,417,4.930231809121232,6.35690893892382,0,8,3,0,0,2,19,274
p2p_proto_fusion_a0p10_best_paraffin_to_frozen,0,859,/home/data/yh_1/SET_3/p2p-src-zzh-2025/datasets/冰冻-2025/test_image/2022-06-28_11_21_44.kfb_2130.jpg,101,249,83,166,18,0.3333333333333333,0.8217821782178217,0.47428571428571425,0,1,10200,4,250,249,4.834860206994694,6.2494348043418775,0,13,5,0,0,1,16,149
p2p_proto_fusion_a0p10_best_paraffin_to_frozen,0,860,/home/data/yh_1/SET_3/p2p-src-zzh-2025/datasets/冰冻-2025/test_image/2022-06-28_11_18_14.kfb_214.jpg,44,77,30,47,14,0.38961038961038963,0.6818181818181818,0.49586776859504134,0,1,10200,5,77,77,4.369682479450265,5.644235694408412,0,12,2,0,0,0,1,46
p2p_proto_fusion_a0p10_best_paraffin_to_frozen,0,861,/home/data/yh_1/SET_3/p2p-src-zzh-2025/datasets/冰冻-2025/test_image/2022-06-28_11_11_09.kfb_1133.jpg,55,205,53,152,2,0.25853658536585367,0.9636363636363636,0.4076923076923077,0,1,10200,34,206,205,5.048099611804919,6.385202299873786,0,1,1,0,0,0,10,142
p2p_proto_fusion_a0p10_best_paraffin_to_frozen,0,862,/home/data/yh_1/SET_3/p2p-src-zzh-2025/datasets/冰冻-2025/test_image/2022-06-28_11_20_39.kfb_2764.jpg,136,339,111,228,25,0.3274336283185841,0.8161764705882353,0.4673684210526316,0,1,10200,0,343,339,4.409854522555218,5.575431413478675,0,19,6,0,0,2,28,198
p2p_proto_fusion_a0p10_best_paraffin_to_frozen,0,863,/home/data/yh_1/SET_3/p2p-src-zzh-2025/datasets/冰冻-2025/test_image/2022-06-28_11_21_44.kfb_1627.jpg,154,197,91,106,63,0.4619289340101523,0.5909090909090909,0.5185185185185185,0,1,10200,5,201,197,4.620032743994339,5.877289221836974,0,53,10,0,0,1,12,93
p2p_proto_fusion_a0p10_best_paraffin_to_frozen,0,864,/home/data/yh_1/SET_3/p2p-src-zzh-2025/datasets/冰冻-2025/test_image/2022-06-28_11_21_44.kfb_1721.jpg,151,329,124,205,27,0.3768996960486322,0.8211920529801324,0.5166666666666667,0,1,10200,2,333,329,4.483214010866117,5.712516490490209,0,25,1,1,0,1,18,186
p2p_proto_fusion_a0p10_best_paraffin_to_frozen,0,865,/home/data/yh_1/SET_3/p2p-src-zzh-2025/datasets/冰冻-2025/test_image/2022-06-28_11_18_14.kfb_227.jpg,73,101,50,51,23,0.49504950495049505,0.684931506849315,0.5747126436781609,0,1,10200,10,102,101,4.366075837609448,5.642860183715823,0,19,4,0,0,0,4,47
p2p_proto_fusion_a0p10_best_paraffin_to_frozen,0,866,/home/data/yh_1/SET_3/p2p-src-zzh-2025/datasets/冰冻-2025/test_image/2022-06-28_11_20_39.kfb_179.jpg,164,237,116,121,48,0.48945147679324896,0.7073170731707317,0.5785536159600997,0,1,10200,7,237,237,4.844361063606973,6.189272368776387,0,33,15,0,0,1,27,93
p2p_proto_fusion_a0p10_best_paraffin_to_frozen,0,867,/home/data/yh_1/SET_3/p2p-src-zzh-2025/datasets/冰冻-2025/test_image/2022-06-28_11_11_09.kfb_2226.jpg,186,365,170,195,16,0.4657534246575342,0.9139784946236559,0.617059891107078,0,1,10200,1,375,365,4.620503529712314,5.922845315933228,0,10,3,3,0,0,43,152
p2p_proto_fusion_a0p10_best_paraffin_to_frozen,0,868,/home/data/yh_1/SET_3/p2p-src-zzh-2025/datasets/冰冻-2025/test_image/2022-06-28_11_20_39.kfb_875.jpg,251,560,224,336,27,0.4,0.8924302788844621,0.5524044389642417,0,1,10200,1,566,560,5.068399637897184,6.4821278985057535,0,17,8,2,0,2,47,287
p2p_proto_fusion_a0p10_best_paraffin_to_frozen,0,869,/home/data/yh_1/SET_3/p2p-src-zzh-2025/datasets/冰冻-2025/test_image/2022-06-28_11_12_06.kfb_2573.jpg,0,490,0,0,0,0.0,0.0,0.0,1,0,10200,1,493,490,0.0,0.0,0,0,0,0,0,0,0,0
p2p_proto_fusion_a0p10_best_paraffin_to_frozen,0,870,/home/data/yh_1/SET_3/p2p-src-zzh-2025/datasets/冰冻-2025/test_image/2022-06-28_11_11_09.kfb_817.jpg,48,89,36,53,12,0.4044943820224719,0.75,0.5255474452554744,0,1,10200,4,90,89,4.398891780778645,5.611128224266906,0,11,1,0,0,0,4,49
p2p_proto_fusion_a0p10_best_paraffin_to_frozen,0,871,/home/data/yh_1/SET_3/p2p-src-zzh-2025/datasets/冰冻-2025/test_image/2022-06-28_11_21_44.kfb_667.jpg,195,294,156,138,39,0.5306122448979592,0.8,0.638036809815951,0,1,10200,8,298,294,4.733682630454511,6.093719294437997,0,26,11,2,0,1,23,114
p2p_proto_fusion_a0p10_best_paraffin_to_frozen,0,872,/home/data/yh_1/SET_3/p2p-src-zzh-2025/datasets/冰冻-2025/test_image/2022-06-28_11_21_44.kfb_2295.jpg,205,387,175,212,30,0.45219638242894056,0.8536585365853658,0.5912162162162161,0,1,10200,2,390,387,5.118806484881661,6.533479985258635,0,16,13,1,0,4,36,172
p2p_proto_fusion_a0p10_best_paraffin_to_frozen,0,873,/home/data/yh_1/SET_3/p2p-src-zzh-2025/datasets/冰冻-2025/test_image/2022-06-28_11_20_39.kfb_1235.jpg,138,389,120,269,18,0.30848329048843187,0.8695652173913043,0.45540796963946867,0,1,10200,6,396,389,4.55062574441393,5.7309854288895945,0,13,4,1,0,1,26,242
p2p_proto_fusion_a0p10_best_paraffin_to_frozen,0,874,/home/data/yh_1/SET_3/p2p-src-zzh-2025/datasets/冰冻-2025/test_image/2022-06-28_11_11_09.kfb_997.jpg,217,380,190,190,27,0.5,0.8755760368663594,0.6365159128978224,0,1,10200,3,386,380,4.723064876598335,6.057419443130492,0,18,8,1,0,2,20,168
p2p_proto_fusion_a0p10_best_paraffin_to_frozen,0,875,/home/data/yh_1/SET_3/p2p-src-zzh-2025/datasets/冰冻-2025/test_image/2022-06-28_11_20_39.kfb_2451.jpg,214,406,176,230,38,0.43349753694581283,0.822429906542056,0.567741935483871,0,1,10200,1,410,406,4.258794416734536,5.398619016463104,0,25,8,5,0,4,40,186
p2p_proto_fusion_a0p10_best_paraffin_to_frozen,0,876,/home/data/yh_1/SET_3/p2p-src-zzh-2025/datasets/冰冻-2025/test_image/2022-06-28_11_11_09.kfb_1946.jpg,147,220,121,99,26,0.55,0.8231292517006803,0.659400544959128,0,1,10200,25,225,220,5.218090281869364,6.63537368695598,0,20,5,1,0,2,26,71
p2p_proto_fusion_a0p10_best_paraffin_to_frozen,0,877,/home/data/yh_1/SET_3/p2p-src-zzh-2025/datasets/冰冻-2025/test_image/2022-06-28_11_20_39.kfb_446.jpg,190,326,168,158,22,0.5153374233128835,0.8842105263157894,0.6511627906976745,0,1,10200,13,329,326,4.335387193298621,5.574332035723186,0,16,5,1,0,3,32,123
p2p_proto_fusion_a0p10_best_paraffin_to_frozen,0,878,/home/data/yh_1/SET_3/p2p-src-zzh-2025/datasets/冰冻-2025/test_image/2022-06-28_11_18_14.kfb_562.jpg,78,101,62,39,16,0.6138613861386139,0.7948717948717948,0.6927374301675977,0,1,10200,10,101,101,4.520090037283807,5.926228630927297,0,15,1,0,0,0,9,30
p2p_proto_fusion_a0p10_best_paraffin_to_frozen,0,879,/home/data/yh_1/SET_3/p2p-src-zzh-2025/datasets/冰冻-2025/test_image/2022-06-28_11_20_39.kfb_961.jpg,345,590,306,284,39,0.5186440677966102,0.8869565217391304,0.6545454545454545,0,1,10200,0,593,590,4.74568178679479,6.0347728012434025,0,25,12,2,0,0,46,238
p2p_proto_fusion_a0p10_best_paraffin_to_frozen,0,880,/home/data/yh_1/SET_3/p2p-src-zzh-2025/datasets/冰冻-2025/test_image/2022-06-28_11_20_39.kfb_2696.jpg,326,478,258,220,68,0.5397489539748954,0.7914110429447853,0.6417910447761195,0,1,10200,0,482,478,4.677531668594477,5.957177912542062,0,44,23,1,0,2,43,175
p2p_proto_fusion_a0p10_best_paraffin_to_frozen,0,881,/home/data/yh_1/SET_3/p2p-src-zzh-2025/datasets/冰冻-2025/test_image/2022-06-28_11_11_09.kfb_2436.jpg,0,133,0,0,0,0.0,0.0,0.0,1,0,10200,4,133,133,0.0,0.0,0,0,0,0,0,0,0,0
p2p_proto_fusion_a0p10_best_paraffin_to_frozen,0,882,/home/data/yh_1/SET_3/p2p-src-zzh-2025/datasets/冰冻-2025/test_image/2022-06-28_11_20_39.kfb_2988.jpg,98,305,86,219,12,0.2819672131147541,0.8775510204081632,0.42679900744416877,0,1,10200,0,309,305,4.549239866522622,5.765517234802245,0,9,3,0,0,0,16,203
p2p_proto_fusion_a0p10_best_paraffin_to_frozen,0,883,/home/data/yh_1/SET_3/p2p-src-zzh-2025/datasets/冰冻-2025/test_image/2022-06-28_11_20_39.kfb_1636.jpg,200,348,156,192,44,0.4482758620689655,0.78,0.5693430656934306,0,1,10200,6,351,348,4.593473436814665,5.895510071363205,0,27,16,1,0,2,35,155
p2p_proto_fusion_a0p10_best_paraffin_to_frozen,0,884,/home/data/yh_1/SET_3/p2p-src-zzh-2025/datasets/冰冻-2025/test_image/2022-06-28_11_11_09.kfb_989.jpg,0,272,0,0,0,0.0,0.0,0.0,1,0,10200,3,273,272,0.0,0.0,0,0,0,0,0,0,0,0
p2p_proto_fusion_a0p10_best_paraffin_to_frozen,0,885,/home/data/yh_1/SET_3/p2p-src-zzh-2025/datasets/冰冻-2025/test_image/2022-06-28_11_21_44.kfb_1475.jpg,133,141,69,72,64,0.48936170212765956,0.518796992481203,0.5036496350364963,0,1,10200,5,142,141,4.49341524087164,5.649769078130309,0,56,8,0,0,0,10,62
p2p_proto_fusion_a0p10_best_paraffin_to_frozen,0,886,/home/data/yh_1/SET_3/p2p-src-zzh-2025/datasets/冰冻-2025/test_image/2022-06-28_11_11_09.kfb_520.jpg,0,257,0,0,0,0.0,0.0,0.0,1,0,10200,11,260,257,0.0,0.0,0,0,0,0,0,0,0,0
p2p_proto_fusion_a0p10_best_paraffin_to_frozen,0,887,/home/data/yh_1/SET_3/p2p-src-zzh-2025/datasets/冰冻-2025/test_image/2022-06-28_11_18_14.kfb_1086.jpg,88,73,52,21,36,0.7123287671232876,0.5909090909090909,0.6459627329192547,0,1,10200,0,73,73,4.762590331939185,5.946287228510936,0,32,4,0,0,1,0,20
p2p_proto_fusion_a0p10_best_paraffin_to_frozen,0,888,/home/data/yh_1/SET_3/p2p-src-zzh-2025/datasets/冰冻-2025/test_image/2022-06-28_11_20_39.kfb_1756.jpg,64,101,47,54,17,0.46534653465346537,0.734375,0.5696969696969697,0,1,10200,5,103,101,4.792619283433733,6.209031064459623,0,13,4,0,0,0,2,52
p2p_proto_fusion_a0p10_best_paraffin_to_frozen,0,889,/home/data/yh_1/SET_3/p2p-src-zzh-2025/datasets/冰冻-2025/test_image/2022-06-28_11_20_39.kfb_3322.jpg,82,227,70,157,12,0.30837004405286345,0.8536585365853658,0.4530744336569579,0,1,10200,9,229,227,4.292194321472798,5.511661549976892,0,8,4,0,0,1,17,139
p2p_proto_fusion_a0p10_best_paraffin_to_frozen,0,890,/home/data/yh_1/SET_3/p2p-src-zzh-2025/datasets/冰冻-2025/test_image/2022-06-28_11_21_44.kfb_2473.jpg,363,561,313,248,50,0.5579322638146168,0.8622589531680441,0.6774891774891776,0,1,10200,1,566,561,4.789636943925618,6.080167398285179,0,25,21,4,0,3,60,185
p2p_proto_fusion_a0p10_best_paraffin_to_frozen,0,891,/home/data/yh_1/SET_3/p2p-src-zzh-2025/datasets/冰冻-2025/test_image/2022-06-28_11_20_39.kfb_370.jpg,196,330,161,169,35,0.48787878787878786,0.8214285714285714,0.6121673003802282,0,1,10200,1,333,330,4.316482829404344,5.4909327874272496,0,21,14,0,0,2,27,140
p2p_proto_fusion_a0p10_best_paraffin_to_frozen,0,892,/home/data/yh_1/SET_3/p2p-src-zzh-2025/datasets/冰冻-2025/test_image/2022-06-28_11_11_09.kfb_1267.jpg,181,333,155,178,26,0.46546546546546547,0.856353591160221,0.603112840466926,0,1,10200,38,338,333,6.296641060190945,7.924472631177592,0,13,12,1,0,0,23,155
p2p_proto_fusion_a0p10_best_paraffin_to_frozen,0,893,/home/data/yh_1/SET_3/p2p-src-zzh-2025/datasets/冰冻-2025/test_image/2022-06-28_11_20_39.kfb_843.jpg,248,557,222,335,26,0.3985637342908438,0.8951612903225806,0.5515527950310559,0,1,10200,2,563,557,4.657501491760576,5.931723451829173,0,17,8,1,0,3,48,284
p2p_proto_fusion_a0p10_best_paraffin_to_frozen,0,894,/home/data/yh_1/SET_3/p2p-src-zzh-2025/datasets/冰冻-2025/test_image/2022-06-28_11_11_09.kfb_1817.jpg,88,134,67,67,21,0.5,0.7613636363636364,0.6036036036036037,0,1,10200,11,135,134,5.301939434710495,6.823431463383915,0,17,4,0,0,0,13,54
p2p_proto_fusion_a0p10_best_paraffin_to_frozen,0,895,/home/data/yh_1/SET_3/p2p-src-zzh-2025/datasets/冰冻-2025/test_image/2022-06-28_11_18_14.kfb_1471.jpg,120,117,79,38,41,0.6752136752136753,0.6583333333333333,0.6666666666666666,0,1,10200,8,118,117,3.9303209574432882,5.0450170432464985,0,35,6,0,0,0,10,28
p2p_proto_fusion_a0p10_best_paraffin_to_frozen,0,896,/home/data/yh_1/SET_3/p2p-src-zzh-2025/datasets/冰冻-2025/test_image/2022-06-28_11_21_44.kfb_845.jpg,243,408,215,193,28,0.5269607843137255,0.8847736625514403,0.6605222734254992,0,1,10200,1,415,408,4.65310728400977,5.977485149960183,0,22,6,0,0,1,42,150
p2p_proto_fusion_a0p10_best_paraffin_to_frozen,0,897,/home/data/yh_1/SET_3/p2p-src-zzh-2025/datasets/冰冻-2025/test_image/2022-06-28_11_20_39.kfb_2688.jpg,257,654,238,416,19,0.363914373088685,0.9260700389105059,0.5225027442371022,0,1,10200,3,659,654,4.4715248112487105,5.659352700249488,0,7,12,0,0,2,56,358
p2p_proto_fusion_a0p10_best_paraffin_to_frozen,0,898,/home/data/yh_1/SET_3/p2p-src-zzh-2025/datasets/冰冻-2025/test_image/2022-06-28_11_18_14.kfb_1867.jpg,101,143,78,65,23,0.5454545454545454,0.7722772277227723,0.639344262295082,0,1,10200,14,144,143,4.456206900162948,5.694067245874649,0,20,3,0,0,2,8,55
p2p_proto_fusion_a0p10_best_paraffin_to_frozen,0,899,/home/data/yh_1/SET_3/p2p-src-zzh-2025/datasets/冰冻-2025/test_image/2022-06-28_11_11_09.kfb_2052.jpg,5,37,4,33,1,0.10810810810810811,0.8,0.19047619047619047,0,1,10200,10,37,37,3.1401699951768256,3.8449134826660156,0,1,0,0,0,0,0,33
p2p_proto_fusion_a0p10_best_paraffin_to_frozen,0,900,/home/data/yh_1/SET_3/p2p-src-zzh-2025/datasets/冰冻-2025/test_image/2022-06-28_11_20_39.kfb_2584.jpg,104,163,80,83,24,0.49079754601226994,0.7692307692307693,0.5992509363295881,0,1,10200,4,163,163,4.314472302102226,5.562933802604674,0,21,3,0,0,0,8,75
p2p_proto_fusion_a0p10_best_paraffin_to_frozen,0,901,/home/data/yh_1/SET_3/p2p-src-zzh-2025/datasets/冰冻-2025/test_image/2022-06-28_11_20_39.kfb_954.jpg,298,598,270,328,28,0.451505016722408,0.9060402684563759,0.6026785714285714,0,1,10200,3,601,598,4.510387355181135,5.815627583750974,0,17,10,1,0,1,59,268
p2p_proto_fusion_a0p10_best_paraffin_to_frozen,0,902,/home/data/yh_1/SET_3/p2p-src-zzh-2025/datasets/冰冻-2025/test_image/2022-06-28_11_20_39.kfb_2934.jpg,81,250,68,182,13,0.272,0.8395061728395061,0.4108761329305136,0,1,10200,15,253,250,4.71085568350817,5.9638850198072575,0,11,2,0,0,0,18,164
p2p_proto_fusion_a0p10_best_paraffin_to_frozen,0,903,/home/data/yh_1/SET_3/p2p-src-zzh-2025/datasets/冰冻-2025/test_image/2022-06-28_11_21_44.kfb_1571.jpg,111,137,69,68,42,0.5036496350364964,0.6216216216216216,0.5564516129032259,0,1,10200,12,139,137,5.229758043687459,6.708945619887199,0,33,7,2,0,0,10,58
p2p_proto_fusion_a0p10_best_paraffin_to_frozen,0,904,/home/data/yh_1/SET_3/p2p-src-zzh-2025/datasets/冰冻-2025/test_image/2022-06-28_11_21_44.kfb_1088.jpg,290,390,201,189,89,0.5153846153846153,0.6931034482758621,0.5911764705882353,0,1,10200,6,394,390,5.02403810530596,6.4164759270587375,0,66,22,1,0,3,41,145
p2p_proto_fusion_a0p10_best_paraffin_to_frozen,0,905,/home/data/yh_1/SET_3/p2p-src-zzh-2025/datasets/冰冻-2025/test_image/2022-06-28_11_12_06.kfb_3703.jpg,0,343,0,0,0,0.0,0.0,0.0,1,0,10200,2,347,343,0.0,0.0,0,0,0,0,0,0,0,0
p2p_proto_fusion_a0p10_best_paraffin_to_frozen,0,906,/home/data/yh_1/SET_3/p2p-src-zzh-2025/datasets/冰冻-2025/test_image/2022-06-28_11_21_44.kfb_2541.jpg,264,485,222,263,42,0.4577319587628866,0.8409090909090909,0.5927903871829105,0,1,10200,4,488,485,5.250912738119906,6.659294813819282,0,19,22,1,0,3,43,217
p2p_proto_fusion_a0p10_best_paraffin_to_frozen,0,907,/home/data/yh_1/SET_3/p2p-src-zzh-2025/datasets/冰冻-2025/test_image/2022-06-28_11_20_39.kfb_3230.jpg,47,119,37,82,10,0.31092436974789917,0.7872340425531915,0.4457831325301204,0,1,10200,7,120,119,4.339325559771853,5.659575178816506,0,8,2,0,0,0,8,74
p2p_proto_fusion_a0p10_best_paraffin_to_frozen,0,908,/home/data/yh_1/SET_3/p2p-src-zzh-2025/datasets/冰冻-2025/test_image/2022-06-28_11_20_39.kfb_1224.jpg,224,478,199,279,25,0.41631799163179917,0.8883928571428571,0.5669515669515669,0,1,10200,3,480,478,4.419354528750679,5.5841573159299305,0,17,7,1,0,0,39,240
p2p_proto_fusion_a0p10_best_paraffin_to_frozen,0,909,/home/data/yh_1/SET_3/p2p-src-zzh-2025/datasets/冰冻-2025/test_image/2022-06-28_11_18_14.kfb_1581.jpg,47,50,28,22,19,0.56,0.5957446808510638,0.577319587628866,0,1,10200,11,50,50,4.33774149558239,5.412193111010963,0,18,1,0,0,0,0,22
p2p_proto_fusion_a0p10_best_paraffin_to_frozen,0,910,/home/data/yh_1/SET_3/p2p-src-zzh-2025/datasets/冰冻-2025/test_image/2022-06-28_11_11_09.kfb_2163.jpg,236,442,210,232,26,0.4751131221719457,0.8898305084745762,0.6194690265486725,0,1,10200,21,448,442,5.182454809367154,6.58124577658517,0,15,8,3,0,2,50,180
p2p_proto_fusion_a0p10_best_paraffin_to_frozen,0,911,/home/data/yh_1/SET_3/p2p-src-zzh-2025/datasets/冰冻-2025/test_image/2022-06-28_11_11_09.kfb_2050.jpg,75,170,70,100,5,0.4117647058823529,0.9333333333333333,0.5714285714285713,0,1,10200,27,173,170,6.012413907545862,7.653385012490407,0,2,3,0,0,1,16,83
p2p_proto_fusion_a0p10_best_paraffin_to_frozen,0,912,/home/data/yh_1/SET_3/p2p-src-zzh-2025/datasets/冰冻-2025/test_image/2022-06-28_11_18_14.kfb_1132.jpg,80,79,49,30,31,0.620253164556962,0.6125,0.6163522012578617,0,1,10200,4,80,79,4.289920909796042,5.549214946980376,0,29,2,0,0,0,3,27
p2p_proto_fusion_a0p10_best_paraffin_to_frozen,0,913,/home/data/yh_1/SET_3/p2p-src-zzh-2025/datasets/冰冻-2025/test_image/2022-06-28_11_12_06.kfb_1851.jpg,0,131,0,0,0,0.0,0.0,0.0,1,0,10200,1,131,131,0.0,0.0,0,0,0,0,0,0,0,0
p2p_proto_fusion_a0p10_best_paraffin_to_frozen,0,914,/home/data/yh_1/SET_3/p2p-src-zzh-2025/datasets/冰冻-2025/test_image/2022-06-28_11_21_44.kfb_2187.jpg,211,444,187,257,24,0.42117117117117114,0.8862559241706162,0.5709923664122137,0,1,10200,3,449,444,4.65220634859836,5.962467555693763,0,11,10,3,0,1,30,226
p2p_proto_fusion_a0p10_best_paraffin_to_frozen,0,915,/home/data/yh_1/SET_3/p2p-src-zzh-2025/datasets/冰冻-2025/test_image/2022-06-28_11_20_39.kfb_1545.jpg,265,552,231,321,34,0.41847826086956524,0.8716981132075472,0.565483476132191,0,1,10200,4,558,552,4.8210853997527705,6.11317777633667,0,22,8,4,0,0,35,286
p2p_proto_fusion_a0p10_best_paraffin_to_frozen,0,916,/home/data/yh_1/SET_3/p2p-src-zzh-2025/datasets/冰冻-2025/test_image/2022-06-28_11_12_06.kfb_1048.jpg,0,518,0,0,0,0.0,0.0,0.0,1,0,10200,1,522,518,0.0,0.0,0,0,0,0,0,0,0,0
p2p_proto_fusion_a0p10_best_paraffin_to_frozen,0,917,/home/data/yh_1/SET_3/p2p-src-zzh-2025/datasets/冰冻-2025/test_image/2022-06-28_11_12_06.kfb_3343.jpg,0,248,0,0,0,0.0,0.0,0.0,1,0,10200,11,249,248,0.0,0.0,0,0,0,0,0,0,0,0
p2p_proto_fusion_a0p10_best_paraffin_to_frozen,0,918,/home/data/yh_1/SET_3/p2p-src-zzh-2025/datasets/冰冻-2025/test_image/2022-06-28_11_11_09.kfb_1283.jpg,190,386,165,221,25,0.4274611398963731,0.868421052631579,0.5729166666666667,0,1,10200,39,391,386,5.890599213352337,7.3794741861747974,0,12,11,2,0,1,38,182
p2p_proto_fusion_a0p10_best_paraffin_to_frozen,0,919,/home/data/yh_1/SET_3/p2p-src-zzh-2025/datasets/冰冻-2025/test_image/2022-06-28_11_21_44.kfb_2272.jpg,103,303,81,222,22,0.26732673267326734,0.7864077669902912,0.3990147783251232,0,1,10200,3,305,303,4.535161802388762,5.68660084995222,0,18,3,1,0,0,13,209
p2p_proto_fusion_a0p10_best_paraffin_to_frozen,0,920,/home/data/yh_1/SET_3/p2p-src-zzh-2025/datasets/冰冻-2025/test_image/2022-06-28_11_18_14.kfb_1551.jpg,56,77,39,38,17,0.5064935064935064,0.6964285714285714,0.5864661654135338,0,1,10200,1,78,77,4.081384877265059,5.10727295508751,0,11,6,0,0,1,4,33
p2p_proto_fusion_a0p10_best_paraffin_to_frozen,0,921,/home/data/yh_1/SET_3/p2p-src-zzh-2025/datasets/冰冻-2025/test_image/2022-06-28_11_20_39.kfb_1916.jpg,139,253,110,143,29,0.43478260869565216,0.7913669064748201,0.5612244897959183,0,1,10200,7,253,253,4.927308017197445,6.317041492462158,0,23,5,1,0,1,23,119
p2p_proto_fusion_a0p10_best_paraffin_to_frozen,0,922,/home/data/yh_1/SET_3/p2p-src-zzh-2025/datasets/冰冻-2025/test_image/2022-06-28_11_21_44.kfb_1988.jpg,118,168,78,90,40,0.4642857142857143,0.6610169491525424,0.5454545454545454,0,1,10200,3,169,168,5.09717554121508,6.36460709571839,0,30,10,0,0,1,16,73
p2p_proto_fusion_a0p10_best_paraffin_to_frozen,0,923,/home/data/yh_1/SET_3/p2p-src-zzh-2025/datasets/冰冻-2025/test_image/2022-06-28_11_11_09.kfb_1875.jpg,39,67,29,38,10,0.43283582089552236,0.7435897435897436,0.5471698113207547,0,1,10200,5,68,67,5.482339447336377,7.034402847290036,0,5,5,0,0,0,6,32
p2p_proto_fusion_a0p10_best_paraffin_to_frozen,0,924,/home/data/yh_1/SET_3/p2p-src-zzh-2025/datasets/冰冻-2025/test_image/2022-06-28_11_18_14.kfb_977.jpg,34,37,17,20,17,0.4594594594594595,0.5,0.47887323943661975,0,1,10200,13,37,37,3.221038870074175,4.162325859069822,0,12,5,0,0,0,3,17
p2p_proto_fusion_a0p10_best_paraffin_to_frozen,0,925,/home/data/yh_1/SET_3/p2p-src-zzh-2025/datasets/冰冻-2025/test_image/2022-06-28_11_20_39.kfb_2526.jpg,115,242,90,152,25,0.371900826446281,0.782608695652174,0.5042016806722689,0,1,10200,1,242,242,4.453131659417285,5.78339716593424,0,16,8,1,0,0,17,135
p2p_proto_fusion_a0p10_best_paraffin_to_frozen,0,926,/home/data/yh_1/SET_3/p2p-src-zzh-2025/datasets/冰冻-2025/test_image/2022-06-28_11_20_39.kfb_339.jpg,283,295,185,110,98,0.6271186440677966,0.6537102473498233,0.6401384083044983,0,1,10200,2,298,295,4.710541692790904,6.076017123299676,0,67,26,5,0,0,25,85
p2p_proto_fusion_a0p10_best_paraffin_to_frozen,0,927,/home/data/yh_1/SET_3/p2p-src-zzh-2025/datasets/冰冻-2025/test_image/2022-06-28_11_20_39.kfb_2446.jpg,200,527,173,354,27,0.32827324478178366,0.865,0.47592847317744147,0,1,10200,1,534,527,4.679795914439533,5.87292062340444,0,20,6,1,0,2,38,314
p2p_proto_fusion_a0p10_best_paraffin_to_frozen,0,928,/home/data/yh_1/SET_3/p2p-src-zzh-2025/datasets/冰冻-2025/test_image/2022-06-28_11_21_44.kfb_1517.jpg,504,766,457,309,47,0.5966057441253264,0.9067460317460317,0.7196850393700788,0,1,10200,9,771,766,4.427870649950774,5.646236005445017,0,25,14,8,0,3,90,216
p2p_proto_fusion_a0p10_best_paraffin_to_frozen,0,929,/home/data/yh_1/SET_3/p2p-src-zzh-2025/datasets/冰冻-2025/test_image/2022-06-28_11_21_44.kfb_1023.jpg,211,406,190,216,21,0.46798029556650245,0.9004739336492891,0.6158833063209076,0,1,10200,4,412,406,4.58507429142052,5.881381174137717,0,14,6,1,0,6,38,172
p2p_proto_fusion_a0p10_best_paraffin_to_frozen,0,930,/home/data/yh_1/SET_3/p2p-src-zzh-2025/datasets/冰冻-2025/test_image/2022-06-28_11_11_09.kfb_460.jpg,0,95,0,0,0,0.0,0.0,0.0,1,0,10200,2,95,95,0.0,0.0,0,0,0,0,0,0,0,0
p2p_proto_fusion_a0p10_best_paraffin_to_frozen,0,931,/home/data/yh_1/SET_3/p2p-src-zzh-2025/datasets/冰冻-2025/test_image/2022-06-28_11_18_14.kfb_132.jpg,199,259,156,103,43,0.6023166023166023,0.7839195979899497,0.6812227074235808,0,1,10200,2,261,259,4.732463621645522,6.056289330506934,0,27,15,1,0,0,10,93
p2p_proto_fusion_a0p10_best_paraffin_to_frozen,0,932,/home/data/yh_1/SET_3/p2p-src-zzh-2025/datasets/冰冻-2025/test_image/2022-06-28_11_21_44.kfb_1641.jpg,312,491,247,244,65,0.5030549898167006,0.7916666666666666,0.6151930261519303,0,1,10200,6,495,491,5.188224245867184,6.561057739412256,0,45,18,2,0,3,36,205
p2p_proto_fusion_a0p10_best_paraffin_to_frozen,0,933,/home/data/yh_1/SET_3/p2p-src-zzh-2025/datasets/冰冻-2025/test_image/2022-06-28_11_21_44.kfb_2581.jpg,187,165,126,39,61,0.7636363636363637,0.6737967914438503,0.7159090909090909,0,1,10200,1,166,165,5.216231546692474,6.706725807199736,0,46,13,2,0,0,17,22
p2p_proto_fusion_a0p10_best_paraffin_to_frozen,0,934,/home/data/yh_1/SET_3/p2p-src-zzh-2025/datasets/冰冻-2025/test_image/2022-06-28_11_20_39.kfb_834.jpg,32,69,24,45,8,0.34782608695652173,0.75,0.4752475247524752,0,1,10200,10,69,69,4.346776330719908,5.637740254402165,0,7,1,0,0,0,7,38
p2p_proto_fusion_a0p10_best_paraffin_to_frozen,0,935,/home/data/yh_1/SET_3/p2p-src-zzh-2025/datasets/冰冻-2025/test_image/2022-06-28_11_21_44.kfb_828.jpg,321,453,254,199,67,0.5607064017660044,0.7912772585669782,0.656330749354005,0,1,10200,1,455,453,5.04352674393738,6.345228420467827,0,45,17,5,0,0,41,158
p2p_proto_fusion_a0p10_best_paraffin_to_frozen,0,936,/home/data/yh_1/SET_3/p2p-src-zzh-2025/datasets/冰冻-2025/test_image/2022-06-28_11_21_44.kfb_1453.jpg,150,250,119,131,31,0.476,0.7933333333333333,0.595,0,1,10200,2,251,250,5.05192159388141,6.5218036635583205,0,21,8,2,0,1,10,120
p2p_proto_fusion_a0p10_best_paraffin_to_frozen,0,937,/home/data/yh_1/SET_3/p2p-src-zzh-2025/datasets/冰冻-2025/test_image/2022-06-28_11_20_39.kfb_2100.jpg,71,107,41,66,30,0.38317757009345793,0.5774647887323944,0.46067415730337075,0,1,10200,9,108,107,4.8487742854910065,6.104963930641734,0,24,5,1,0,0,7,59
p2p_proto_fusion_a0p10_best_paraffin_to_frozen,0,938,/home/data/yh_1/SET_3/p2p-src-zzh-2025/datasets/冰冻-2025/test_image/2022-06-28_11_11_09.kfb_2225.jpg,149,282,129,153,20,0.4574468085106383,0.8657718120805369,0.5986078886310905,0,1,10200,7,286,282,5.0040580971854265,6.275889067686805,0,9,10,1,0,4,24,125
p2p_proto_fusion_a0p10_best_paraffin_to_frozen,0,939,/home/data/yh_1/SET_3/p2p-src-zzh-2025/datasets/冰冻-2025/test_image/2022-06-28_11_18_14.kfb_2188.jpg,132,205,112,93,20,0.5463414634146342,0.8484848484848485,0.6646884272997032,0,1,10200,11,205,205,4.464012335451965,5.712651048387798,0,17,3,0,0,2,10,81
p2p_proto_fusion_a0p10_best_paraffin_to_frozen,0,940,/home/data/yh_1/SET_3/p2p-src-zzh-2025/datasets/冰冻-2025/test_image/2022-06-28_11_20_39.kfb_1137.jpg,281,491,237,254,44,0.48268839103869654,0.8434163701067615,0.6139896373056993,0,1,10200,8,495,491,4.6406775185788725,5.8749331190616285,0,26,14,4,0,1,44,209
p2p_proto_fusion_a0p10_best_paraffin_to_frozen,0,941,/home/data/yh_1/SET_3/p2p-src-zzh-2025/datasets/冰冻-2025/test_image/2022-06-28_11_18_14.kfb_3147.jpg,178,290,139,151,39,0.4793103448275862,0.7808988764044944,0.5940170940170941,0,1,10200,3,293,290,4.287662854713589,5.450589140542121,0,25,11,3,0,0,18,133
p2p_proto_fusion_a0p10_best_paraffin_to_frozen,0,942,/home/data/yh_1/SET_3/p2p-src-zzh-2025/datasets/冰冻-2025/test_image/2022-06-28_11_20_39.kfb_1386.jpg,339,521,273,248,66,0.5239923224568138,0.8053097345132744,0.6348837209302325,0,1,10200,1,525,521,4.672580968870648,5.9563163575671965,0,39,22,5,0,2,33,213
p2p_proto_fusion_a0p10_best_paraffin_to_frozen,0,943,/home/data/yh_1/SET_3/p2p-src-zzh-2025/datasets/冰冻-2025/test_image/2022-06-28_11_21_44.kfb_1832.jpg,86,205,75,130,11,0.36585365853658536,0.872093023255814,0.5154639175257731,0,1,10200,7,207,205,4.539784564662526,5.656859321594241,0,8,2,1,0,1,12,117
p2p_proto_fusion_a0p10_best_paraffin_to_frozen,0,944,/home/data/yh_1/SET_3/p2p-src-zzh-2025/datasets/冰冻-2025/test_image/2022-06-28_11_21_44.kfb_2120.jpg,104,435,94,341,10,0.2160919540229885,0.9038461538461539,0.3487940630797774,0,1,10200,15,440,435,5.1249948246443795,6.5591726100191154,0,6,4,0,0,3,23,315
p2p_proto_fusion_a0p10_best_paraffin_to_frozen,0,945,/home/data/yh_1/SET_3/p2p-src-zzh-2025/datasets/冰冻-2025/test_image/2022-06-28_11_20_39.kfb_2439.jpg,67,146,45,101,22,0.3082191780821918,0.6716417910447762,0.4225352112676057,0,1,10200,11,146,146,4.498865939443884,5.95706664191352,0,19,1,2,0,0,8,93
p2p_proto_fusion_a0p10_best_paraffin_to_frozen,0,946,/home/data/yh_1/SET_3/p2p-src-zzh-2025/datasets/冰冻-2025/test_image/2022-06-28_11_18_14.kfb_1052.jpg,44,58,26,32,18,0.4482758620689655,0.5909090909090909,0.5098039215686274,0,1,10200,3,59,58,3.872882097394618,5.089320476238542,0,12,6,0,0,0,2,30
p2p_proto_fusion_a0p10_best_paraffin_to_frozen,0,947,/home/data/yh_1/SET_3/p2p-src-zzh-2025/datasets/冰冻-2025/test_image/2022-06-28_11_21_44.kfb_2351.jpg,160,288,117,171,43,0.40625,0.73125,0.5223214285714286,0,1,10200,1,289,288,5.325815790939195,6.735547597056705,0,28,15,0,0,1,10,160
p2p_proto_fusion_a0p10_best_paraffin_to_frozen,0,948,/home/data/yh_1/SET_3/p2p-src-zzh-2025/datasets/冰冻-2025/test_image/2022-06-28_11_21_44.kfb_2264.jpg,150,261,115,146,35,0.44061302681992337,0.7666666666666667,0.559610705596107,0,1,10200,4,262,261,4.556059952346301,5.80990261616914,0,28,6,1,0,2,11,133
p2p_proto_fusion_a0p10_best_paraffin_to_frozen,0,949,/home/data/yh_1/SET_3/p2p-src-zzh-2025/datasets/冰冻-2025/test_image/2022-06-28_11_21_44.kfb_370.jpg,290,438,240,198,50,0.547945205479452,0.8275862068965517,0.6593406593406593,0,1,10200,1,439,438,4.847515963959433,6.072701571385066,0,27,22,1,0,2,32,164
p2p_proto_fusion_a0p10_best_paraffin_to_frozen,0,950,/home/data/yh_1/SET_3/p2p-src-zzh-2025/datasets/冰冻-2025/test_image/2022-06-28_11_21_44.kfb_1355.jpg,254,365,203,162,51,0.5561643835616439,0.7992125984251969,0.6558966074313408,0,1,10200,6,370,365,4.728870212917604,5.995819476437683,0,31,17,3,0,3,38,121
p2p_proto_fusion_a0p10_best_paraffin_to_frozen,0,951,/home/data/yh_1/SET_3/p2p-src-zzh-2025/datasets/冰冻-2025/test_image/2022-06-28_11_21_44.kfb_1588.jpg,119,248,102,146,17,0.4112903225806452,0.8571428571428571,0.5558583106267031,0,1,10200,6,252,248,5.029961381215481,6.341151340335023,0,12,4,1,0,0,18,128
p2p_proto_fusion_a0p10_best_paraffin_to_frozen,0,952,/home/data/yh_1/SET_3/p2p-src-zzh-2025/datasets/冰冻-2025/test_image/2022-06-28_11_21_44.kfb_2590.jpg,268,253,166,87,102,0.6561264822134387,0.6194029850746269,0.637236084452975,0,1,10200,0,256,253,5.148317857035543,6.583912185699549,0,68,31,3,0,1,22,64
p2p_proto_fusion_a0p10_best_paraffin_to_frozen,0,953,/home/data/yh_1/SET_3/p2p-src-zzh-2025/datasets/冰冻-2025/test_image/2022-06-28_11_18_14.kfb_2903.jpg,17,27,8,19,9,0.2962962962962963,0.47058823529411764,0.3636363636363636,0,1,10200,1,27,27,4.885820256160271,5.761043548583983,0,7,2,0,0,0,1,18
p2p_proto_fusion_a0p10_best_paraffin_to_frozen,0,954,/home/data/yh_1/SET_3/p2p-src-zzh-2025/datasets/冰冻-2025/test_image/2022-06-28_11_11_09.kfb_1712.jpg,55,77,42,35,13,0.5454545454545454,0.7636363636363637,0.6363636363636364,0,1,10200,11,78,77,4.988074918959096,6.180597123645601,0,8,5,0,0,1,3,31
p2p_proto_fusion_a0p10_best_paraffin_to_frozen,0,955,/home/data/yh_1/SET_3/p2p-src-zzh-2025/datasets/冰冻-2025/test_image/2022-06-28_11_11_09.kfb_950.jpg,0,68,0,0,0,0.0,0.0,0.0,1,0,10200,1,68,68,0.0,0.0,0,0,0,0,0,0,0,0
p2p_proto_fusion_a0p10_best_paraffin_to_frozen,0,956,/home/data/yh_1/SET_3/p2p-src-zzh-2025/datasets/冰冻-2025/test_image/2022-06-28_11_11_09.kfb_738.jpg,53,81,35,46,18,0.43209876543209874,0.660377358490566,0.5223880597014925,0,1,10200,8,81,81,4.372721233966958,5.550206347874229,0,16,1,1,0,0,3,43
p2p_proto_fusion_a0p10_best_paraffin_to_frozen,0,957,/home/data/yh_1/SET_3/p2p-src-zzh-2025/datasets/冰冻-2025/test_image/2022-06-28_11_21_44.kfb_1274.jpg,212,407,173,234,39,0.4250614250614251,0.8160377358490566,0.5589660743134088,0,1,10200,5,416,407,4.753227978130163,6.068910532604062,0,27,10,2,0,2,22,210
p2p_proto_fusion_a0p10_best_paraffin_to_frozen,0,958,/home/data/yh_1/SET_3/p2p-src-zzh-2025/datasets/冰冻-2025/test_image/2022-06-28_11_18_14.kfb_440.jpg,81,87,54,33,27,0.6206896551724138,0.6666666666666666,0.6428571428571429,0,1,10200,7,87,87,3.914718904169339,4.867756419711645,0,23,4,0,0,0,4,29
p2p_proto_fusion_a0p10_best_paraffin_to_frozen,0,959,/home/data/yh_1/SET_3/p2p-src-zzh-2025/datasets/冰冻-2025/test_image/2022-06-28_11_21_44.kfb_1605.jpg,276,361,216,145,60,0.5983379501385041,0.782608695652174,0.6781789638932496,0,1,10200,3,363,361,5.504661266657534,7.018444791988088,0,35,23,2,0,2,37,106
p2p_proto_fusion_a0p10_best_paraffin_to_frozen,0,960,/home/data/yh_1/SET_3/p2p-src-zzh-2025/datasets/冰冻-2025/test_image/2022-06-28_11_21_44.kfb_663.jpg,278,422,238,184,40,0.5639810426540285,0.8561151079136691,0.68,0,1,10200,1,423,422,4.686783994944326,6.010227175319896,0,22,16,2,0,2,31,151
p2p_proto_fusion_a0p10_best_paraffin_to_frozen,0,961,/home/data/yh_1/SET_3/p2p-src-zzh-2025/datasets/冰冻-2025/test_image/2022-06-28_11_11_09.kfb_1534.jpg,222,361,178,183,44,0.4930747922437673,0.8018018018018018,0.6106346483704975,0,1,10200,5,361,361,4.758542787030717,6.138793254166506,0,31,10,3,0,2,26,155
p2p_proto_fusion_a0p10_best_paraffin_to_frozen,0,962,/home/data/yh_1/SET_3/p2p-src-zzh-2025/datasets/冰冻-2025/test_image/2022-06-28_11_18_14.kfb_143.jpg,72,87,53,34,19,0.6091954022988506,0.7361111111111112,0.6666666666666666,0,1,10200,9,87,87,4.217470389094436,5.3446792566551355,0,14,5,0,0,0,8,26
p2p_proto_fusion_a0p10_best_paraffin_to_frozen,0,963,/home/data/yh_1/SET_3/p2p-src-zzh-2025/datasets/冰冻-2025/test_image/2022-06-28_11_11_09.kfb_1851.jpg,27,47,23,24,4,0.48936170212765956,0.8518518518518519,0.6216216216216216,0,1,10200,10,47,47,4.262688950685731,5.543671545775052,0,3,1,0,0,0,3,21
p2p_proto_fusion_a0p10_best_paraffin_to_frozen,0,964,/home/data/yh_1/SET_3/p2p-src-zzh-2025/datasets/冰冻-2025/test_image/2022-06-28_11_21_44.kfb_1760.jpg,62,111,40,71,22,0.36036036036036034,0.6451612903225806,0.4624277456647399,0,1,10200,21,112,111,6.443342862123059,8.169751739501953,0,16,5,1,0,1,9,61
p2p_proto_fusion_a0p10_best_paraffin_to_frozen,0,965,/home/data/yh_1/SET_3/p2p-src-zzh-2025/datasets/冰冻-2025/test_image/2022-06-28_11_12_06.kfb_506.jpg,0,340,0,0,0,0.0,0.0,0.0,1,0,10200,2,343,340,0.0,0.0,0,0,0,0,0,0,0,0
p2p_proto_fusion_a0p10_best_paraffin_to_frozen,0,966,/home/data/yh_1/SET_3/p2p-src-zzh-2025/datasets/冰冻-2025/test_image/2022-06-28_11_11_09.kfb_1405.jpg,264,414,218,196,46,0.5265700483091788,0.8257575757575758,0.6430678466076696,0,1,10200,3,418,414,5.208463938032234,6.560540816105833,0,33,11,2,0,1,18,177
p2p_proto_fusion_a0p10_best_paraffin_to_frozen,0,967,/home/data/yh_1/SET_3/p2p-src-zzh-2025/datasets/冰冻-2025/test_image/2022-06-28_11_20_39.kfb_2768.jpg,243,575,222,353,21,0.38608695652173913,0.9135802469135802,0.5427872860635696,0,1,10200,1,580,575,4.546032310508823,5.801538759523684,0,8,11,2,0,2,40,311
p2p_proto_fusion_a0p10_best_paraffin_to_frozen,0,968,/home/data/yh_1/SET_3/p2p-src-zzh-2025/datasets/冰冻-2025/test_image/2022-06-28_11_21_44.kfb_2555.jpg,277,312,203,109,74,0.6506410256410257,0.7328519855595668,0.6893039049235993,0,1,10200,0,316,312,4.842014184649466,6.169135934151651,0,55,18,1,0,3,28,78
p2p_proto_fusion_a0p10_best_paraffin_to_frozen,0,969,/home/data/yh_1/SET_3/p2p-src-zzh-2025/datasets/冰冻-2025/test_image/2022-06-28_11_21_44.kfb_450.jpg,245,445,208,237,37,0.46741573033707867,0.8489795918367347,0.6028985507246377,0,1,10200,2,447,445,4.702987113533475,6.017285870817991,0,22,11,4,0,1,42,194
p2p_proto_fusion_a0p10_best_paraffin_to_frozen,0,970,/home/data/yh_1/SET_3/p2p-src-zzh-2025/datasets/冰冻-2025/test_image/2022-06-28_11_18_14.kfb_1908.jpg,158,242,119,123,39,0.49173553719008267,0.7531645569620253,0.5950000000000001,0,1,10200,3,247,242,4.728512413840388,6.0136486702606415,0,29,9,1,0,0,14,109
p2p_proto_fusion_a0p10_best_paraffin_to_frozen,0,971,/home/data/yh_1/SET_3/p2p-src-zzh-2025/datasets/冰冻-2025/test_image/2022-06-28_11_11_09.kfb_1604.jpg,46,76,29,47,17,0.3815789473684211,0.6304347826086957,0.47540983606557374,0,1,10200,8,76,76,4.994111807256545,6.33745259252088,0,14,2,1,0,0,3,44
p2p_proto_fusion_a0p10_best_paraffin_to_frozen,0,972,/home/data/yh_1/SET_3/p2p-src-zzh-2025/datasets/冰冻-2025/test_image/2022-06-28_11_20_39.kfb_2636.jpg,152,334,133,201,19,0.39820359281437123,0.875,0.5473251028806584,0,1,10200,17,339,334,4.891726564076647,6.346979560708643,0,11,5,3,0,1,30,170
p2p_proto_fusion_a0p10_best_paraffin_to_frozen,0,973,/home/data/yh_1/SET_3/p2p-src-zzh-2025/datasets/冰冻-2025/test_image/2022-06-28_11_11_09.kfb_2117.jpg,27,51,21,30,6,0.4117647058823529,0.7777777777777778,0.5384615384615384,0,1,10200,7,51,51,4.926452118463881,6.237789789835612,0,3,3,0,0,0,4,26
p2p_proto_fusion_a0p10_best_paraffin_to_frozen,0,974,/home/data/yh_1/SET_3/p2p-src-zzh-2025/datasets/冰冻-2025/test_image/2022-06-28_11_11_09.kfb_1544.jpg,58,164,50,114,8,0.3048780487804878,0.8620689655172413,0.45045045045045046,0,1,10200,4,165,164,4.77807765699619,6.183307251930244,0,7,1,0,0,0,1,113
p2p_proto_fusion_a0p10_best_paraffin_to_frozen,0,975,/home/data/yh_1/SET_3/p2p-src-zzh-2025/datasets/冰冻-2025/test_image/2022-06-28_11_21_44.kfb_2032.jpg,308,671,278,393,30,0.4143070044709389,0.9025974025974026,0.567926455566905,0,1,10200,8,683,671,4.423403913455159,5.645218838890679,0,16,10,4,0,3,58,332
p2p_proto_fusion_a0p10_best_paraffin_to_frozen,0,976,/home/data/yh_1/SET_3/p2p-src-zzh-2025/datasets/冰冻-2025/test_image/2022-06-28_11_21_44.kfb_1367.jpg,166,291,143,148,23,0.49140893470790376,0.8614457831325302,0.6258205689277899,0,1,10200,10,297,291,4.347303455520781,5.496292697799788,0,18,3,2,0,0,22,126
p2p_proto_fusion_a0p10_best_paraffin_to_frozen,0,977,/home/data/yh_1/SET_3/p2p-src-zzh-2025/datasets/冰冻-2025/test_image/2022-06-28_11_20_39.kfb_1755.jpg,95,176,78,98,17,0.4431818181818182,0.8210526315789474,0.5756457564575646,0,1,10200,1,179,176,5.035834575489822,6.461222220689826,0,14,3,0,0,0,13,85
p2p_proto_fusion_a0p10_best_paraffin_to_frozen,0,978,/home/data/yh_1/SET_3/p2p-src-zzh-2025/datasets/冰冻-2025/test_image/2022-06-28_11_21_44.kfb_745.jpg,224,340,183,157,41,0.538235294117647,0.8169642857142857,0.648936170212766,0,1,10200,1,344,340,4.910492586680961,6.289228804124511,0,31,10,0,0,2,20,135
p2p_proto_fusion_a0p10_best_paraffin_to_frozen,0,979,/home/data/yh_1/SET_3/p2p-src-zzh-2025/datasets/冰冻-2025/test_image/2022-06-28_11_21_44.kfb_1880.jpg,250,426,209,217,41,0.49061032863849763,0.836,0.6183431952662722,0,1,10200,4,431,426,4.7285031136396825,5.980041883778913,0,17,21,3,0,0,36,181
p2p_proto_fusion_a0p10_best_paraffin_to_frozen,0,980,/home/data/yh_1/SET_3/p2p-src-zzh-2025/datasets/冰冻-2025/test_image/2022-06-28_11_21_44.kfb_2019.jpg,202,256,134,122,68,0.5234375,0.6633663366336634,0.5851528384279475,0,1,10200,1,257,256,4.609008024118707,5.803898772196981,0,54,12,2,0,2,20,100
p2p_proto_fusion_a0p10_best_paraffin_to_frozen,0,981,/home/data/yh_1/SET_3/p2p-src-zzh-2025/datasets/冰冻-2025/test_image/2022-06-28_11_21_44.kfb_1138.jpg,86,153,70,83,16,0.45751633986928103,0.813953488372093,0.5857740585774058,0,1,10200,15,153,153,4.788447543728019,6.150978197370258,0,13,3,0,0,0,12,71
p2p_proto_fusion_a0p10_best_paraffin_to_frozen,0,982,/home/data/yh_1/SET_3/p2p-src-zzh-2025/datasets/冰冻-2025/test_image/2022-06-28_11_18_14.kfb_3071.jpg,50,63,36,27,14,0.5714285714285714,0.72,0.6371681415929202,0,1,10200,20,64,63,4.84700487910634,6.029343353377449,0,13,1,0,0,0,3,24
p2p_proto_fusion_a0p10_best_paraffin_to_frozen,0,983,/home/data/yh_1/SET_3/p2p-src-zzh-2025/datasets/冰冻-2025/test_image/2022-06-28_11_21_44.kfb_174.jpg,326,450,265,185,61,0.5888888888888889,0.8128834355828221,0.6829896907216495,0,1,10200,1,455,450,5.318628912161452,6.669561988002847,0,43,17,1,0,2,28,155
p2p_proto_fusion_a0p10_best_paraffin_to_frozen,0,984,/home/data/yh_1/SET_3/p2p-src-zzh-2025/datasets/冰冻-2025/test_image/2022-06-28_11_11_09.kfb_2023.jpg,66,96,57,39,9,0.59375,0.8636363636363636,0.7037037037037037,0,1,10200,5,99,96,4.0558325122454235,5.120520959820661,0,5,3,1,0,0,6,33
p2p_proto_fusion_a0p10_best_paraffin_to_frozen,0,985,/home/data/yh_1/SET_3/p2p-src-zzh-2025/datasets/冰冻-2025/test_image/2022-06-28_11_21_44.kfb_1943.jpg,211,235,124,111,87,0.5276595744680851,0.5876777251184834,0.5560538116591928,0,1,10200,8,237,235,4.874971735765792,6.239560946341482,0,74,12,1,0,0,16,95
p2p_proto_fusion_a0p10_best_paraffin_to_frozen,0,986,/home/data/yh_1/SET_3/p2p-src-zzh-2025/datasets/冰冻-2025/test_image/2022-06-28_11_20_39.kfb_2331.jpg,229,346,195,151,34,0.5635838150289018,0.851528384279476,0.6782608695652175,0,1,10200,7,349,346,4.474826978890864,5.759050027529401,0,24,9,1,0,3,24,124
p2p_proto_fusion_a0p10_best_paraffin_to_frozen,0,987,/home/data/yh_1/SET_3/p2p-src-zzh-2025/datasets/冰冻-2025/test_image/2022-06-28_11_12_06.kfb_1226.jpg,655,668,496,172,159,0.7425149700598802,0.7572519083969466,0.7498110355253212,0,1,10200,1,672,668,4.908404672010753,6.304110231899446,0,91,57,11,0,3,56,113
p2p_proto_fusion_a0p10_best_paraffin_to_frozen,0,988,/home/data/yh_1/SET_3/p2p-src-zzh-2025/datasets/冰冻-2025/test_image/2022-06-28_11_20_39.kfb_3245.jpg,126,435,121,314,5,0.27816091954022987,0.9603174603174603,0.43137254901960786,0,1,10200,6,445,435,4.578032971356298,5.909475133438743,0,2,3,0,0,1,34,279
p2p_proto_fusion_a0p10_best_paraffin_to_frozen,0,989,/home/data/yh_1/SET_3/p2p-src-zzh-2025/datasets/冰冻-2025/test_image/2022-06-28_11_20_39.kfb_1634.jpg,292,553,260,293,32,0.4701627486437613,0.8904109589041096,0.6153846153846153,0,1,10200,9,564,553,4.135098398110492,5.265121651154297,0,21,9,2,0,8,70,215
p2p_proto_fusion_a0p10_best_paraffin_to_frozen,0,990,/home/data/yh_1/SET_3/p2p-src-zzh-2025/datasets/冰冻-2025/test_image/2022-06-28_11_21_44.kfb_1254.jpg,298,474,255,219,43,0.5379746835443038,0.8557046979865772,0.6606217616580311,0,1,10200,2,485,474,4.775695499328854,6.070629273208916,0,20,13,10,0,3,47,169
p2p_proto_fusion_a0p10_best_paraffin_to_frozen,0,991,/home/data/yh_1/SET_3/p2p-src-zzh-2025/datasets/冰冻-2025/test_image/2022-06-28_11_20_39.kfb_1215.jpg,57,124,45,79,12,0.3629032258064516,0.7894736842105263,0.49723756906077343,0,1,10200,5,126,124,4.15939957899257,5.424503241644965,0,9,3,0,0,0,8,71
p2p_proto_fusion_a0p10_best_paraffin_to_frozen,0,992,/home/data/yh_1/SET_3/p2p-src-zzh-2025/datasets/冰冻-2025/test_image/2022-06-28_11_12_06.kfb_1047.jpg,0,433,0,0,0,0.0,0.0,0.0,1,0,10200,0,437,433,0.0,0.0,0,0,0,0,0,0,0,0
p2p_proto_fusion_a0p10_best_paraffin_to_frozen,0,993,/home/data/yh_1/SET_3/p2p-src-zzh-2025/datasets/冰冻-2025/test_image/2022-06-28_11_20_39.kfb_1834.jpg,73,155,62,93,11,0.4,0.8493150684931506,0.543859649122807,0,1,10200,0,157,155,4.43955263323809,5.671636504511685,0,9,2,0,0,0,13,80
p2p_proto_fusion_a0p10_best_paraffin_to_frozen,0,994,/home/data/yh_1/SET_3/p2p-src-zzh-2025/datasets/冰冻-2025/test_image/2022-06-28_11_21_44.kfb_364.jpg,419,513,321,192,98,0.6257309941520468,0.766109785202864,0.6888412017167382,0,1,10200,2,520,513,4.728685036215663,6.054354278469382,0,58,35,5,0,3,51,138
p2p_proto_fusion_a0p10_best_paraffin_to_frozen,0,995,/home/data/yh_1/SET_3/p2p-src-zzh-2025/datasets/冰冻-2025/test_image/2022-06-28_11_20_39.kfb_1610.jpg,340,634,302,332,38,0.47634069400630913,0.888235294117647,0.6201232032854209,0,1,10200,2,638,634,5.119964848399869,6.478631033802665,0,19,17,2,0,2,65,265
p2p_proto_fusion_a0p10_best_paraffin_to_frozen,0,996,/home/data/yh_1/SET_3/p2p-src-zzh-2025/datasets/冰冻-2025/test_image/2022-06-28_11_20_39.kfb_2359.jpg,211,415,182,233,29,0.43855421686746987,0.8625592417061612,0.5814696485623003,0,1,10200,24,416,415,4.926861983935428,6.253125497928033,0,21,8,0,0,1,31,201
p2p_proto_fusion_a0p10_best_paraffin_to_frozen,0,997,/home/data/yh_1/SET_3/p2p-src-zzh-2025/datasets/冰冻-2025/test_image/2022-06-28_11_21_44.kfb_1176.jpg,154,250,128,122,26,0.512,0.8311688311688312,0.6336633663366337,0,1,10200,11,253,250,4.612669333637432,5.8414399381727,0,19,7,0,0,0,18,104
p2p_proto_fusion_a0p10_best_paraffin_to_frozen,0,998,/home/data/yh_1/SET_3/p2p-src-zzh-2025/datasets/冰冻-2025/test_image/2022-06-28_11_20_39.kfb_2106.jpg,338,642,304,338,34,0.4735202492211838,0.8994082840236687,0.6204081632653062,0,1,10200,3,645,642,4.501622565309582,5.726978949026058,0,15,17,2,0,2,56,280
p2p_proto_fusion_a0p10_best_paraffin_to_frozen,0,999,/home/data/yh_1/SET_3/p2p-src-zzh-2025/datasets/冰冻-2025/test_image/2022-06-28_11_20_39.kfb_2614.jpg,289,564,238,326,51,0.4219858156028369,0.8235294117647058,0.5580304806565065,0,1,10200,1,570,564,4.2107468713856315,5.391771188303203,0,21,26,4,0,2,47,277
p2p_proto_fusion_a0p10_best_paraffin_to_frozen,0,1000,/home/data/yh_1/SET_3/p2p-src-zzh-2025/datasets/冰冻-2025/test_image/2022-06-28_11_11_09.kfb_718.jpg,0,456,0,0,0,0.0,0.0,0.0,1,0,10200,3,458,456,0.0,0.0,0,0,0,0,0,0,0,0
p2p_proto_fusion_a0p10_best_paraffin_to_frozen,0,1001,/home/data/yh_1/SET_3/p2p-src-zzh-2025/datasets/冰冻-2025/test_image/2022-06-28_11_20_39.kfb_682.jpg,167,319,134,185,33,0.4200626959247649,0.8023952095808383,0.5514403292181069,0,1,10200,5,321,319,4.417916549910874,5.611710228137119,0,25,7,1,0,0,18,167
p2p_proto_fusion_a0p10_best_paraffin_to_frozen,0,1002,/home/data/yh_1/SET_3/p2p-src-zzh-2025/datasets/冰冻-2025/test_image/2022-06-28_11_21_44.kfb_1387.jpg,56,121,43,78,13,0.35537190082644626,0.7678571428571429,0.48587570621468923,0,1,10200,24,123,121,5.503269237228464,7.005671756212113,0,8,5,0,0,0,6,72
p2p_proto_fusion_a0p10_best_paraffin_to_frozen,0,1003,/home/data/yh_1/SET_3/p2p-src-zzh-2025/datasets/冰冻-2025/test_image/2022-06-28_11_12_06.kfb_2482.jpg,0,579,0,0,0,0.0,0.0,0.0,1,0,10200,0,588,579,0.0,0.0,0,0,0,0,0,0,0,0
p2p_proto_fusion_a0p10_best_paraffin_to_frozen,0,1004,/home/data/yh_1/SET_3/p2p-src-zzh-2025/datasets/冰冻-2025/test_image/2022-06-28_11_20_39.kfb_2183.jpg,11,30,5,25,6,0.16666666666666666,0.45454545454545453,0.2439024390243902,0,1,10200,7,31,30,4.079083374461254,5.386908721923803,0,6,0,0,0,0,2,23
p2p_proto_fusion_a0p10_best_paraffin_to_frozen,0,1005,/home/data/yh_1/SET_3/p2p-src-zzh-2025/datasets/冰冻-2025/test_image/2022-06-28_11_20_39.kfb_2589.jpg,159,275,137,138,22,0.49818181818181817,0.8616352201257862,0.631336405529954,0,1,10200,2,277,275,4.171176126406726,5.359893583033207,0,16,6,0,0,2,19,117
p2p_proto_fusion_a0p10_best_paraffin_to_frozen,0,1006,/home/data/yh_1/SET_3/p2p-src-zzh-2025/datasets/冰冻-2025/test_image/2022-06-28_11_21_44.kfb_1316.jpg,178,249,140,109,38,0.5622489959839357,0.7865168539325843,0.6557377049180327,0,1,10200,3,251,249,4.938682932227354,6.35521481718336,0,30,6,2,0,1,16,92
p2p_proto_fusion_a0p10_best_paraffin_to_frozen,0,1007,/home/data/yh_1/SET_3/p2p-src-zzh-2025/datasets/冰冻-2025/test_image/2022-06-28_11_12_06.kfb_3521.jpg,0,213,0,0,0,0.0,0.0,0.0,1,0,10200,6,219,213,0.0,0.0,0,0,0,0,0,0,0,0
p2p_proto_fusion_a0p10_best_paraffin_to_frozen,0,1008,/home/data/yh_1/SET_3/p2p-src-zzh-2025/datasets/冰冻-2025/test_image/2022-06-28_11_18_14.kfb_1629.jpg,67,93,49,44,18,0.5268817204301075,0.7313432835820896,0.6124999999999999,0,1,10200,3,93,93,4.305132677949897,5.505372918381981,0,17,1,0,0,1,4,39
p2p_proto_fusion_a0p10_best_paraffin_to_frozen,0,1009,/home/data/yh_1/SET_3/p2p-src-zzh-2025/datasets/冰冻-2025/test_image/2022-06-28_11_20_39.kfb_2887.jpg,50,103,34,69,16,0.3300970873786408,0.68,0.44444444444444453,0,1,10200,4,104,103,4.177928013756478,5.405783260569861,0,14,2,0,0,0,9,60
p2p_proto_fusion_a0p10_best_paraffin_to_frozen,0,1010,/home/data/yh_1/SET_3/p2p-src-zzh-2025/datasets/冰冻-2025/test_image/2022-06-28_11_11_09.kfb_1271.jpg,152,274,114,160,38,0.41605839416058393,0.75,0.5352112676056338,0,1,10200,5,277,274,5.09654978658544,6.451898265303227,0,32,5,1,0,1,12,147
p2p_proto_fusion_a0p10_best_paraffin_to_frozen,0,1011,/home/data/yh_1/SET_3/p2p-src-zzh-2025/datasets/冰冻-2025/test_image/2022-06-28_11_20_39.kfb_1877.jpg,149,295,115,180,34,0.3898305084745763,0.7718120805369127,0.5180180180180181,0,1,10200,5,295,295,4.049198945709224,5.201997155728545,0,25,8,1,0,2,17,161
p2p_proto_fusion_a0p10_best_paraffin_to_frozen,0,1012,/home/data/yh_1/SET_3/p2p-src-zzh-2025/datasets/冰冻-2025/test_image/2022-06-28_11_18_14.kfb_281.jpg,70,80,41,39,29,0.5125,0.5857142857142857,0.5466666666666666,0,1,10200,3,80,80,3.6707021433008657,4.6724113167786046,0,24,5,0,0,0,6,33
p2p_proto_fusion_a0p10_best_paraffin_to_frozen,0,1013,/home/data/yh_1/SET_3/p2p-src-zzh-2025/datasets/冰冻-2025/test_image/2022-06-28_11_20_39.kfb_2684.jpg,254,724,237,487,17,0.32734806629834257,0.9330708661417323,0.48466257668711654,0,1,10200,4,738,724,4.802879004663025,6.220362043581933,0,7,6,4,0,3,60,424
p2p_proto_fusion_a0p10_best_paraffin_to_frozen,0,1014,/home/data/yh_1/SET_3/p2p-src-zzh-2025/datasets/冰冻-2025/test_image/2022-06-28_11_12_06.kfb_1814.jpg,0,361,0,0,0,0.0,0.0,0.0,1,0,10200,3,368,361,0.0,0.0,0,0,0,0,0,0,0,0
p2p_proto_fusion_a0p10_best_paraffin_to_frozen,0,1015,/home/data/yh_1/SET_3/p2p-src-zzh-2025/datasets/冰冻-2025/test_image/2022-06-28_11_20_39.kfb_2160.jpg,176,250,148,102,28,0.592,0.8409090909090909,0.6948356807511737,0,1,10200,6,250,250,4.505613941153136,5.861724370234722,0,18,8,2,0,2,18,82
p2p_proto_fusion_a0p10_best_paraffin_to_frozen,0,1016,/home/data/yh_1/SET_3/p2p-src-zzh-2025/datasets/冰冻-2025/test_image/2022-06-28_11_18_14.kfb_628.jpg,20,28,14,14,6,0.5,0.7,0.5833333333333334,0,1,10200,9,28,28,4.552959888974121,5.53692667824882,0,5,1,0,0,0,1,13
p2p_proto_fusion_a0p10_best_paraffin_to_frozen,0,1017,/home/data/yh_1/SET_3/p2p-src-zzh-2025/datasets/冰冻-2025/test_image/2022-06-28_11_18_14.kfb_1337.jpg,10,18,5,13,5,0.2777777777777778,0.5,0.35714285714285715,0,1,10200,11,18,18,4.969696092229218,5.7738739013671765,0,5,0,0,0,0,1,12
p2p_proto_fusion_a0p10_best_paraffin_to_frozen,0,1018,/home/data/yh_1/SET_3/p2p-src-zzh-2025/datasets/冰冻-2025/test_image/2022-06-28_11_18_14.kfb_3311.jpg,56,98,35,63,21,0.35714285714285715,0.625,0.45454545454545453,0,1,10200,7,99,98,3.995452386404091,5.009895951407295,0,19,2,0,0,0,6,57
p2p_proto_fusion_a0p10_best_paraffin_to_frozen,0,1019,/home/data/yh_1/SET_3/p2p-src-zzh-2025/datasets/冰冻-2025/test_image/2022-06-28_11_20_39.kfb_2980.jpg,66,205,57,148,9,0.2780487804878049,0.8636363636363636,0.4206642066420665,0,1,10200,28,205,205,4.678034215992893,5.961835342541076,0,7,1,1,0,1,10,137
p2p_proto_fusion_a0p10_best_paraffin_to_frozen,0,1020,/home/data/yh_1/SET_3/p2p-src-zzh-2025/datasets/冰冻-2025/test_image/2022-06-28_11_11_09.kfb_325.jpg,38,74,27,47,11,0.36486486486486486,0.7105263157894737,0.48214285714285715,0,1,10200,16,74,74,4.367117468631961,5.590298299436218,0,10,1,0,0,0,0,47
p2p_proto_fusion_a0p10_best_paraffin_to_frozen,0,1021,/home/data/yh_1/SET_3/p2p-src-zzh-2025/datasets/冰冻-2025/test_image/2022-06-28_11_20_39.kfb_1941.jpg,290,614,252,362,38,0.41042345276872966,0.8689655172413793,0.5575221238938053,0,1,10200,0,618,614,5.147611380777831,6.542503138383228,0,21,14,3,0,1,46,315
p2p_proto_fusion_a0p10_best_paraffin_to_frozen,0,1022,/home/data/yh_1/SET_3/p2p-src-zzh-2025/datasets/冰冻-2025/test_image/2022-06-28_11_20_39.kfb_3242.jpg,127,420,115,305,12,0.27380952380952384,0.905511811023622,0.4204753199268738,0,1,10200,2,428,420,4.568460048091497,5.963696156377382,0,8,4,0,0,1,30,274
p2p_proto_fusion_a0p10_best_paraffin_to_frozen,0,1023,/home/data/yh_1/SET_3/p2p-src-zzh-2025/datasets/冰冻-2025/test_image/2022-06-28_11_18_14.kfb_3144.jpg,177,320,135,185,42,0.421875,0.7627118644067796,0.5432595573440644,0,1,10200,3,323,320,4.691013969867891,5.9827870934097875,0,25,13,4,0,0,37,148
p2p_proto_fusion_a0p10_best_paraffin_to_frozen,0,1024,/home/data/yh_1/SET_3/p2p-src-zzh-2025/datasets/冰冻-2025/test_image/2022-06-28_11_20_39.kfb_2847.jpg,211,508,187,321,24,0.36811023622047245,0.8862559241706162,0.5201668984700974,0,1,10200,10,512,508,4.819451732750168,6.165636223267745,0,15,9,0,0,4,34,283
p2p_proto_fusion_a0p10_best_paraffin_to_frozen,0,1025,/home/data/yh_1/SET_3/p2p-src-zzh-2025/datasets/冰冻-2025/test_image/2022-06-28_11_20_39.kfb_2750.jpg,97,230,86,144,11,0.3739130434782609,0.8865979381443299,0.5259938837920489,0,1,10200,7,230,230,4.437116003783063,5.6409393853919525,0,8,3,0,0,1,12,131
p2p_proto_fusion_a0p10_best_paraffin_to_frozen,0,1026,/home/data/yh_1/SET_3/p2p-src-zzh-2025/datasets/冰冻-2025/test_image/2022-06-28_11_21_44.kfb_746.jpg,367,608,328,280,39,0.5394736842105263,0.8937329700272479,0.6728205128205128,0,1,10200,0,622,608,4.526655902854133,5.7743004756729785,0,21,15,3,0,4,66,210
p2p_proto_fusion_a0p10_best_paraffin_to_frozen,0,1027,/home/data/yh_1/SET_3/p2p-src-zzh-2025/datasets/冰冻-2025/test_image/2022-06-28_11_18_14.kfb_2738.jpg,10,28,6,22,4,0.21428571428571427,0.6,0.3157894736842105,0,1,10200,13,28,28,3.7740981907322,4.9756097793578915,0,4,0,0,0,0,0,22
p2p_proto_fusion_a0p10_best_paraffin_to_frozen,0,1028,/home/data/yh_1/SET_3/p2p-src-zzh-2025/datasets/冰冻-2025/test_image/2022-06-28_11_18_14.kfb_2734.jpg,23,39,14,25,9,0.358974358974359,0.6086956521739131,0.45161290322580644,0,1,10200,4,39,39,4.469471137940154,5.852398872375484,0,7,2,0,0,0,2,23
p2p_proto_fusion_a0p10_best_paraffin_to_frozen,0,1029,/home/data/yh_1/SET_3/p2p-src-zzh-2025/datasets/冰冻-2025/test_image/2022-06-28_11_21_44.kfb_2523.jpg,107,293,81,212,26,0.2764505119453925,0.7570093457943925,0.40499999999999997,0,1,10200,6,293,293,5.133793639877309,6.305434683222828,0,16,10,0,0,0,18,194
p2p_proto_fusion_a0p10_best_paraffin_to_frozen,0,1030,/home/data/yh_1/SET_3/p2p-src-zzh-2025/datasets/冰冻-2025/test_image/2022-06-28_11_21_44.kfb_1855.jpg,123,180,92,88,31,0.5111111111111111,0.7479674796747967,0.6072607260726072,0,1,10200,2,185,180,4.784517699750573,6.0398100925528535,0,24,6,1,0,2,6,80
p2p_proto_fusion_a0p10_best_paraffin_to_frozen,0,1031,/home/data/yh_1/SET_3/p2p-src-zzh-2025/datasets/冰冻-2025/test_image/2022-06-28_11_21_44.kfb_1204.jpg,219,327,184,143,35,0.5626911314984709,0.8401826484018264,0.673992673992674,0,1,10200,1,330,327,4.590868424009273,5.856664345316265,0,24,9,2,0,1,28,114
p2p_proto_fusion_a0p10_best_paraffin_to_frozen,0,1032,/home/data/yh_1/SET_3/p2p-src-zzh-2025/datasets/冰冻-2025/test_image/2022-06-28_11_21_44.kfb_2111.jpg,202,354,155,199,47,0.4378531073446328,0.7673267326732673,0.5575539568345323,0,1,10200,6,360,354,4.499065320393449,5.726624891834873,0,29,17,1,0,0,25,174
p2p_proto_fusion_a0p10_best_paraffin_to_frozen,0,1033,/home/data/yh_1/SET_3/p2p-src-zzh-2025/datasets/冰冻-2025/test_image/2022-06-28_11_12_06.kfb_3523.jpg,245,329,200,129,45,0.60790273556231,0.8163265306122449,0.6968641114982579,0,1,10200,0,334,329,5.064544779933245,6.423999600410461,0,31,12,2,0,2,23,104
p2p_proto_fusion_a0p10_best_paraffin_to_frozen,0,1034,/home/data/yh_1/SET_3/p2p-src-zzh-2025/datasets/冰冻-2025/test_image/2022-06-28_11_21_44.kfb_345.jpg,150,166,105,61,45,0.6325301204819277,0.7,0.6645569620253163,0,1,10200,10,167,166,4.765526023757282,6.015161568777898,0,39,6,0,0,0,5,56
p2p_proto_fusion_a0p10_best_paraffin_to_frozen,0,1035,/home/data/yh_1/SET_3/p2p-src-zzh-2025/datasets/冰冻-2025/test_image/2022-06-28_11_21_44.kfb_374.jpg,152,190,99,91,53,0.5210526315789473,0.6513157894736842,0.5789473684210525,0,1,10200,4,190,190,4.401523313932904,5.613255317765057,0,42,10,1,0,2,19,70
p2p_proto_fusion_a0p10_best_paraffin_to_frozen,0,1036,/home/data/yh_1/SET_3/p2p-src-zzh-2025/datasets/冰冻-2025/test_image/2022-06-28_11_18_14.kfb_1823.jpg,21,40,14,26,7,0.35,0.6666666666666666,0.4590163934426229,0,1,10200,8,40,40,3.428449225738796,4.41123063223702,0,7,0,0,0,0,0,26
p2p_proto_fusion_a0p10_best_paraffin_to_frozen,0,1037,/home/data/yh_1/SET_3/p2p-src-zzh-2025/datasets/冰冻-2025/test_image/2022-06-28_11_21_44.kfb_689.jpg,26,20,9,11,17,0.45,0.34615384615384615,0.3913043478260869,0,1,10200,3,20,20,6.745605109846029,8.04654460483128,0,15,2,0,0,1,3,7
p2p_proto_fusion_a0p10_best_paraffin_to_frozen,0,1038,/home/data/yh_1/SET_3/p2p-src-zzh-2025/datasets/冰冻-2025/test_image/2022-06-28_11_20_39.kfb_2813.jpg,148,258,124,134,24,0.4806201550387597,0.8378378378378378,0.6108374384236454,0,1,10200,5,258,258,4.952887097442981,6.478193844518352,0,21,3,0,0,1,9,124
p2p_proto_fusion_a0p10_best_paraffin_to_frozen,0,1039,/home/data/yh_1/SET_3/p2p-src-zzh-2025/datasets/冰冻-2025/test_image/2022-06-28_11_21_44.kfb_2066.jpg,119,211,90,121,29,0.4265402843601896,0.7563025210084033,0.5454545454545455,0,1,10200,2,213,211,4.873353155215774,6.201645432578196,0,20,6,3,0,1,16,104
p2p_proto_fusion_a0p10_best_paraffin_to_frozen,0,1040,/home/data/yh_1/SET_3/p2p-src-zzh-2025/datasets/冰冻-2025/test_image/2022-06-28_11_21_44.kfb_2539.jpg,145,365,123,242,22,0.336986301369863,0.8482758620689655,0.4823529411764706,0,1,10200,2,367,365,5.049610487883168,6.367737269983063,0,9,10,3,0,0,27,215
p2p_proto_fusion_a0p10_best_paraffin_to_frozen,0,1041,/home/data/yh_1/SET_3/p2p-src-zzh-2025/datasets/冰冻-2025/test_image/2022-06-28_11_21_44.kfb_2212.jpg,123,239,91,148,32,0.3807531380753138,0.7398373983739838,0.5027624309392265,0,1,10200,1,240,239,4.982964351196584,6.321530368301895,0,21,10,1,0,0,20,128
p2p_proto_fusion_a0p10_best_paraffin_to_frozen,0,1042,/home/data/yh_1/SET_3/p2p-src-zzh-2025/datasets/冰冻-2025/test_image/2022-06-28_11_20_39.kfb_1797.jpg,219,500,199,301,20,0.398,0.908675799086758,0.553546592489569,0,1,10200,1,506,500,4.307799851895419,5.445890383504742,0,13,5,2,0,3,46,252
p2p_proto_fusion_a0p10_best_paraffin_to_frozen,0,1043,/home/data/yh_1/SET_3/p2p-src-zzh-2025/datasets/冰冻-2025/test_image/2022-06-28_11_21_44.kfb_2018.jpg,279,338,186,152,93,0.5502958579881657,0.6666666666666666,0.6029173419773095,0,1,10200,1,342,338,4.547056821084895,5.834015219442305,0,71,20,2,0,3,24,125
p2p_proto_fusion_a0p10_best_paraffin_to_frozen,0,1044,/home/data/yh_1/SET_3/p2p-src-zzh-2025/datasets/冰冻-2025/test_image/2022-06-28_11_18_14.kfb_1874.jpg,21,32,17,15,4,0.53125,0.8095238095238095,0.6415094339622642,0,1,10200,2,32,32,4.128912075445321,5.413125991821299,0,4,0,0,0,0,3,12
p2p_proto_fusion_a0p10_best_paraffin_to_frozen,0,1045,/home/data/yh_1/SET_3/p2p-src-zzh-2025/datasets/冰冻-2025/test_image/2022-06-28_11_12_06.kfb_1544.jpg,0,369,0,0,0,0.0,0.0,0.0,1,0,10200,2,371,369,0.0,0.0,0,0,0,0,0,0,0,0
p2p_proto_fusion_a0p10_best_paraffin_to_frozen,0,1046,/home/data/yh_1/SET_3/p2p-src-zzh-2025/datasets/冰冻-2025/test_image/2022-06-28_11_20_39.kfb_916.jpg,108,239,85,154,23,0.35564853556485354,0.7870370370370371,0.48991354466858794,0,1,10200,4,242,239,4.8741584937143045,6.169374920340142,0,20,3,0,0,0,12,142
p2p_proto_fusion_a0p10_best_paraffin_to_frozen,0,1047,/home/data/yh_1/SET_3/p2p-src-zzh-2025/datasets/冰冻-2025/test_image/2022-06-28_11_18_14.kfb_2191.jpg,75,114,60,54,15,0.5263157894736842,0.8,0.6349206349206348,0,1,10200,7,114,114,4.470673202269082,5.819674126307163,0,11,4,0,0,0,7,47
p2p_proto_fusion_a0p10_best_paraffin_to_frozen,0,1048,/home/data/yh_1/SET_3/p2p-src-zzh-2025/datasets/冰冻-2025/test_image/2022-06-28_11_18_14.kfb_550.jpg,43,43,21,22,22,0.4883720930232558,0.4883720930232558,0.4883720930232558,0,1,10200,7,43,43,5.563989044005577,7.239174729301823,0,18,4,0,0,0,5,17
p2p_proto_fusion_a0p10_best_paraffin_to_frozen,0,1049,/home/data/yh_1/SET_3/p2p-src-zzh-2025/datasets/冰冻-2025/test_image/2022-06-28_11_21_44.kfb_1221.jpg,386,697,317,380,69,0.45480631276901007,0.8212435233160622,0.5854108956602031,0,1,10200,10,705,697,5.621903373483786,7.192593302260438,0,32,31,6,0,6,75,299
p2p_proto_fusion_a0p10_best_paraffin_to_frozen,0,1050,/home/data/yh_1/SET_3/p2p-src-zzh-2025/datasets/冰冻-2025/test_image/2022-06-28_11_20_39.kfb_1376.jpg,66,144,51,93,15,0.3541666666666667,0.7727272727272727,0.4857142857142857,0,1,10200,6,146,144,4.401519829143926,5.566275634017646,0,13,2,0,0,0,3,90
p2p_proto_fusion_a0p10_best_paraffin_to_frozen,0,1051,/home/data/yh_1/SET_3/p2p-src-zzh-2025/datasets/冰冻-2025/test_image/2022-06-28_11_21_44.kfb_2379.jpg,203,449,180,269,23,0.40089086859688194,0.8866995073891626,0.5521472392638037,0,1,10200,2,454,449,5.018146430930854,6.396095658581488,0,17,5,1,0,5,44,220
p2p_proto_fusion_a0p10_best_paraffin_to_frozen,0,1052,/home/data/yh_1/SET_3/p2p-src-zzh-2025/datasets/冰冻-2025/test_image/2022-06-28_11_11_09.kfb_2338.jpg,31,72,25,47,6,0.3472222222222222,0.8064516129032258,0.48543689320388356,0,1,10200,8,72,72,3.492165200830673,4.486146545410155,0,6,0,0,0,0,1,46
p2p_proto_fusion_a0p10_best_paraffin_to_frozen,0,1053,/home/data/yh_1/SET_3/p2p-src-zzh-2025/datasets/冰冻-2025/test_image/2022-06-28_11_18_14.kfb_2007.jpg,13,22,7,15,6,0.3181818181818182,0.5384615384615384,0.39999999999999997,0,1,10200,34,22,22,5.2540491437581744,6.453456606183736,0,5,1,0,0,0,1,14
p2p_proto_fusion_a0p10_best_paraffin_to_frozen,0,1054,/home/data/yh_1/SET_3/p2p-src-zzh-2025/datasets/冰冻-2025/test_image/2022-06-28_11_11_09.kfb_644.jpg,0,391,0,0,0,0.0,0.0,0.0,1,0,10200,2,395,391,0.0,0.0,0,0,0,0,0,0,0,0
p2p_proto_fusion_a0p10_best_paraffin_to_frozen,0,1055,/home/data/yh_1/SET_3/p2p-src-zzh-2025/datasets/冰冻-2025/test_image/2022-06-28_11_20_39.kfb_2029.jpg,65,100,42,58,23,0.42,0.6461538461538462,0.509090909090909,0,1,10200,13,100,100,3.872593633741611,4.939284245173137,0,19,3,1,0,0,6,52
p2p_proto_fusion_a0p10_best_paraffin_to_frozen,0,1056,/home/data/yh_1/SET_3/p2p-src-zzh-2025/datasets/冰冻-2025/test_image/2022-06-28_11_21_44.kfb_102.jpg,186,306,162,144,24,0.5294117647058824,0.8709677419354839,0.6585365853658537,0,1,10200,8,308,306,4.876696091064071,6.235645647402165,0,17,6,1,0,3,14,127
p2p_proto_fusion_a0p10_best_paraffin_to_frozen,0,1057,/home/data/yh_1/SET_3/p2p-src-zzh-2025/datasets/冰冻-2025/test_image/2022-06-28_11_11_09.kfb_1605.jpg,89,135,73,62,16,0.5407407407407407,0.8202247191011236,0.6517857142857143,0,1,10200,4,135,135,4.987501812685777,6.268795679693354,0,13,2,1,0,1,5,56
p2p_proto_fusion_a0p10_best_paraffin_to_frozen,0,1058,/home/data/yh_1/SET_3/p2p-src-zzh-2025/datasets/冰冻-2025/test_image/2022-06-28_11_18_14.kfb_3154.jpg,16,26,11,15,5,0.4230769230769231,0.6875,0.5238095238095238,0,1,10200,5,26,26,3.2818982075408076,4.252255873246626,0,5,0,0,0,0,0,15
p2p_proto_fusion_a0p10_best_paraffin_to_frozen,0,1059,/home/data/yh_1/SET_3/p2p-src-zzh-2025/datasets/冰冻-2025/test_image/2022-06-28_11_18_14.kfb_2274.jpg,8,36,6,30,2,0.16666666666666666,0.75,0.27272727272727276,0,1,10200,10,36,36,8.941683857354093,11.353591918945318,0,2,0,0,0,0,1,29
p2p_proto_fusion_a0p10_best_paraffin_to_frozen,0,1060,/home/data/yh_1/SET_3/p2p-src-zzh-2025/datasets/冰冻-2025/test_image/2022-06-28_11_20_39.kfb_2776.jpg,242,496,196,300,46,0.3951612903225806,0.8099173553719008,0.5311653116531165,0,1,10200,0,497,496,4.3975679512839445,5.580749574972658,0,33,11,2,0,2,41,257
p2p_proto_fusion_a0p10_best_paraffin_to_frozen,0,1061,/home/data/yh_1/SET_3/p2p-src-zzh-2025/datasets/冰冻-2025/test_image/2022-06-28_11_11_09.kfb_2009.jpg,129,246,111,135,18,0.45121951219512196,0.8604651162790697,0.592,0,1,10200,5,248,246,5.828953139003306,7.600073470725667,0,10,8,0,0,3,27,105
p2p_proto_fusion_a0p10_best_paraffin_to_frozen,0,1062,/home/data/yh_1/SET_3/p2p-src-zzh-2025/datasets/冰冻-2025/test_image/2022-06-28_11_20_39.kfb_1917.jpg,36,68,25,43,11,0.36764705882352944,0.6944444444444444,0.48076923076923084,0,1,10200,9,70,68,4.228911219079752,5.429452323913572,0,10,1,0,0,0,3,40
p2p_proto_fusion_a0p10_best_paraffin_to_frozen,0,1063,/home/data/yh_1/SET_3/p2p-src-zzh-2025/datasets/冰冻-2025/test_image/2022-06-28_11_21_44.kfb_1302.jpg,109,170,66,104,43,0.38823529411764707,0.6055045871559633,0.47311827956989244,0,1,10200,5,172,170,5.053060555877535,6.373366160826254,0,37,5,1,0,1,6,97
p2p_proto_fusion_a0p10_best_paraffin_to_frozen,0,1064,/home/data/yh_1/SET_3/p2p-src-zzh-2025/datasets/冰冻-2025/test_image/2022-06-28_11_21_44.kfb_2156.jpg,338,543,271,272,67,0.4990791896869245,0.8017751479289941,0.6152099886492622,0,1,10200,2,547,543,4.822455272634643,6.109182741369268,0,38,27,2,0,4,40,228
p2p_proto_fusion_a0p10_best_paraffin_to_frozen,0,1065,/home/data/yh_1/SET_3/p2p-src-zzh-2025/datasets/冰冻-2025/test_image/2022-06-28_11_21_44.kfb_797.jpg,98,125,71,54,27,0.568,0.7244897959183674,0.6367713004484304,0,1,10200,3,126,125,4.345744227751116,5.553442149095138,0,20,7,0,0,1,6,47
p2p_proto_fusion_a0p10_best_paraffin_to_frozen,0,1066,/home/data/yh_1/SET_3/p2p-src-zzh-2025/datasets/冰冻-2025/test_image/2022-06-28_11_20_39.kfb_262.jpg,299,410,245,165,54,0.5975609756097561,0.8193979933110368,0.6911142454160789,0,1,10200,0,416,410,5.252953408666366,6.635851145277217,0,30,22,2,0,4,36,125
p2p_proto_fusion_a0p10_best_paraffin_to_frozen,0,1067,/home/data/yh_1/SET_3/p2p-src-zzh-2025/datasets/冰冻-2025/test_image/2022-06-28_11_21_44.kfb_1944.jpg,132,113,70,43,62,0.6194690265486725,0.5303030303030303,0.5714285714285714,0,1,10200,17,114,113,5.141944904048401,6.438688128335132,0,54,7,1,0,2,3,38
p2p_proto_fusion_a0p10_best_paraffin_to_frozen,0,1068,/home/data/yh_1/SET_3/p2p-src-zzh-2025/datasets/冰冻-2025/test_image/2022-06-28_11_21_44.kfb_2528.jpg,186,229,120,109,66,0.5240174672489083,0.6451612903225806,0.5783132530120482,0,1,10200,0,231,229,5.245572612609875,6.740417505074529,0,41,23,2,0,0,22,87
p2p_proto_fusion_a0p10_best_paraffin_to_frozen,0,1069,/home/data/yh_1/SET_3/p2p-src-zzh-2025/datasets/冰冻-2025/test_image/2022-06-28_11_20_39.kfb_1071.jpg,159,371,142,229,17,0.38274932614555257,0.8930817610062893,0.5358490566037736,0,1,10200,3,376,371,4.959500871329342,6.277681427942196,0,8,8,1,0,0,37,192
p2p_proto_fusion_a0p10_best_paraffin_to_frozen,0,1070,/home/data/yh_1/SET_3/p2p-src-zzh-2025/datasets/冰冻-2025/test_image/2022-06-28_11_11_09.kfb_920.jpg,0,265,0,0,0,0.0,0.0,0.0,1,0,10200,2,265,265,0.0,0.0,0,0,0,0,0,0,0,0
p2p_proto_fusion_a0p10_best_paraffin_to_frozen,0,1071,/home/data/yh_1/SET_3/p2p-src-zzh-2025/datasets/冰冻-2025/test_image/2022-06-28_11_11_09.kfb_257.jpg,53,67,33,34,20,0.4925373134328358,0.6226415094339622,0.55,0,1,10200,3,67,67,3.520866256859179,4.360429355592439,0,18,2,0,0,0,0,34
p2p_proto_fusion_a0p10_best_paraffin_to_frozen,0,1072,/home/data/yh_1/SET_3/p2p-src-zzh-2025/datasets/冰冻-2025/test_image/2022-06-28_11_20_39.kfb_2009.jpg,282,500,230,270,52,0.46,0.8156028368794326,0.5882352941176471,0,1,10200,0,506,500,5.364301141758298,6.893325338156327,0,31,18,3,0,3,46,221
p2p_proto_fusion_a0p10_best_paraffin_to_frozen,0,1073,/home/data/yh_1/SET_3/p2p-src-zzh-2025/datasets/冰冻-2025/test_image/2022-06-28_11_21_44.kfb_931.jpg,176,252,143,109,33,0.5674603174603174,0.8125,0.6682242990654206,0,1,10200,6,256,252,4.380990146400696,5.62649153329276,0,19,13,1,0,0,22,87
p2p_proto_fusion_a0p10_best_paraffin_to_frozen,0,1074,/home/data/yh_1/SET_3/p2p-src-zzh-2025/datasets/冰冻-2025/test_image/2022-06-28_11_21_44.kfb_2377.jpg,231,513,197,316,34,0.3840155945419103,0.8528138528138528,0.5295698924731183,0,1,10200,6,516,513,4.940229325714578,6.278513846026684,0,16,13,5,0,2,42,272
p2p_proto_fusion_a0p10_best_paraffin_to_frozen,0,1075,/home/data/yh_1/SET_3/p2p-src-zzh-2025/datasets/冰冻-2025/test_image/2022-06-28_11_18_14.kfb_392.jpg,60,83,40,43,20,0.4819277108433735,0.6666666666666666,0.5594405594405594,0,1,10200,5,85,83,4.645141952104441,5.873812913894645,0,15,5,0,0,1,4,38
p2p_proto_fusion_a0p10_best_paraffin_to_frozen,0,1076,/home/data/yh_1/SET_3/p2p-src-zzh-2025/datasets/冰冻-2025/test_image/2022-06-28_11_21_44.kfb_1755.jpg,164,203,117,86,47,0.5763546798029556,0.7134146341463414,0.6376021798365122,0,1,10200,6,205,203,4.5328319381918964,5.8204818627773145,0,37,10,0,0,2,15,69
p2p_proto_fusion_a0p10_best_paraffin_to_frozen,0,1077,/home/data/yh_1/SET_3/p2p-src-zzh-2025/datasets/冰冻-2025/test_image/2022-06-28_11_20_39.kfb_2724.jpg,186,391,159,232,27,0.40664961636828645,0.8548387096774194,0.5511265164644713,0,1,10200,3,396,391,4.572361627865079,5.837068362805828,0,17,9,1,0,4,22,206
p2p_proto_fusion_a0p10_best_paraffin_to_frozen,0,1078,/home/data/yh_1/SET_3/p2p-src-zzh-2025/datasets/冰冻-2025/test_image/2022-06-28_11_20_39.kfb_1628.jpg,188,467,157,310,31,0.3361884368308351,0.8351063829787234,0.4793893129770992,0,1,10200,5,477,467,4.54062830078477,5.7542512796487015,0,20,8,3,0,2,43,265
p2p_proto_fusion_a0p10_best_paraffin_to_frozen,0,1079,/home/data/yh_1/SET_3/p2p-src-zzh-2025/datasets/冰冻-2025/test_image/2022-06-28_11_18_14.kfb_1944.jpg,89,130,65,65,24,0.5,0.7303370786516854,0.593607305936073,0,1,10200,9,131,130,4.658233408680119,6.01889997262221,0,20,3,1,0,0,14,51
p2p_proto_fusion_a0p10_best_paraffin_to_frozen,0,1080,/home/data/yh_1/SET_3/p2p-src-zzh-2025/datasets/冰冻-2025/test_image/2022-06-28_11_11_09.kfb_2464.jpg,55,119,41,78,14,0.3445378151260504,0.7454545454545455,0.47126436781609193,0,1,10200,6,120,119,5.499810937150125,6.847079684094678,0,13,1,0,0,0,4,74
p2p_proto_fusion_a0p10_best_paraffin_to_frozen,0,1081,/home/data/yh_1/SET_3/p2p-src-zzh-2025/datasets/冰冻-2025/test_image/2022-06-28_11_21_44.kfb_453.jpg,232,454,206,248,26,0.45374449339207046,0.8879310344827587,0.6005830903790088,0,1,10200,1,457,454,5.10805494079655,6.489362980555562,0,14,10,2,0,1,34,213
p2p_proto_fusion_a0p10_best_paraffin_to_frozen,0,1082,/home/data/yh_1/SET_3/p2p-src-zzh-2025/datasets/冰冻-2025/test_image/2022-06-28_11_21_44.kfb_1125.jpg,350,581,296,285,54,0.5094664371772806,0.8457142857142858,0.6358754027926959,0,1,10200,0,586,581,4.647740152047236,5.887701226247324,0,29,23,2,0,3,57,225
p2p_proto_fusion_a0p10_best_paraffin_to_frozen,0,1083,/home/data/yh_1/SET_3/p2p-src-zzh-2025/datasets/冰冻-2025/test_image/2022-06-28_11_21_44.kfb_409.jpg,281,354,227,127,54,0.6412429378531074,0.8078291814946619,0.7149606299212599,0,1,10200,6,356,354,4.870708784787364,6.261816001673627,0,36,16,2,0,0,22,105
p2p_proto_fusion_a0p10_best_paraffin_to_frozen,0,1084,/home/data/yh_1/SET_3/p2p-src-zzh-2025/datasets/冰冻-2025/test_image/2022-06-28_11_21_44.kfb_499.jpg,298,446,244,202,54,0.547085201793722,0.8187919463087249,0.6559139784946236,0,1,10200,3,450,446,4.469554191050497,5.7086537172559835,0,29,18,7,0,4,41,157
p2p_proto_fusion_a0p10_best_paraffin_to_frozen,0,1085,/home/data/yh_1/SET_3/p2p-src-zzh-2025/datasets/冰冻-2025/test_image/2022-06-28_11_11_09.kfb_1681.jpg,101,271,90,181,11,0.33210332103321033,0.8910891089108911,0.48387096774193544,0,1,10200,26,274,271,5.639435056446384,7.226272620095151,0,10,1,0,0,2,14,165
p2p_proto_fusion_a0p10_best_paraffin_to_frozen,0,1086,/home/data/yh_1/SET_3/p2p-src-zzh-2025/datasets/冰冻-2025/test_image/2022-06-28_11_20_39.kfb_747.jpg,71,201,63,138,8,0.31343283582089554,0.8873239436619719,0.46323529411764713,0,1,10200,2,202,201,4.974810506755775,6.482250610987347,0,5,3,0,0,2,10,126
p2p_proto_fusion_a0p10_best_paraffin_to_frozen,0,1087,/home/data/yh_1/SET_3/p2p-src-zzh-2025/datasets/冰冻-2025/test_image/2022-06-28_11_20_39.kfb_1186.jpg,214,337,169,168,45,0.5014836795252225,0.7897196261682243,0.6134301270417423,0,1,10200,3,341,337,4.494111021708365,5.748593742325459,0,32,13,0,0,0,45,123
p2p_proto_fusion_a0p10_best_paraffin_to_frozen,0,1088,/home/data/yh_1/SET_3/p2p-src-zzh-2025/datasets/冰冻-2025/test_image/2022-06-28_11_21_44.kfb_994.jpg,161,312,126,186,35,0.40384615384615385,0.782608695652174,0.53276955602537,0,1,10200,4,317,312,5.313938751559106,6.7077717989210095,0,26,9,0,0,0,31,155
p2p_proto_fusion_a0p10_best_paraffin_to_frozen,0,1089,/home/data/yh_1/SET_3/p2p-src-zzh-2025/datasets/冰冻-2025/test_image/2022-06-28_11_20_39.kfb_1090.jpg,138,263,121,142,17,0.4600760456273764,0.8768115942028986,0.6034912718204489,0,1,10200,2,266,263,4.772515788487963,6.136834542613387,0,10,5,2,0,1,27,114
p2p_proto_fusion_a0p10_best_paraffin_to_frozen,0,1090,/home/data/yh_1/SET_3/p2p-src-zzh-2025/datasets/冰冻-2025/test_image/2022-06-28_11_20_39.kfb_1509.jpg,57,127,39,88,18,0.30708661417322836,0.6842105263157895,0.4239130434782609,0,1,10200,2,127,127,4.659752182090731,5.913320272396772,0,14,3,1,0,0,8,80
p2p_proto_fusion_a0p10_best_paraffin_to_frozen,0,1091,/home/data/yh_1/SET_3/p2p-src-zzh-2025/datasets/冰冻-2025/test_image/2022-06-28_11_20_39.kfb_2516.jpg,85,152,67,85,18,0.4407894736842105,0.788235294117647,0.5654008438818565,0,1,10200,3,153,152,4.602104517364818,5.830162429097879,0,16,2,0,0,0,6,79
p2p_proto_fusion_a0p10_best_paraffin_to_frozen,0,1092,/home/data/yh_1/SET_3/p2p-src-zzh-2025/datasets/冰冻-2025/test_image/2022-06-28_11_20_39.kfb_1696.jpg,401,625,332,293,69,0.5312,0.827930174563591,0.6471734892787524,0,1,10200,3,627,625,4.943870353640459,6.280656779386911,0,36,30,3,0,3,67,223
p2p_proto_fusion_a0p10_best_paraffin_to_frozen,0,1093,/home/data/yh_1/SET_3/p2p-src-zzh-2025/datasets/冰冻-2025/test_image/2022-06-28_11_20_39.kfb_2931.jpg,191,382,157,225,34,0.4109947643979058,0.8219895287958116,0.5479930191972077,0,1,10200,3,383,382,4.953217276399448,6.278690893938588,0,28,6,0,0,1,17,207
p2p_proto_fusion_a0p10_best_paraffin_to_frozen,0,1094,/home/data/yh_1/SET_3/p2p-src-zzh-2025/datasets/冰冻-2025/test_image/2022-06-28_11_21_44.kfb_593.jpg,390,578,346,232,44,0.5986159169550173,0.8871794871794871,0.7148760330578512,0,1,10200,2,587,578,5.092122876754288,6.501768496684257,0,31,11,2,0,3,49,180
p2p_proto_fusion_a0p10_best_paraffin_to_frozen,0,1095,/home/data/yh_1/SET_3/p2p-src-zzh-2025/datasets/冰冻-2025/test_image/2022-06-28_11_21_44.kfb_522.jpg,346,621,300,321,46,0.4830917874396135,0.8670520231213873,0.6204756980351602,0,1,10200,1,625,621,4.771656768518156,6.09242706934611,0,19,25,2,0,3,57,261
p2p_proto_fusion_a0p10_best_paraffin_to_frozen,0,1096,/home/data/yh_1/SET_3/p2p-src-zzh-2025/datasets/冰冻-2025/test_image/2022-06-28_11_20_39.kfb_2681.jpg,229,472,199,273,30,0.4216101694915254,0.868995633187773,0.5677603423680456,0,1,10200,3,473,472,4.600690610665402,5.901349204269485,0,17,10,3,0,2,47,224
p2p_proto_fusion_a0p10_best_paraffin_to_frozen,0,1097,/home/data/yh_1/SET_3/p2p-src-zzh-2025/datasets/冰冻-2025/test_image/2022-06-28_11_12_06.kfb_2982.jpg,0,493,0,0,0,0.0,0.0,0.0,1,0,10200,4,499,493,0.0,0.0,0,0,0,0,0,0,0,0
p2p_proto_fusion_a0p10_best_paraffin_to_frozen,0,1098,/home/data/yh_1/SET_3/p2p-src-zzh-2025/datasets/冰冻-2025/test_image/2022-06-28_11_18_14.kfb_1903.jpg,92,161,69,92,23,0.42857142857142855,0.75,0.5454545454545454,0,1,10200,4,162,161,4.073269433639404,5.207308036693623,0,20,3,0,0,2,8,82
p2p_proto_fusion_a0p10_best_paraffin_to_frozen,0,1099,/home/data/yh_1/SET_3/p2p-src-zzh-2025/datasets/冰冻-2025/test_image/2022-06-28_11_18_14.kfb_468.jpg,62,72,43,29,19,0.5972222222222222,0.6935483870967742,0.6417910447761195,0,1,10200,4,72,72,4.510931141545769,5.6195491524629855,0,16,3,0,0,0,3,26
p2p_proto_fusion_a0p10_best_paraffin_to_frozen,0,1100,/home/data/yh_1/SET_3/p2p-src-zzh-2025/datasets/冰冻-2025/test_image/2022-06-28_11_18_14.kfb_2029.jpg,28,47,15,32,13,0.3191489361702128,0.5357142857142857,0.4,0,1,10200,11,47,47,3.4815016072708085,4.568253771464034,0,11,2,0,0,0,2,30
p2p_proto_fusion_a0p10_best_paraffin_to_frozen,0,1101,/home/data/yh_1/SET_3/p2p-src-zzh-2025/datasets/冰冻-2025/test_image/2022-06-28_11_18_14.kfb_2333.jpg,106,151,65,86,41,0.4304635761589404,0.6132075471698113,0.5058365758754864,0,1,10200,15,152,151,4.243136943748662,5.354310197096606,0,28,13,0,0,1,14,71
p2p_proto_fusion_a0p10_best_paraffin_to_frozen,0,1102,/home/data/yh_1/SET_3/p2p-src-zzh-2025/datasets/冰冻-2025/test_image/2022-06-28_11_21_44.kfb_2016.jpg,81,73,40,33,41,0.547945205479452,0.49382716049382713,0.5194805194805194,0,1,10200,5,73,73,4.159185286194097,5.435259920358663,0,37,4,0,0,0,4,29
p2p_proto_fusion_a0p10_best_paraffin_to_frozen,0,1103,/home/data/yh_1/SET_3/p2p-src-zzh-2025/datasets/冰冻-2025/test_image/2022-06-28_11_21_44.kfb_978.jpg,105,221,79,142,26,0.3574660633484163,0.7523809523809524,0.48466257668711654,0,1,10200,19,221,221,5.840141107147847,7.461648434023309,0,21,2,3,0,0,15,127
p2p_proto_fusion_a0p10_best_paraffin_to_frozen,0,1104,/home/data/yh_1/SET_3/p2p-src-zzh-2025/datasets/冰冻-2025/test_image/2022-06-28_11_21_44.kfb_1725.jpg,168,230,125,105,43,0.5434782608695652,0.7440476190476191,0.628140703517588,0,1,10200,1,234,230,5.133678912467426,6.586578381538391,0,28,13,2,0,0,12,93
p2p_proto_fusion_a0p10_best_paraffin_to_frozen,0,1105,/home/data/yh_1/SET_3/p2p-src-zzh-2025/datasets/冰冻-2025/test_image/2022-06-28_11_20_39.kfb_440.jpg,79,116,55,61,24,0.47413793103448276,0.6962025316455697,0.5641025641025642,0,1,10200,6,116,116,4.060255240805046,5.143340708992696,0,21,2,1,0,0,6,55
p2p_proto_fusion_a0p10_best_paraffin_to_frozen,0,1106,/home/data/yh_1/SET_3/p2p-src-zzh-2025/datasets/冰冻-2025/test_image/2022-06-28_11_18_14.kfb_973.jpg,33,28,17,11,16,0.6071428571428571,0.5151515151515151,0.5573770491803278,0,1,10200,12,28,28,4.619327070358313,5.660827973309693,0,16,0,0,0,0,0,11
p2p_proto_fusion_a0p10_best_paraffin_to_frozen,0,1107,/home/data/yh_1/SET_3/p2p-src-zzh-2025/datasets/冰冻-2025/test_image/2022-06-28_11_21_44.kfb_2238.jpg,153,341,116,225,37,0.34017595307917886,0.7581699346405228,0.46963562753036436,0,1,10200,3,343,341,4.325885024395983,5.561956508406276,0,27,9,1,0,1,29,195
p2p_proto_fusion_a0p10_best_paraffin_to_frozen,0,1108,/home/data/yh_1/SET_3/p2p-src-zzh-2025/datasets/冰冻-2025/test_image/2022-06-28_11_11_09.kfb_2368.jpg,62,139,47,92,15,0.3381294964028777,0.7580645161290323,0.46766169154228865,0,1,10200,4,139,139,4.575094286103241,5.669347920316331,0,9,6,0,0,0,10,82
p2p_proto_fusion_a0p10_best_paraffin_to_frozen,0,1109,/home/data/yh_1/SET_3/p2p-src-zzh-2025/datasets/冰冻-2025/test_image/2022-06-28_11_12_06.kfb_1046.jpg,0,575,0,0,0,0.0,0.0,0.0,1,0,10200,4,578,575,0.0,0.0,0,0,0,0,0,0,0,0
p2p_proto_fusion_a0p10_best_paraffin_to_frozen,0,1110,/home/data/yh_1/SET_3/p2p-src-zzh-2025/datasets/冰冻-2025/test_image/2022-06-28_11_20_39.kfb_3019.jpg,236,445,211,234,25,0.47415730337078654,0.8940677966101694,0.6196769456681351,0,1,10200,3,448,445,4.600691499903255,5.814212774213458,0,14,9,2,0,3,26,205
p2p_proto_fusion_a0p10_best_paraffin_to_frozen,0,1111,/home/data/yh_1/SET_3/p2p-src-zzh-2025/datasets/冰冻-2025/test_image/2022-06-28_11_11_09.kfb_600.jpg,0,50,0,0,0,0.0,0.0,0.0,1,0,10200,21,50,50,0.0,0.0,0,0,0,0,0,0,0,0
p2p_proto_fusion_a0p10_best_paraffin_to_frozen,0,1112,/home/data/yh_1/SET_3/p2p-src-zzh-2025/datasets/冰冻-2025/test_image/2022-06-28_11_21_44.kfb_2207.jpg,154,410,129,281,25,0.3146341463414634,0.8376623376623377,0.4574468085106383,0,1,10200,0,413,410,4.558728349091084,5.876573490542033,0,17,7,1,0,0,28,253
p2p_proto_fusion_a0p10_best_paraffin_to_frozen,0,1113,/home/data/yh_1/SET_3/p2p-src-zzh-2025/datasets/冰冻-2025/test_image/2022-06-28_11_20_39.kfb_775.jpg,374,624,322,302,52,0.5160256410256411,0.8609625668449198,0.6452905811623246,0,1,10200,0,633,624,5.099907713615777,6.441176578865289,0,33,16,3,0,1,56,245
p2p_proto_fusion_a0p10_best_paraffin_to_frozen,0,1114,/home/data/yh_1/SET_3/p2p-src-zzh-2025/datasets/冰冻-2025/test_image/2022-06-28_11_20_39.kfb_421.jpg,281,399,230,169,51,0.5764411027568922,0.8185053380782918,0.6764705882352942,0,1,10200,2,403,399,5.0014953890213025,6.437987735997077,0,29,16,6,0,1,30,138
p2p_proto_fusion_a0p10_best_paraffin_to_frozen,0,1115,/home/data/yh_1/SET_3/p2p-src-zzh-2025/datasets/冰冻-2025/test_image/2022-06-28_11_18_14.kfb_1717.jpg,122,95,67,28,55,0.7052631578947368,0.5491803278688525,0.6175115207373272,0,1,10200,13,96,95,5.753689290285913,7.510061171517445,0,39,16,0,0,0,8,20
p2p_proto_fusion_a0p10_best_paraffin_to_frozen,0,1116,/home/data/yh_1/SET_3/p2p-src-zzh-2025/datasets/冰冻-2025/test_image/2022-06-28_11_21_44.kfb_2126.jpg,40,52,29,23,11,0.5576923076923077,0.725,0.6304347826086957,0,1,10200,6,53,52,3.993927154129842,5.181125723082442,0,7,4,0,0,0,3,20
p2p_proto_fusion_a0p10_best_paraffin_to_frozen,0,1117,/home/data/yh_1/SET_3/p2p-src-zzh-2025/datasets/冰冻-2025/test_image/2022-06-28_11_20_39.kfb_1613.jpg,402,689,343,346,59,0.49782293178519593,0.8532338308457711,0.6287809349220898,0,1,10200,0,696,689,4.967753320214212,6.289152077266147,0,30,27,2,0,5,64,277
p2p_proto_fusion_a0p10_best_paraffin_to_frozen,0,1118,/home/data/yh_1/SET_3/p2p-src-zzh-2025/datasets/冰冻-2025/test_image/2022-06-28_11_20_39.kfb_1456.jpg,243,421,202,219,41,0.47980997624703087,0.831275720164609,0.608433734939759,0,1,10200,3,428,421,4.384140165086753,5.592642749890243,0,17,19,5,0,2,41,176
p2p_proto_fusion_a0p10_best_paraffin_to_frozen,0,1119,/home/data/yh_1/SET_3/p2p-src-zzh-2025/datasets/冰冻-2025/test_image/2022-06-28_11_20_39.kfb_1871.jpg,99,173,82,91,17,0.47398843930635837,0.8282828282828283,0.6029411764705883,0,1,10200,35,176,173,4.759519770415222,5.918677597511107,0,13,4,0,0,2,5,84
p2p_proto_fusion_a0p10_best_paraffin_to_frozen,0,1120,/home/data/yh_1/SET_3/p2p-src-zzh-2025/datasets/冰冻-2025/test_image/2022-06-28_11_11_09.kfb_2394.jpg,42,67,29,38,13,0.43283582089552236,0.6904761904761905,0.5321100917431193,0,1,10200,8,68,67,5.070310105407044,6.531682606401117,0,7,4,2,0,0,6,32
p2p_proto_fusion_a0p10_best_paraffin_to_frozen,0,1121,/home/data/yh_1/SET_3/p2p-src-zzh-2025/datasets/冰冻-2025/test_image/2022-06-28_11_21_44.kfb_2229.jpg,241,551,216,335,25,0.39201451905626133,0.8962655601659751,0.5454545454545454,0,1,10200,6,556,551,4.728301619910171,6.041402382983104,0,17,7,1,0,4,43,288
p2p_proto_fusion_a0p10_best_paraffin_to_frozen,0,1122,/home/data/yh_1/SET_3/p2p-src-zzh-2025/datasets/冰冻-2025/test_image/2022-06-28_11_18_14.kfb_2072.jpg,140,216,110,106,30,0.5092592592592593,0.7857142857142857,0.6179775280898876,0,1,10200,5,217,216,4.2540753838701395,5.517751639539541,0,24,5,1,0,1,11,94
p2p_proto_fusion_a0p10_best_paraffin_to_frozen,0,1123,/home/data/yh_1/SET_3/p2p-src-zzh-2025/datasets/冰冻-2025/test_image/2022-06-28_11_11_09.kfb_448.jpg,0,127,0,0,0,0.0,0.0,0.0,1,0,10200,5,128,127,0.0,0.0,0,0,0,0,0,0,0,0
p2p_proto_fusion_a0p10_best_paraffin_to_frozen,0,1124,/home/data/yh_1/SET_3/p2p-src-zzh-2025/datasets/冰冻-2025/test_image/2022-06-28_11_20_39.kfb_3014.jpg,93,271,72,199,21,0.2656826568265683,0.7741935483870968,0.39560439560439564,0,1,10200,9,271,271,4.868367027331352,6.278369830714329,0,18,3,0,0,0,11,188
p2p_proto_fusion_a0p10_best_paraffin_to_frozen,0,1125,/home/data/yh_1/SET_3/p2p-src-zzh-2025/datasets/冰冻-2025/test_image/2022-06-28_11_21_44.kfb_1195.jpg,243,461,203,258,40,0.4403470715835141,0.8353909465020576,0.5767045454545454,0,1,10200,3,465,461,5.061556849628894,6.399127189748981,0,22,14,4,0,0,35,223
p2p_proto_fusion_a0p10_best_paraffin_to_frozen,0,1126,/home/data/yh_1/SET_3/p2p-src-zzh-2025/datasets/冰冻-2025/test_image/2022-06-28_11_20_39.kfb_430.jpg,411,463,285,178,126,0.6155507559395248,0.6934306569343066,0.6521739130434783,0,1,10200,2,469,463,7.1653204400598804,9.091694535426821,0,73,53,0,0,1,41,136
p2p_proto_fusion_a0p10_best_paraffin_to_frozen,0,1127,/home/data/yh_1/SET_3/p2p-src-zzh-2025/datasets/冰冻-2025/test_image/2022-06-28_11_20_39.kfb_693.jpg,330,553,273,280,57,0.4936708860759494,0.8272727272727273,0.6183465458663646,0,1,10200,0,556,553,4.809205183442484,6.138087113698323,0,43,11,3,0,4,33,243
p2p_proto_fusion_a0p10_best_paraffin_to_frozen,0,1128,/home/data/yh_1/SET_3/p2p-src-zzh-2025/datasets/冰冻-2025/test_image/2022-06-28_11_18_14.kfb_2187.jpg,123,163,87,76,36,0.5337423312883436,0.7073170731707317,0.6083916083916084,0,1,10200,10,165,163,4.028251428197916,5.108474810918171,0,33,3,0,0,0,12,64
p2p_proto_fusion_a0p10_best_paraffin_to_frozen,0,1129,/home/data/yh_1/SET_3/p2p-src-zzh-2025/datasets/冰冻-2025/test_image/2022-06-28_11_18_14.kfb_1080.jpg,133,193,103,90,30,0.533678756476684,0.7744360902255639,0.6319018404907976,0,1,10200,8,195,193,4.353979866810239,5.605650855499566,0,21,9,0,0,0,8,82
p2p_proto_fusion_a0p10_best_paraffin_to_frozen,0,1130,/home/data/yh_1/SET_3/p2p-src-zzh-2025/datasets/冰冻-2025/test_image/2022-06-28_11_21_44.kfb_2536.jpg,122,457,101,356,21,0.2210065645514223,0.8278688524590164,0.3488773747841105,0,1,10200,5,465,457,4.437781838239805,5.675386513813889,0,13,7,1,0,0,28,328
p2p_proto_fusion_a0p10_best_paraffin_to_frozen,0,1131,/home/data/yh_1/SET_3/p2p-src-zzh-2025/datasets/冰冻-2025/test_image/2022-06-28_11_21_44.kfb_2117.jpg,199,471,177,294,22,0.37579617834394907,0.8894472361809045,0.5283582089552239,0,1,10200,3,472,471,4.632924235453869,5.877103786684025,0,13,8,1,0,0,26,268
p2p_proto_fusion_a0p10_best_paraffin_to_frozen,0,1132,/home/data/yh_1/SET_3/p2p-src-zzh-2025/datasets/冰冻-2025/test_image/2022-06-28_11_21_44.kfb_1778.jpg,196,332,167,165,29,0.5030120481927711,0.8520408163265306,0.6325757575757577,0,1,10200,2,335,332,4.7841263444995965,6.07311042625747,0,24,5,0,0,1,21,143
p2p_proto_fusion_a0p10_best_paraffin_to_frozen,0,1133,/home/data/yh_1/SET_3/p2p-src-zzh-2025/datasets/冰冻-2025/test_image/2022-06-28_11_21_44.kfb_188.jpg,323,355,256,99,67,0.7211267605633803,0.7925696594427245,0.7551622418879056,0,1,10200,4,355,355,4.2857482561926465,5.384245062246918,0,52,11,4,0,1,12,86
p2p_proto_fusion_a0p10_best_paraffin_to_frozen,0,1134,/home/data/yh_1/SET_3/p2p-src-zzh-2025/datasets/冰冻-2025/test_image/2022-06-28_11_11_09.kfb_728.jpg,0,72,0,0,0,0.0,0.0,0.0,1,0,10200,13,72,72,0.0,0.0,0,0,0,0,0,0,0,0
p2p_proto_fusion_a0p10_best_paraffin_to_frozen,0,1135,/home/data/yh_1/SET_3/p2p-src-zzh-2025/datasets/冰冻-2025/test_image/2022-06-28_11_11_09.kfb_993.jpg,0,331,0,0,0,0.0,0.0,0.0,1,0,10200,1,332,331,0.0,0.0,0,0,0,0,0,0,0,0
p2p_proto_fusion_a0p10_best_paraffin_to_frozen,0,1136,/home/data/yh_1/SET_3/p2p-src-zzh-2025/datasets/冰冻-2025/test_image/2022-06-28_11_20_39.kfb_524.jpg,228,433,200,233,28,0.4618937644341801,0.8771929824561403,0.605143721633888,0,1,10200,6,435,433,4.644274264645136,5.847749099731446,0,19,8,1,0,0,44,189
p2p_proto_fusion_a0p10_best_paraffin_to_frozen,0,1137,/home/data/yh_1/SET_3/p2p-src-zzh-2025/datasets/冰冻-2025/test_image/2022-06-28_11_21_44.kfb_2458.jpg,148,257,112,145,36,0.4357976653696498,0.7567567567567568,0.5530864197530865,0,1,10200,3,259,257,4.500109871126869,5.897540942577571,0,28,7,1,0,0,14,131
p2p_proto_fusion_a0p10_best_paraffin_to_frozen,0,1138,/home/data/yh_1/SET_3/p2p-src-zzh-2025/datasets/冰冻-2025/test_image/2022-06-28_11_21_44.kfb_1697.jpg,84,182,67,115,17,0.36813186813186816,0.7976190476190477,0.5037593984962406,0,1,10200,9,186,182,4.570094548098192,5.9206964720540975,0,11,6,0,0,1,13,101
p2p_proto_fusion_a0p10_best_paraffin_to_frozen,0,1139,/home/data/yh_1/SET_3/p2p-src-zzh-2025/datasets/冰冻-2025/test_image/2022-06-28_11_12_06.kfb_3698.jpg,0,149,0,0,0,0.0,0.0,0.0,1,0,10200,3,151,149,0.0,0.0,0,0,0,0,0,0,0,0
p2p_proto_fusion_a0p10_best_paraffin_to_frozen,0,1140,/home/data/yh_1/SET_3/p2p-src-zzh-2025/datasets/冰冻-2025/test_image/2022-06-28_11_20_39.kfb_3017.jpg,185,573,174,399,11,0.3036649214659686,0.9405405405405406,0.45910290237467016,0,1,10200,6,585,573,4.6547275951330755,5.853232887969619,0,4,5,2,0,3,45,351
p2p_proto_fusion_a0p10_best_paraffin_to_frozen,0,1141,/home/data/yh_1/SET_3/p2p-src-zzh-2025/datasets/冰冻-2025/test_image/2022-06-28_11_20_39.kfb_2042.jpg,258,570,229,341,29,0.4017543859649123,0.8875968992248062,0.5531400966183575,0,1,10200,1,575,570,4.943864398381814,6.304976432083995,0,12,16,1,0,5,53,283
p2p_proto_fusion_a0p10_best_paraffin_to_frozen,0,1142,/home/data/yh_1/SET_3/p2p-src-zzh-2025/datasets/冰冻-2025/test_image/2022-06-28_11_20_39.kfb_1034.jpg,163,245,136,109,27,0.5551020408163265,0.8343558282208589,0.6666666666666666,0,1,10200,7,245,245,4.008059778152155,5.208794728798025,0,19,6,2,0,2,15,92
p2p_proto_fusion_a0p10_best_paraffin_to_frozen,0,1143,/home/data/yh_1/SET_3/p2p-src-zzh-2025/datasets/冰冻-2025/test_image/2022-06-28_11_21_44.kfb_1788.jpg,240,315,164,151,76,0.5206349206349207,0.6833333333333333,0.590990990990991,0,1,10200,20,318,315,5.266062443549034,6.670152940401218,0,65,9,2,0,1,28,122
p2p_proto_fusion_a0p10_best_paraffin_to_frozen,0,1144,/home/data/yh_1/SET_3/p2p-src-zzh-2025/datasets/冰冻-2025/test_image/2022-06-28_11_20_39.kfb_1717.jpg,134,191,100,91,34,0.5235602094240838,0.746268656716418,0.6153846153846154,0,1,10200,5,194,191,4.395262263316684,5.745385072231294,0,27,6,1,0,1,20,70
p2p_proto_fusion_a0p10_best_paraffin_to_frozen,0,1145,/home/data/yh_1/SET_3/p2p-src-zzh-2025/datasets/冰冻-2025/test_image/2022-06-28_11_21_44.kfb_2478.jpg,117,626,98,528,19,0.15654952076677317,0.8376068376068376,0.2637954239569314,0,1,10200,0,629,626,7.257348523016044,9.139423111079934,0,7,12,0,0,0,24,504
p2p_proto_fusion_a0p10_best_paraffin_to_frozen,0,1146,/home/data/yh_1/SET_3/p2p-src-zzh-2025/datasets/冰冻-2025/test_image/2022-06-28_11_20_39.kfb_1794.jpg,184,559,167,392,17,0.29874776386404295,0.907608695652174,0.44952893674293415,0,1,10200,16,568,559,5.40105204778713,6.758719277239131,0,9,5,3,0,4,44,344
p2p_proto_fusion_a0p10_best_paraffin_to_frozen,0,1147,/home/data/yh_1/SET_3/p2p-src-zzh-2025/datasets/冰冻-2025/test_image/2022-06-28_11_18_14.kfb_270.jpg,58,55,35,20,23,0.6363636363636364,0.603448275862069,0.6194690265486726,0,1,10200,3,55,55,3.9182483548648745,4.932654462541851,0,21,2,0,0,0,3,17
p2p_proto_fusion_a0p10_best_paraffin_to_frozen,0,1148,/home/data/yh_1/SET_3/p2p-src-zzh-2025/datasets/冰冻-2025/test_image/2022-06-28_11_21_44.kfb_2282.jpg,172,400,142,258,30,0.355,0.8255813953488372,0.49650349650349646,0,1,10200,6,406,400,5.079292724418554,6.548691161921327,0,17,11,2,0,2,33,223
p2p_proto_fusion_a0p10_best_paraffin_to_frozen,0,1149,/home/data/yh_1/SET_3/p2p-src-zzh-2025/datasets/冰冻-2025/test_image/2022-06-28_11_18_14.kfb_435.jpg,35,30,23,7,12,0.7666666666666667,0.6571428571428571,0.7076923076923077,0,1,10200,3,30,30,5.042632728213201,6.543281347855273,0,9,3,0,0,0,1,6
p2p_proto_fusion_a0p10_best_paraffin_to_frozen,0,1150,/home/data/yh_1/SET_3/p2p-src-zzh-2025/datasets/冰冻-2025/test_image/2022-06-28_11_21_44.kfb_1216.jpg,52,113,42,71,10,0.37168141592920356,0.8076923076923077,0.5090909090909091,0,1,10200,38,114,113,4.960061057933016,6.400433903648748,0,9,1,0,0,0,4,67
p2p_proto_fusion_a0p10_best_paraffin_to_frozen,0,1151,/home/data/yh_1/SET_3/p2p-src-zzh-2025/datasets/冰冻-2025/test_image/2022-06-28_11_20_39.kfb_1588.jpg,58,95,38,57,20,0.4,0.6551724137931034,0.49673202614379086,0,1,10200,3,95,95,5.2376975660213345,6.739569262454381,0,18,2,0,0,0,3,54
p2p_proto_fusion_a0p10_best_paraffin_to_frozen,0,1152,/home/data/yh_1/SET_3/p2p-src-zzh-2025/datasets/冰冻-2025/test_image/2022-06-28_11_21_44.kfb_1783.jpg,59,59,29,30,30,0.4915254237288136,0.4915254237288136,0.4915254237288136,0,1,10200,11,59,59,5.2654870114310635,6.801329283878708,0,26,4,0,0,0,6,24
p2p_proto_fusion_a0p10_best_paraffin_to_frozen,0,1153,/home/data/yh_1/SET_3/p2p-src-zzh-2025/datasets/冰冻-2025/test_image/2022-06-28_11_11_09.kfb_321.jpg,68,146,56,90,12,0.3835616438356164,0.8235294117647058,0.5233644859813084,0,1,10200,1,148,146,4.860828883232102,6.199459212166923,0,6,6,0,0,0,9,81
p2p_proto_fusion_a0p10_best_paraffin_to_frozen,0,1154,/home/data/yh_1/SET_3/p2p-src-zzh-2025/datasets/冰冻-2025/test_image/2022-06-28_11_20_39.kfb_774.jpg,381,637,325,312,56,0.5102040816326531,0.8530183727034121,0.6385068762278978,0,1,10200,2,640,637,4.859388361565973,6.22961401939392,0,32,19,5,0,2,64,246
p2p_proto_fusion_a0p10_best_paraffin_to_frozen,0,1155,/home/data/yh_1/SET_3/p2p-src-zzh-2025/datasets/冰冻-2025/test_image/2022-06-28_11_21_44.kfb_1473.jpg,164,179,102,77,62,0.5698324022346368,0.6219512195121951,0.5947521865889213,0,1,10200,5,179,179,4.299727173185039,5.541997086768054,0,50,10,2,0,0,10,67
p2p_proto_fusion_a0p10_best_paraffin_to_frozen,0,1156,/home/data/yh_1/SET_3/p2p-src-zzh-2025/datasets/冰冻-2025/test_image/2022-06-28_11_18_14.kfb_2812.jpg,53,79,38,41,15,0.4810126582278481,0.7169811320754716,0.5757575757575758,0,1,10200,2,79,79,4.2788882703290305,5.40819559599224,0,11,4,0,0,0,8,33
p2p_proto_fusion_a0p10_best_paraffin_to_frozen,0,1157,/home/data/yh_1/SET_3/p2p-src-zzh-2025/datasets/冰冻-2025/test_image/2022-06-28_11_21_44.kfb_2284.jpg,280,481,244,237,36,0.5072765072765073,0.8714285714285714,0.6412614980289094,0,1,10200,1,485,481,4.752508028669537,6.141067379810771,0,18,15,3,0,3,41,193
p2p_proto_fusion_a0p10_best_paraffin_to_frozen,0,1158,/home/data/yh_1/SET_3/p2p-src-zzh-2025/datasets/冰冻-2025/test_image/2022-06-28_11_18_14.kfb_193.jpg,220,230,155,75,65,0.6739130434782609,0.7045454545454546,0.688888888888889,0,1,10200,1,232,230,4.480012034286227,5.722782122704291,0,45,18,2,0,1,16,58
p2p_proto_fusion_a0p10_best_paraffin_to_frozen,0,1159,/home/data/yh_1/SET_3/p2p-src-zzh-2025/datasets/冰冻-2025/test_image/2022-06-28_11_21_44.kfb_1281.jpg,233,375,195,180,38,0.52,0.8369098712446352,0.6414473684210527,0,1,10200,10,377,375,5.101911076666585,6.473479531361508,0,29,8,1,0,4,30,146
p2p_proto_fusion_a0p10_best_paraffin_to_frozen,0,1160,/home/data/yh_1/SET_3/p2p-src-zzh-2025/datasets/冰冻-2025/test_image/2022-06-28_11_20_39.kfb_1772.jpg,345,581,290,291,55,0.4991394148020654,0.8405797101449275,0.6263498920086393,0,1,10200,1,587,581,4.676936111597172,5.979743174848886,0,30,23,2,0,4,53,234
p2p_proto_fusion_a0p10_best_paraffin_to_frozen,0,1161,/home/data/yh_1/SET_3/p2p-src-zzh-2025/datasets/冰冻-2025/test_image/2022-06-28_11_11_09.kfb_791.jpg,223,442,183,259,40,0.41402714932126694,0.820627802690583,0.5503759398496241,0,1,10200,43,444,442,6.38479346441567,8.032340927853612,0,21,17,2,0,1,27,231
p2p_proto_fusion_a0p10_best_paraffin_to_frozen,0,1162,/home/data/yh_1/SET_3/p2p-src-zzh-2025/datasets/冰冻-2025/test_image/2022-06-28_11_11_09.kfb_1750.jpg,28,110,22,88,6,0.2,0.7857142857142857,0.3188405797101449,0,1,10200,4,111,110,5.60926428803564,6.968077226118592,0,3,3,0,0,0,6,82
p2p_proto_fusion_a0p10_best_paraffin_to_frozen,0,1163,/home/data/yh_1/SET_3/p2p-src-zzh-2025/datasets/冰冻-2025/test_image/2022-06-28_11_21_44.kfb_1621.jpg,110,218,90,128,20,0.41284403669724773,0.8181818181818182,0.548780487804878,0,1,10200,9,225,218,4.365565670949798,5.645171509848696,0,14,5,1,0,1,14,113
p2p_proto_fusion_a0p10_best_paraffin_to_frozen,0,1164,/home/data/yh_1/SET_3/p2p-src-zzh-2025/datasets/冰冻-2025/test_image/2022-06-28_11_18_14.kfb_443.jpg,21,31,12,19,9,0.3870967741935484,0.5714285714285714,0.4615384615384615,0,1,10200,0,31,31,4.583769222907882,5.843229015668243,0,6,2,1,0,0,1,18
p2p_proto_fusion_a0p10_best_paraffin_to_frozen,0,1165,/home/data/yh_1/SET_3/p2p-src-zzh-2025/datasets/冰冻-2025/test_image/2022-06-28_11_21_44.kfb_2208.jpg,193,434,174,260,19,0.4009216589861751,0.9015544041450777,0.555023923444976,0,1,10200,0,438,434,4.737770929941193,6.068413341182403,0,10,8,1,0,1,20,239
p2p_proto_fusion_a0p10_best_paraffin_to_frozen,0,1166,/home/data/yh_1/SET_3/p2p-src-zzh-2025/datasets/冰冻-2025/test_image/2022-06-28_11_21_44.kfb_660.jpg,176,250,134,116,42,0.536,0.7613636363636364,0.6291079812206574,0,1,10200,0,252,250,4.383070411626211,5.595813181862904,0,31,9,2,0,1,25,90
p2p_proto_fusion_a0p10_best_paraffin_to_frozen,0,1167,/home/data/yh_1/SET_3/p2p-src-zzh-2025/datasets/冰冻-2025/test_image/2022-06-28_11_18_14.kfb_387.jpg,53,68,32,36,21,0.47058823529411764,0.6037735849056604,0.5289256198347108,0,1,10200,4,68,68,4.020479904047756,5.075106739997869,0,20,1,0,0,0,5,31
p2p_proto_fusion_a0p10_best_paraffin_to_frozen,0,1168,/home/data/yh_1/SET_3/p2p-src-zzh-2025/datasets/冰冻-2025/test_image/2022-06-28_11_11_09.kfb_1919.jpg,32,87,29,58,3,0.3333333333333333,0.90625,0.48739495798319327,0,1,10200,17,89,87,4.972543419743832,6.269829569191753,0,1,2,0,0,1,3,54
p2p_proto_fusion_a0p10_best_paraffin_to_frozen,0,1169,/home/data/yh_1/SET_3/p2p-src-zzh-2025/datasets/冰冻-2025/test_image/2022-06-28_11_20_39.kfb_457.jpg,290,446,237,209,53,0.531390134529148,0.8172413793103448,0.6440217391304347,0,1,10200,4,451,446,4.34741997953256,5.559222143913624,0,43,10,0,0,2,42,165
p2p_proto_fusion_a0p10_best_paraffin_to_frozen,0,1170,/home/data/yh_1/SET_3/p2p-src-zzh-2025/datasets/冰冻-2025/test_image/2022-06-28_11_21_44.kfb_967.jpg,320,510,274,236,46,0.5372549019607843,0.85625,0.6602409638554216,0,1,10200,2,517,510,4.675699590500465,6.011350203604594,0,24,16,6,0,5,32,199
p2p_proto_fusion_a0p10_best_paraffin_to_frozen,0,1171,/home/data/yh_1/SET_3/p2p-src-zzh-2025/datasets/冰冻-2025/test_image/2022-06-28_11_20_39.kfb_2368.jpg,214,399,157,242,57,0.39348370927318294,0.7336448598130841,0.5122349102773246,0,1,10200,14,402,399,5.154448017747943,6.534228179105527,0,43,13,1,0,1,31,210
p2p_proto_fusion_a0p10_best_paraffin_to_frozen,0,1172,/home/data/yh_1/SET_3/p2p-src-zzh-2025/datasets/冰冻-2025/test_image/2022-06-28_11_18_14.kfb_1919.jpg,35,47,22,25,13,0.46808510638297873,0.6285714285714286,0.5365853658536586,0,1,10200,13,47,47,4.511271042585828,5.763563763011596,0,11,2,0,0,0,2,23
p2p_proto_fusion_a0p10_best_paraffin_to_frozen,0,1173,/home/data/yh_1/SET_3/p2p-src-zzh-2025/datasets/冰冻-2025/test_image/2022-06-28_11_11_09.kfb_714.jpg,226,313,169,144,57,0.5399361022364217,0.7477876106194691,0.6270871985157699,0,1,10200,2,316,313,4.670185337322091,5.9264265207143945,0,32,22,3,0,0,18,126
p2p_proto_fusion_a0p10_best_paraffin_to_frozen,0,1174,/home/data/yh_1/SET_3/p2p-src-zzh-2025/datasets/冰冻-2025/test_image/2022-06-28_11_11_09.kfb_1328.jpg,291,392,232,160,59,0.5918367346938775,0.7972508591065293,0.6793557833089312,0,1,10200,5,394,392,4.8428858037797475,6.211104740356576,0,36,18,5,0,2,27,131
p2p_proto_fusion_a0p10_best_paraffin_to_frozen,0,1175,/home/data/yh_1/SET_3/p2p-src-zzh-2025/datasets/冰冻-2025/test_image/2022-06-28_11_21_44.kfb_1585.jpg,105,249,85,164,20,0.3413654618473896,0.8095238095238095,0.48022598870056504,0,1,10200,7,250,249,5.42374351024693,6.913671639386346,0,14,6,0,0,3,18,143
p2p_proto_fusion_a0p10_best_paraffin_to_frozen,0,1176,/home/data/yh_1/SET_3/p2p-src-zzh-2025/datasets/冰冻-2025/test_image/2022-06-28_11_21_44.kfb_1807.jpg,97,130,65,65,32,0.5,0.6701030927835051,0.5726872246696035,0,1,10200,22,130,130,4.38177139151438,5.59835778749906,0,28,4,0,0,0,9,56
p2p_proto_fusion_a0p10_best_paraffin_to_frozen,0,1177,/home/data/yh_1/SET_3/p2p-src-zzh-2025/datasets/冰冻-2025/test_image/2022-06-28_11_20_39.kfb_1020.jpg,251,482,222,260,29,0.4605809128630705,0.8844621513944223,0.6057298772169167,0,1,10200,2,485,482,4.413144077628603,5.593680772695456,0,18,8,3,0,0,47,213
p2p_proto_fusion_a0p10_best_paraffin_to_frozen,0,1178,/home/data/yh_1/SET_3/p2p-src-zzh-2025/datasets/冰冻-2025/test_image/2022-06-28_11_21_44.kfb_2359.jpg,319,600,275,325,44,0.4583333333333333,0.8620689655172413,0.5984766050054406,0,1,10200,13,609,600,5.641889399236802,7.234866659772667,0,14,24,6,0,0,67,258
p2p_proto_fusion_a0p10_best_paraffin_to_frozen,0,1179,/home/data/yh_1/SET_3/p2p-src-zzh-2025/datasets/冰冻-2025/test_image/2022-06-28_11_20_39.kfb_879.jpg,193,383,166,217,27,0.43342036553524804,0.8601036269430051,0.5763888888888888,0,1,10200,3,384,383,4.350479935826433,5.598307689988469,0,16,11,0,0,0,27,190
p2p_proto_fusion_a0p10_best_paraffin_to_frozen,0,1180,/home/data/yh_1/SET_3/p2p-src-zzh-2025/datasets/冰冻-2025/test_image/2022-06-28_11_21_44.kfb_2452.jpg,154,165,100,65,54,0.6060606060606061,0.6493506493506493,0.6269592476489029,0,1,10200,1,166,165,5.2727022241036465,6.873146583350458,0,37,15,2,0,0,8,57
p2p_proto_fusion_a0p10_best_paraffin_to_frozen,0,1181,/home/data/yh_1/SET_3/p2p-src-zzh-2025/datasets/冰冻-2025/test_image/2022-06-28_11_21_44.kfb_1349.jpg,109,143,72,71,37,0.5034965034965035,0.6605504587155964,0.5714285714285715,0,1,10200,2,144,143,5.0295090838269125,6.39966848161486,0,29,7,1,0,0,16,55
p2p_proto_fusion_a0p10_best_paraffin_to_frozen,0,1182,/home/data/yh_1/SET_3/p2p-src-zzh-2025/datasets/冰冻-2025/test_image/2022-06-28_11_18_14.kfb_2911.jpg,19,37,15,22,4,0.40540540540540543,0.7894736842105263,0.5357142857142857,0,1,10200,8,37,37,4.6497576407820755,5.74942283630372,0,2,2,0,0,0,4,18
p2p_proto_fusion_a0p10_best_paraffin_to_frozen,0,1183,/home/data/yh_1/SET_3/p2p-src-zzh-2025/datasets/冰冻-2025/test_image/2022-06-28_11_21_44.kfb_2610.jpg,155,363,136,227,19,0.3746556473829201,0.8774193548387097,0.5250965250965252,0,1,10200,2,363,363,5.087479723088567,6.521766404003307,0,14,5,0,0,1,18,208
p2p_proto_fusion_a0p10_best_paraffin_to_frozen,0,1184,/home/data/yh_1/SET_3/p2p-src-zzh-2025/datasets/冰冻-2025/test_image/2022-06-28_11_20_39.kfb_1381.jpg,155,400,136,264,19,0.34,0.8774193548387097,0.4900900900900901,0,1,10200,1,403,400,4.473641206808956,5.653800901244669,0,10,9,0,0,1,37,226
p2p_proto_fusion_a0p10_best_paraffin_to_frozen,0,1185,/home/data/yh_1/SET_3/p2p-src-zzh-2025/datasets/冰冻-2025/test_image/2022-06-28_11_20_39.kfb_3171.jpg,279,711,250,461,29,0.35161744022503516,0.8960573476702509,0.5050505050505051,0,1,10200,2,715,711,4.801818985579606,6.033579780578614,0,17,11,1,0,3,80,378
p2p_proto_fusion_a0p10_best_paraffin_to_frozen,0,1186,/home/data/yh_1/SET_3/p2p-src-zzh-2025/datasets/冰冻-2025/test_image/2022-06-28_11_11_09.kfb_2060.jpg,188,309,150,159,38,0.4854368932038835,0.7978723404255319,0.6036217303822937,0,1,10200,1,313,309,4.877392210814842,6.160008902549744,0,22,13,3,0,0,27,132
p2p_proto_fusion_a0p10_best_paraffin_to_frozen,0,1187,/home/data/yh_1/SET_3/p2p-src-zzh-2025/datasets/冰冻-2025/test_image/2022-06-28_11_21_44.kfb_1698.jpg,131,221,99,122,32,0.4479638009049774,0.7557251908396947,0.5625000000000001,0,1,10200,6,225,221,4.441371499764027,5.560619710671779,0,25,6,1,0,1,16,105
p2p_proto_fusion_a0p10_best_paraffin_to_frozen,0,1188,/home/data/yh_1/SET_3/p2p-src-zzh-2025/datasets/冰冻-2025/test_image/2022-06-28_11_11_09.kfb_569.jpg,0,174,0,0,0,0.0,0.0,0.0,1,0,10200,6,174,174,0.0,0.0,0,0,0,0,0,0,0,0
p2p_proto_fusion_a0p10_best_paraffin_to_frozen,0,1189,/home/data/yh_1/SET_3/p2p-src-zzh-2025/datasets/冰冻-2025/test_image/2022-06-28_11_20_39.kfb_2261.jpg,53,90,39,51,14,0.43333333333333335,0.7358490566037735,0.5454545454545455,0,1,10200,15,91,90,4.353158584268603,5.600377266223614,0,13,1,0,0,0,6,45
p2p_proto_fusion_a0p10_best_paraffin_to_frozen,0,1190,/home/data/yh_1/SET_3/p2p-src-zzh-2025/datasets/冰冻-2025/test_image/2022-06-28_11_20_39.kfb_371.jpg,289,414,226,188,63,0.5458937198067633,0.7820069204152249,0.6429587482219061,0,1,10200,2,416,414,4.341861645822944,5.51709980247295,0,43,20,0,0,3,36,149
p2p_proto_fusion_a0p10_best_paraffin_to_frozen,0,1191,/home/data/yh_1/SET_3/p2p-src-zzh-2025/datasets/冰冻-2025/test_image/2022-06-28_11_21_44.kfb_793.jpg,165,215,126,89,39,0.586046511627907,0.7636363636363637,0.6631578947368421,0,1,10200,4,218,215,4.4169000890764565,5.726399652541634,0,32,5,2,0,0,14,75
p2p_proto_fusion_a0p10_best_paraffin_to_frozen,0,1192,/home/data/yh_1/SET_3/p2p-src-zzh-2025/datasets/冰冻-2025/test_image/2022-06-28_11_20_39.kfb_2423.jpg,83,144,63,81,20,0.4375,0.7590361445783133,0.5550660792951542,0,1,10200,5,145,144,4.154806039594082,5.137633459908624,0,15,4,1,0,0,10,71
p2p_proto_fusion_a0p10_best_paraffin_to_frozen,0,1193,/home/data/yh_1/SET_3/p2p-src-zzh-2025/datasets/冰冻-2025/test_image/2022-06-28_11_11_09.kfb_2465.jpg,0,172,0,0,0,0.0,0.0,0.0,1,0,10200,17,172,172,0.0,0.0,0,0,0,0,0,0,0,0
p2p_proto_fusion_a0p10_best_paraffin_to_frozen,0,1194,/home/data/yh_1/SET_3/p2p-src-zzh-2025/datasets/冰冻-2025/test_image/2022-06-28_11_21_44.kfb_1106.jpg,168,246,130,116,38,0.5284552845528455,0.7738095238095238,0.6280193236714976,0,1,10200,3,247,246,4.846059915239116,6.138881665009721,0,31,4,3,0,1,18,97
p2p_proto_fusion_a0p10_best_paraffin_to_frozen,0,1195,/home/data/yh_1/SET_3/p2p-src-zzh-2025/datasets/冰冻-2025/test_image/2022-06-28_11_11_09.kfb_1675.jpg,50,95,37,58,13,0.3894736842105263,0.74,0.5103448275862068,0,1,10200,8,97,95,5.379236640333923,6.776363121496663,0,12,1,0,0,1,4,53
p2p_proto_fusion_a0p10_best_paraffin_to_frozen,0,1196,/home/data/yh_1/SET_3/p2p-src-zzh-2025/datasets/冰冻-2025/test_image/2022-06-28_11_11_09.kfb_2017.jpg,325,397,264,133,61,0.6649874055415617,0.8123076923076923,0.7313019390581718,0,1,10200,6,402,397,4.922375596611274,6.246424794197083,0,43,15,3,0,2,25,106
p2p_proto_fusion_a0p10_best_paraffin_to_frozen,0,1197,/home/data/yh_1/SET_3/p2p-src-zzh-2025/datasets/冰冻-2025/test_image/2022-06-28_11_12_06.kfb_1315.jpg,358,422,285,137,73,0.6753554502369669,0.7960893854748603,0.7307692307692306,0,1,10200,7,423,422,4.422987746298509,5.713998949318602,0,59,14,0,0,3,28,106
p2p_proto_fusion_a0p10_best_paraffin_to_frozen,0,1198,/home/data/yh_1/SET_3/p2p-src-zzh-2025/datasets/冰冻-2025/test_image/2022-06-28_11_21_44.kfb_2424.jpg,239,397,204,193,35,0.5138539042821159,0.8535564853556485,0.6415094339622641,0,1,10200,1,403,397,5.144220762074471,6.533504623526462,0,21,12,2,0,4,34,155
p2p_proto_fusion_a0p10_best_paraffin_to_frozen,0,1199,/home/data/yh_1/SET_3/p2p-src-zzh-2025/datasets/冰冻-2025/test_image/2022-06-28_11_21_44.kfb_1463.jpg,196,277,162,115,34,0.5848375451263538,0.826530612244898,0.6849894291754757,0,1,10200,7,279,277,4.4104920086139074,5.527650933206816,0,29,4,1,0,1,19,95
p2p_proto_fusion_a0p10_best_paraffin_to_frozen,0,1200,/home/data/yh_1/SET_3/p2p-src-zzh-2025/datasets/冰冻-2025/test_image/2022-06-28_11_11_09.kfb_637.jpg,0,464,0,0,0,0.0,0.0,0.0,1,0,10200,1,468,464,0.0,0.0,0,0,0,0,0,0,0,0
p2p_proto_fusion_a0p10_best_paraffin_to_frozen,0,1201,/home/data/yh_1/SET_3/p2p-src-zzh-2025/datasets/冰冻-2025/test_image/2022-06-28_11_21_44.kfb_1310.jpg,93,104,63,41,30,0.6057692307692307,0.6774193548387096,0.6395939086294415,0,1,10200,5,105,104,4.672154120991929,5.975752940253601,0,26,4,0,0,0,4,37
p2p_proto_fusion_a0p10_best_paraffin_to_frozen,0,1202,/home/data/yh_1/SET_3/p2p-src-zzh-2025/datasets/冰冻-2025/test_image/2022-06-28_11_11_09.kfb_645.jpg,0,309,0,0,0,0.0,0.0,0.0,1,0,10200,2,310,309,0.0,0.0,0,0,0,0,0,0,0,0
p2p_proto_fusion_a0p10_best_paraffin_to_frozen,0,1203,/home/data/yh_1/SET_3/p2p-src-zzh-2025/datasets/冰冻-2025/test_image/2022-06-28_11_20_39.kfb_1590.jpg,104,272,89,183,15,0.3272058823529412,0.8557692307692307,0.47340425531914887,0,1,10200,7,275,272,4.553103430597654,5.8118171906203395,0,12,3,0,0,1,24,158
p2p_proto_fusion_a0p10_best_paraffin_to_frozen,0,1204,/home/data/yh_1/SET_3/p2p-src-zzh-2025/datasets/冰冻-2025/test_image/2022-06-28_11_20_39.kfb_3000.jpg,110,363,102,261,8,0.2809917355371901,0.9272727272727272,0.43128964059196623,0,1,10200,24,368,363,5.197252887751512,6.50768070594937,0,5,2,1,0,2,20,239
p2p_proto_fusion_a0p10_best_paraffin_to_frozen,0,1205,/home/data/yh_1/SET_3/p2p-src-zzh-2025/datasets/冰冻-2025/test_image/2022-06-28_11_21_44.kfb_519.jpg,157,232,135,97,22,0.5818965517241379,0.8598726114649682,0.6940874035989717,0,1,10200,3,235,232,4.847356936055364,6.329611979590527,0,14,7,1,0,2,24,71
p2p_proto_fusion_a0p10_best_paraffin_to_frozen,0,1206,/home/data/yh_1/SET_3/p2p-src-zzh-2025/datasets/冰冻-2025/test_image/2022-06-28_11_14_35.kfb_351.jpg,220,236,156,80,64,0.6610169491525424,0.7090909090909091,0.6842105263157895,0,1,10200,4,239,236,5.65830435438976,7.217934758480752,0,39,25,0,0,2,24,54
p2p_proto_fusion_a0p10_best_paraffin_to_frozen,0,1207,/home/data/yh_1/SET_3/p2p-src-zzh-2025/datasets/冰冻-2025/test_image/2022-06-28_11_21_44.kfb_568.jpg,157,190,117,73,40,0.6157894736842106,0.7452229299363057,0.6743515850144092,0,1,10200,5,193,190,4.535374127858651,5.780417492247031,0,33,6,1,0,0,14,59
p2p_proto_fusion_a0p10_best_paraffin_to_frozen,0,1208,/home/data/yh_1/SET_3/p2p-src-zzh-2025/datasets/冰冻-2025/test_image/2022-06-28_11_20_39.kfb_2342.jpg,209,436,187,249,22,0.4288990825688073,0.8947368421052632,0.57984496124031,0,1,10200,0,442,436,4.28931504849981,5.471522448534636,0,13,7,2,0,3,33,213
p2p_proto_fusion_a0p10_best_paraffin_to_frozen,0,1209,/home/data/yh_1/SET_3/p2p-src-zzh-2025/datasets/冰冻-2025/test_image/2022-06-28_11_18_14.kfb_2318.jpg,76,102,61,41,15,0.5980392156862745,0.8026315789473685,0.6853932584269663,0,1,10200,4,102,102,3.8627361967729006,5.005983047798032,0,10,5,0,0,0,2,39
p2p_proto_fusion_a0p10_best_paraffin_to_frozen,0,1210,/home/data/yh_1/SET_3/p2p-src-zzh-2025/datasets/冰冻-2025/test_image/2022-06-28_11_20_39.kfb_527.jpg,286,383,223,160,63,0.5822454308093995,0.7797202797202797,0.6666666666666667,0,1,10200,6,387,383,4.569998409840937,5.840623242972679,0,39,20,4,0,6,39,115
p2p_proto_fusion_a0p10_best_paraffin_to_frozen,0,1211,/home/data/yh_1/SET_3/p2p-src-zzh-2025/datasets/冰冻-2025/test_image/2022-06-28_11_20_39.kfb_1627.jpg,254,476,207,269,47,0.43487394957983194,0.8149606299212598,0.5671232876712329,0,1,10200,4,483,476,5.120361903663727,6.522058247368117,0,27,18,2,0,3,37,229
p2p_proto_fusion_a0p10_best_paraffin_to_frozen,0,1212,/home/data/yh_1/SET_3/p2p-src-zzh-2025/datasets/冰冻-2025/test_image/2022-06-28_11_11_09.kfb_503.jpg,0,364,0,0,0,0.0,0.0,0.0,1,0,10200,0,366,364,0.0,0.0,0,0,0,0,0,0,0,0
p2p_proto_fusion_a0p10_best_paraffin_to_frozen,0,1213,/home/data/yh_1/SET_3/p2p-src-zzh-2025/datasets/冰冻-2025/test_image/2022-06-28_11_21_44.kfb_1686.jpg,148,289,128,161,20,0.4429065743944637,0.8648648648648649,0.585812356979405,0,1,10200,7,292,289,4.667537798238742,6.06708642095327,0,15,3,2,0,0,22,139
p2p_proto_fusion_a0p10_best_paraffin_to_frozen,0,1214,/home/data/yh_1/SET_3/p2p-src-zzh-2025/datasets/冰冻-2025/test_image/2022-06-28_11_11_09.kfb_1284.jpg,165,323,128,195,37,0.39628482972136225,0.7757575757575758,0.5245901639344263,0,1,10200,1,324,323,5.5243265589333825,7.067754436284307,0,30,7,0,0,2,23,170
p2p_proto_fusion_a0p10_best_paraffin_to_frozen,0,1215,/home/data/yh_1/SET_3/p2p-src-zzh-2025/datasets/冰冻-2025/test_image/2022-06-28_11_21_44.kfb_792.jpg,111,140,76,64,35,0.5428571428571428,0.6846846846846847,0.6055776892430279,0,1,10200,9,145,140,4.748741011937092,6.037175078141063,0,31,4,0,0,0,11,53
p2p_proto_fusion_a0p10_best_paraffin_to_frozen,0,1216,/home/data/yh_1/SET_3/p2p-src-zzh-2025/datasets/冰冻-2025/test_image/2022-06-28_11_11_09.kfb_2232.jpg,227,358,182,176,45,0.5083798882681564,0.801762114537445,0.6222222222222221,0,1,10200,7,362,358,5.291926130333895,6.769722506240174,0,31,12,2,0,1,28,147
p2p_proto_fusion_a0p10_best_paraffin_to_frozen,0,1217,/home/data/yh_1/SET_3/p2p-src-zzh-2025/datasets/冰冻-2025/test_image/2022-06-28_11_11_09.kfb_2406.jpg,6,23,5,18,1,0.21739130434782608,0.8333333333333334,0.3448275862068966,0,1,10200,16,23,23,4.903550429043553,6.655801200866703,0,1,0,0,0,0,0,18
p2p_proto_fusion_a0p10_best_paraffin_to_frozen,0,1218,/home/data/yh_1/SET_3/p2p-src-zzh-2025/datasets/冰冻-2025/test_image/2022-06-28_11_11_09.kfb_2216.jpg,252,494,214,280,38,0.4331983805668016,0.8492063492063492,0.5737265415549597,0,1,10200,3,501,494,4.511861038115,5.748063631146869,0,27,8,3,0,4,43,233
p2p_proto_fusion_a0p10_best_paraffin_to_frozen,0,1219,/home/data/yh_1/SET_3/p2p-src-zzh-2025/datasets/冰冻-2025/test_image/2022-06-28_11_18_14.kfb_1204.jpg,64,64,43,21,21,0.671875,0.671875,0.671875,0,1,10200,8,66,64,4.796702152340552,6.083247340002724,0,17,4,0,0,1,3,17
p2p_proto_fusion_a0p10_best_paraffin_to_frozen,0,1220,/home/data/yh_1/SET_3/p2p-src-zzh-2025/datasets/冰冻-2025/test_image/2022-06-28_11_20_39.kfb_706.jpg,115,234,104,130,11,0.4444444444444444,0.9043478260869565,0.5959885386819485,0,1,10200,9,235,234,4.544379353809593,5.808196420852959,0,8,3,0,0,2,19,109
p2p_proto_fusion_a0p10_best_paraffin_to_frozen,0,1221,/home/data/yh_1/SET_3/p2p-src-zzh-2025/datasets/冰冻-2025/test_image/2022-06-28_11_21_44.kfb_988.jpg,103,144,72,72,31,0.5,0.6990291262135923,0.582995951417004,0,1,10200,4,144,144,4.519366839923487,5.659575548436906,0,25,6,0,0,1,10,61
p2p_proto_fusion_a0p10_best_paraffin_to_frozen,0,1222,/home/data/yh_1/SET_3/p2p-src-zzh-2025/datasets/冰冻-2025/test_image/2022-06-28_11_20_39.kfb_2612.jpg,252,538,209,329,43,0.38847583643122674,0.8293650793650794,0.5291139240506328,0,1,10200,3,539,538,4.322844072199189,5.513198152113189,0,30,13,0,0,1,35,293
p2p_proto_fusion_a0p10_best_paraffin_to_frozen,0,1223,/home/data/yh_1/SET_3/p2p-src-zzh-2025/datasets/冰冻-2025/test_image/2022-06-28_11_21_44.kfb_2239.jpg,106,399,91,308,15,0.22807017543859648,0.8584905660377359,0.36039603960396044,0,1,10200,22,405,399,5.1467640653272815,6.489907516227975,0,8,6,1,0,0,25,283
p2p_proto_fusion_a0p10_best_paraffin_to_frozen,0,1224,/home/data/yh_1/SET_3/p2p-src-zzh-2025/datasets/冰冻-2025/test_image/2022-06-28_11_21_44.kfb_2305.jpg,294,550,254,296,40,0.4618181818181818,0.8639455782312925,0.6018957345971564,0,1,10200,1,554,550,4.67262284824199,5.953377788218028,0,23,15,2,0,1,47,248
p2p_proto_fusion_a0p10_best_paraffin_to_frozen,0,1225,/home/data/yh_1/SET_3/p2p-src-zzh-2025/datasets/冰冻-2025/test_image/2022-06-28_11_20_39.kfb_1017.jpg,198,439,169,270,29,0.38496583143507973,0.8535353535353535,0.5306122448979591,0,1,10200,1,443,439,4.955797846600231,6.295078889858083,0,15,13,1,0,1,29,240
p2p_proto_fusion_a0p10_best_paraffin_to_frozen,0,1226,/home/data/yh_1/SET_3/p2p-src-zzh-2025/datasets/冰冻-2025/test_image/2022-06-28_11_21_44.kfb_1104.jpg,105,163,78,85,27,0.4785276073619632,0.7428571428571429,0.5820895522388061,0,1,10200,2,164,163,4.975132060905097,6.300832137083396,0,20,6,1,0,0,11,74
p2p_proto_fusion_a0p10_best_paraffin_to_frozen,0,1227,/home/data/yh_1/SET_3/p2p-src-zzh-2025/datasets/冰冻-2025/test_image/2022-06-28_11_21_44.kfb_96.jpg,195,256,156,100,39,0.609375,0.8,0.6917960088691797,0,1,10200,11,256,256,4.3321779002068235,5.458330766512797,0,29,10,0,0,2,23,75
p2p_proto_fusion_a0p10_best_paraffin_to_frozen,0,1228,/home/data/yh_1/SET_3/p2p-src-zzh-2025/datasets/冰冻-2025/test_image/2022-06-28_11_21_44.kfb_1915.jpg,198,380,166,214,32,0.4368421052631579,0.8383838383838383,0.57439446366782,0,1,10200,13,388,380,4.671545037479672,5.932599650808129,0,23,8,1,0,1,25,188
p2p_proto_fusion_a0p10_best_paraffin_to_frozen,0,1229,/home/data/yh_1/SET_3/p2p-src-zzh-2025/datasets/冰冻-2025/test_image/2022-06-28_11_21_44.kfb_2135.jpg,158,260,129,131,29,0.49615384615384617,0.8164556962025317,0.6172248803827752,0,1,10200,5,262,260,4.446230993632744,5.72155742867048,0,20,7,2,0,2,11,118
p2p_proto_fusion_a0p10_best_paraffin_to_frozen,0,1230,/home/data/yh_1/SET_3/p2p-src-zzh-2025/datasets/冰冻-2025/test_image/2022-06-28_11_21_44.kfb_2247.jpg,274,435,232,203,42,0.5333333333333333,0.8467153284671532,0.6544428772919605,0,1,10200,0,444,435,4.928590721880077,6.3249769169708765,0,27,12,3,0,6,41,156
p2p_proto_fusion_a0p10_best_paraffin_to_frozen,0,1231,/home/data/yh_1/SET_3/p2p-src-zzh-2025/datasets/冰冻-2025/test_image/2022-06-28_11_20_39.kfb_801.jpg,52,69,34,35,18,0.4927536231884058,0.6538461538461539,0.5619834710743802,0,1,10200,12,70,69,4.435489888233323,5.561816201490506,0,15,3,0,0,0,3,32
p2p_proto_fusion_a0p10_best_paraffin_to_frozen,0,1232,/home/data/yh_1/SET_3/p2p-src-zzh-2025/datasets/冰冻-2025/test_image/2022-06-28_11_21_44.kfb_2512.jpg,393,551,326,225,67,0.5916515426497277,0.8295165394402035,0.6906779661016949,0,1,10200,5,554,551,5.179008862125465,6.499503087027442,0,43,21,3,0,4,60,161
p2p_proto_fusion_a0p10_best_paraffin_to_frozen,0,1233,/home/data/yh_1/SET_3/p2p-src-zzh-2025/datasets/冰冻-2025/test_image/2022-06-28_11_21_44.kfb_277.jpg,498,572,411,161,87,0.7185314685314685,0.8253012048192772,0.7682242990654206,0,1,10200,4,574,572,4.739208885869726,6.062749252412152,0,56,26,5,0,2,39,120
p2p_proto_fusion_a0p10_best_paraffin_to_frozen,0,1234,/home/data/yh_1/SET_3/p2p-src-zzh-2025/datasets/冰冻-2025/test_image/2022-06-28_11_18_14.kfb_1006.jpg,78,74,50,24,28,0.6756756756756757,0.6410256410256411,0.6578947368421052,0,1,10200,26,75,74,4.09822218656936,5.161792411804205,0,22,6,0,0,0,3,21
p2p_proto_fusion_a0p10_best_paraffin_to_frozen,0,1235,/home/data/yh_1/SET_3/p2p-src-zzh-2025/datasets/冰冻-2025/test_image/2022-06-28_11_20_39.kfb_1216.jpg,238,545,214,331,24,0.3926605504587156,0.8991596638655462,0.5466155810983397,0,1,10200,1,551,545,5.011203554470792,6.47389369144618,0,14,9,1,0,2,53,276
p2p_proto_fusion_a0p10_best_paraffin_to_frozen,0,1236,/home/data/yh_1/SET_3/p2p-src-zzh-2025/datasets/冰冻-2025/test_image/2022-06-28_11_11_09.kfb_442.jpg,0,242,0,0,0,0.0,0.0,0.0,1,0,10200,11,243,242,0.0,0.0,0,0,0,0,0,0,0,0
p2p_proto_fusion_a0p10_best_paraffin_to_frozen,0,1237,/home/data/yh_1/SET_3/p2p-src-zzh-2025/datasets/冰冻-2025/test_image/2022-06-28_11_12_06.kfb_3524.jpg,0,381,0,0,0,0.0,0.0,0.0,1,0,10200,17,386,381,0.0,0.0,0,0,0,0,0,0,0,0
p2p_proto_fusion_a0p10_best_paraffin_to_frozen,0,1238,/home/data/yh_1/SET_3/p2p-src-zzh-2025/datasets/冰冻-2025/test_image/2022-06-28_11_21_44.kfb_1741.jpg,303,542,253,289,50,0.466789667896679,0.834983498349835,0.5988165680473373,0,1,10200,6,548,542,4.835838348829202,6.10033634811522,0,26,22,2,0,5,48,236
p2p_proto_fusion_a0p10_best_paraffin_to_frozen,0,1239,/home/data/yh_1/SET_3/p2p-src-zzh-2025/datasets/冰冻-2025/test_image/2022-06-28_11_11_09.kfb_1052.jpg,142,282,124,158,18,0.4397163120567376,0.8732394366197183,0.5849056603773586,0,1,10200,2,283,282,4.588892491313081,5.868350098209996,0,13,4,1,0,0,17,141
p2p_proto_fusion_a0p10_best_paraffin_to_frozen,0,1240,/home/data/yh_1/SET_3/p2p-src-zzh-2025/datasets/冰冻-2025/test_image/2022-06-28_11_18_14.kfb_1785.jpg,27,42,16,26,11,0.38095238095238093,0.5925925925925926,0.463768115942029,0,1,10200,4,42,42,5.2253882687776185,6.891299277544018,0,9,2,0,0,1,1,24
p2p_proto_fusion_a0p10_best_paraffin_to_frozen,0,1241,/home/data/yh_1/SET_3/p2p-src-zzh-2025/datasets/冰冻-2025/test_image/2022-06-28_11_21_44.kfb_829.jpg,319,497,255,242,64,0.5130784708249497,0.799373040752351,0.625,0,1,10200,2,503,497,5.0706078025522086,6.442740116867365,0,36,24,4,0,0,35,207
p2p_proto_fusion_a0p10_best_paraffin_to_frozen,0,1242,/home/data/yh_1/SET_3/p2p-src-zzh-2025/datasets/冰冻-2025/test_image/2022-06-28_11_18_14.kfb_1087.jpg,99,86,54,32,45,0.627906976744186,0.5454545454545454,0.5837837837837838,0,1,10200,8,86,86,4.103631190116958,5.216935334382238,0,36,9,0,0,0,3,29
p2p_proto_fusion_a0p10_best_paraffin_to_frozen,0,1243,/home/data/yh_1/SET_3/p2p-src-zzh-2025/datasets/冰冻-2025/test_image/2022-06-28_11_20_39.kfb_2679.jpg,56,117,40,77,16,0.3418803418803419,0.7142857142857143,0.46242774566473993,0,1,10200,5,118,117,4.389213948585932,5.546355140209193,0,15,1,0,0,1,1,75
p2p_proto_fusion_a0p10_best_paraffin_to_frozen,0,1244,/home/data/yh_1/SET_3/p2p-src-zzh-2025/datasets/冰冻-2025/test_image/2022-06-28_11_18_14.kfb_1916.jpg,50,75,34,41,16,0.4533333333333333,0.68,0.544,0,1,10200,9,75,75,4.652427780521208,5.854276853449204,0,14,2,0,0,0,5,36
p2p_proto_fusion_a0p10_best_paraffin_to_frozen,0,1245,/home/data/yh_1/SET_3/p2p-src-zzh-2025/datasets/冰冻-2025/test_image/2022-06-28_11_20_39.kfb_2926.jpg,103,281,90,191,13,0.3202846975088968,0.8737864077669902,0.46875000000000006,0,1,10200,7,283,281,4.350922570903482,5.547550291485251,0,9,1,3,0,1,16,174
p2p_proto_fusion_a0p10_best_paraffin_to_frozen,0,1246,/home/data/yh_1/SET_3/p2p-src-zzh-2025/datasets/冰冻-2025/test_image/2022-06-28_11_21_44.kfb_1705.jpg,139,224,101,123,38,0.45089285714285715,0.7266187050359713,0.556473829201102,0,1,10200,10,226,224,5.04569448953047,6.334352436632212,0,26,11,1,0,0,13,110
p2p_proto_fusion_a0p10_best_paraffin_to_frozen,0,1247,/home/data/yh_1/SET_3/p2p-src-zzh-2025/datasets/冰冻-2025/test_image/2022-06-28_11_21_44.kfb_1203.jpg,274,419,236,183,38,0.5632458233890215,0.8613138686131386,0.6810966810966811,0,1,10200,8,426,419,4.6257930819489115,5.978671526504777,0,25,10,3,0,2,25,156
p2p_proto_fusion_a0p10_best_paraffin_to_frozen,0,1248,/home/data/yh_1/SET_3/p2p-src-zzh-2025/datasets/冰冻-2025/test_image/2022-06-28_11_21_44.kfb_944.jpg,125,190,97,93,28,0.5105263157894737,0.776,0.6158730158730159,0,1,10200,7,192,190,4.367256654807677,5.571700155120535,0,18,8,2,0,1,14,78
p2p_proto_fusion_a0p10_best_paraffin_to_frozen,0,1249,/home/data/yh_1/SET_3/p2p-src-zzh-2025/datasets/冰冻-2025/test_image/2022-06-28_11_21_44.kfb_2435.jpg,463,520,365,155,98,0.7019230769230769,0.7883369330453563,0.7426246185147506,0,1,10200,2,521,520,5.017569900130896,6.381481752931942,0,52,42,4,0,3,39,113
p2p_proto_fusion_a0p10_best_paraffin_to_frozen,0,1250,/home/data/yh_1/SET_3/p2p-src-zzh-2025/datasets/冰冻-2025/test_image/2022-06-28_11_18_14.kfb_2656.jpg,191,264,154,110,37,0.5833333333333334,0.806282722513089,0.676923076923077,0,1,10200,4,268,264,4.466291270955745,5.734920714582717,0,26,9,2,0,1,26,83
p2p_proto_fusion_a0p10_best_paraffin_to_frozen,0,1251,/home/data/yh_1/SET_3/p2p-src-zzh-2025/datasets/冰冻-2025/test_image/2022-06-28_11_20_39.kfb_1878.jpg,208,412,173,239,35,0.4199029126213592,0.8317307692307693,0.5580645161290322,0,1,10200,4,413,412,4.392275803444086,5.686887634971929,0,27,5,3,0,1,34,204
p2p_proto_fusion_a0p10_best_paraffin_to_frozen,0,1252,/home/data/yh_1/SET_3/p2p-src-zzh-2025/datasets/冰冻-2025/test_image/2022-06-28_11_18_14.kfb_593.jpg,16,13,5,8,11,0.38461538461538464,0.3125,0.3448275862068966,0,1,10200,4,13,13,4.588451737584658,6.034024047851561,0,8,3,0,0,0,0,8
p2p_proto_fusion_a0p10_best_paraffin_to_frozen,0,1253,/home/data/yh_1/SET_3/p2p-src-zzh-2025/datasets/冰冻-2025/test_image/2022-06-28_11_20_39.kfb_1782.jpg,231,562,202,360,29,0.3594306049822064,0.8744588744588745,0.5094577553593947,0,1,10200,5,566,562,4.828227445688286,6.089605853109075,0,12,15,2,0,0,51,309
p2p_proto_fusion_a0p10_best_paraffin_to_frozen,0,1254,/home/data/yh_1/SET_3/p2p-src-zzh-2025/datasets/冰冻-2025/test_image/2022-06-28_11_18_14.kfb_2086.jpg,158,310,130,180,28,0.41935483870967744,0.8227848101265823,0.5555555555555556,0,1,10200,1,314,310,4.644810382251671,5.860055934465845,0,21,6,1,0,2,24,154
p2p_proto_fusion_a0p10_best_paraffin_to_frozen,0,1255,/home/data/yh_1/SET_3/p2p-src-zzh-2025/datasets/冰冻-2025/test_image/2022-06-28_11_21_44.kfb_668.jpg,295,438,246,192,49,0.5616438356164384,0.8338983050847457,0.6712141882673942,0,1,10200,2,445,438,4.940136434166376,6.309249417568612,0,31,14,4,0,1,42,149
p2p_proto_fusion_a0p10_best_paraffin_to_frozen,0,1256,/home/data/yh_1/SET_3/p2p-src-zzh-2025/datasets/冰冻-2025/test_image/2022-06-28_11_21_44.kfb_2519.jpg,110,324,94,230,16,0.29012345679012347,0.8545454545454545,0.43317972350230416,0,1,10200,9,330,324,5.300682658220858,6.697243162926212,0,11,5,0,0,0,21,209
p2p_proto_fusion_a0p10_best_paraffin_to_frozen,0,1257,/home/data/yh_1/SET_3/p2p-src-zzh-2025/datasets/冰冻-2025/test_image/2022-06-28_11_20_39.kfb_1117.jpg,188,320,157,163,31,0.490625,0.8351063829787234,0.6181102362204725,0,1,10200,1,326,320,4.36271717514783,5.491992425007425,0,23,7,1,0,2,33,128
p2p_proto_fusion_a0p10_best_paraffin_to_frozen,0,1258,/home/data/yh_1/SET_3/p2p-src-zzh-2025/datasets/冰冻-2025/test_image/2022-06-28_11_21_44.kfb_1062.jpg,136,250,117,133,19,0.468,0.8602941176470589,0.6062176165803109,0,1,10200,9,254,250,5.037979578331905,6.430165767669676,0,16,2,1,0,1,18,114
p2p_proto_fusion_a0p10_best_paraffin_to_frozen,0,1259,/home/data/yh_1/SET_3/p2p-src-zzh-2025/datasets/冰冻-2025/test_image/2022-06-28_11_21_44.kfb_675.jpg,311,616,269,347,42,0.4366883116883117,0.864951768488746,0.5803667745415317,0,1,10200,1,622,616,5.001619499323552,6.317188036042961,0,15,22,5,0,1,54,292
p2p_proto_fusion_a0p10_best_paraffin_to_frozen,0,1260,/home/data/yh_1/SET_3/p2p-src-zzh-2025/datasets/冰冻-2025/test_image/2022-06-28_11_11_09.kfb_1620.jpg,19,49,14,35,5,0.2857142857142857,0.7368421052631579,0.4117647058823529,0,1,10200,47,50,49,5.938305280444664,7.7179625374930225,0,4,0,1,0,0,1,34
p2p_proto_fusion_a0p10_best_paraffin_to_frozen,0,1261,/home/data/yh_1/SET_3/p2p-src-zzh-2025/datasets/冰冻-2025/test_image/2022-06-28_11_20_39.kfb_1301.jpg,290,543,255,288,35,0.4696132596685083,0.8793103448275862,0.6122448979591836,0,1,10200,10,549,543,4.769568947800668,6.091859738966999,0,17,15,3,0,1,53,234
p2p_proto_fusion_a0p10_best_paraffin_to_frozen,0,1262,/home/data/yh_1/SET_3/p2p-src-zzh-2025/datasets/冰冻-2025/test_image/2022-06-28_11_20_39.kfb_3083.jpg,107,339,91,248,16,0.26843657817109146,0.8504672897196262,0.40807174887892383,0,1,10200,10,346,339,4.9833464648025165,6.3159799366206935,0,13,2,1,0,1,19,228
p2p_proto_fusion_a0p10_best_paraffin_to_frozen,0,1263,/home/data/yh_1/SET_3/p2p-src-zzh-2025/datasets/冰冻-2025/test_image/2022-06-28_11_11_09.kfb_581.jpg,144,284,109,175,35,0.38380281690140844,0.7569444444444444,0.5093457943925234,0,1,10200,2,287,284,4.3387041174819885,5.51141162749824,0,26,7,2,0,1,16,158
p2p_proto_fusion_a0p10_best_paraffin_to_frozen,0,1264,/home/data/yh_1/SET_3/p2p-src-zzh-2025/datasets/冰冻-2025/test_image/2022-06-28_11_21_44.kfb_105.jpg,343,462,286,176,57,0.6190476190476191,0.8338192419825073,0.7105590062111802,0,1,10200,5,467,462,4.884930660446491,6.215458739053953,0,34,22,1,0,1,36,139
p2p_proto_fusion_a0p10_best_paraffin_to_frozen,0,1265,/home/data/yh_1/SET_3/p2p-src-zzh-2025/datasets/冰冻-2025/test_image/2022-06-28_11_20_39.kfb_664.jpg,147,359,124,235,23,0.34540389972144847,0.8435374149659864,0.49011857707509876,0,1,10200,2,362,359,4.8580591991281175,6.194472870519083,0,14,8,1,0,3,35,197
p2p_proto_fusion_a0p10_best_paraffin_to_frozen,0,1266,/home/data/yh_1/SET_3/p2p-src-zzh-2025/datasets/冰冻-2025/test_image/2022-06-28_11_20_39.kfb_2720.jpg,200,428,181,247,19,0.42289719626168226,0.905,0.5764331210191083,0,1,10200,3,431,428,4.662256496227965,5.930417980278395,0,12,6,1,0,3,44,200
p2p_proto_fusion_a0p10_best_paraffin_to_frozen,0,1267,/home/data/yh_1/SET_3/p2p-src-zzh-2025/datasets/冰冻-2025/test_image/2022-06-28_11_20_39.kfb_1507.jpg,108,200,88,112,20,0.44,0.8148148148148148,0.5714285714285714,0,1,10200,3,201,200,4.9004945781107425,6.098848120732743,0,16,4,0,0,0,11,101
p2p_proto_fusion_a0p10_best_paraffin_to_frozen,0,1268,/home/data/yh_1/SET_3/p2p-src-zzh-2025/datasets/冰冻-2025/test_image/2022-06-28_11_20_39.kfb_1842.jpg,127,251,104,147,23,0.41434262948207173,0.8188976377952756,0.5502645502645503,0,1,10200,1,251,251,4.445044232268138,5.542422280861779,0,13,10,0,0,0,20,127
p2p_proto_fusion_a0p10_best_paraffin_to_frozen,0,1269,/home/data/yh_1/SET_3/p2p-src-zzh-2025/datasets/冰冻-2025/test_image/2022-06-28_11_20_39.kfb_2993.jpg,77,223,65,158,12,0.2914798206278027,0.8441558441558441,0.43333333333333335,0,1,10200,5,223,223,5.160448856749708,6.544822986309346,0,7,4,1,0,1,7,150
p2p_proto_fusion_a0p10_best_paraffin_to_frozen,0,1270,/home/data/yh_1/SET_3/p2p-src-zzh-2025/datasets/冰冻-2025/test_image/2022-06-28_11_21_44.kfb_575.jpg,155,301,129,172,26,0.42857142857142855,0.832258064516129,0.5657894736842105,0,1,10200,7,303,301,4.998403835459335,6.342310267825457,0,19,7,0,0,0,21,151
p2p_proto_fusion_a0p10_best_paraffin_to_frozen,0,1271,/home/data/yh_1/SET_3/p2p-src-zzh-2025/datasets/冰冻-2025/test_image/2022-06-28_11_18_14.kfb_1671.jpg,232,309,182,127,50,0.5889967637540453,0.7844827586206896,0.6728280961182994,0,1,10200,4,313,309,4.955738384135764,6.323582444872175,0,36,11,3,0,2,17,108
p2p_proto_fusion_a0p10_best_paraffin_to_frozen,0,1272,/home/data/yh_1/SET_3/p2p-src-zzh-2025/datasets/冰冻-2025/test_image/2022-06-28_11_20_39.kfb_2730.jpg,112,306,94,212,18,0.30718954248366015,0.8392857142857143,0.4497607655502393,0,1,10200,4,308,306,4.211643123046911,5.494592466252918,0,15,2,1,0,1,10,201
p2p_proto_fusion_a0p10_best_paraffin_to_frozen,0,1273,/home/data/yh_1/SET_3/p2p-src-zzh-2025/datasets/冰冻-2025/test_image/2022-06-28_11_18_14.kfb_2902.jpg,16,31,8,23,8,0.25806451612903225,0.5,0.3404255319148936,0,1,10200,2,31,31,4.081979070819487,5.116644024848938,0,8,0,0,0,0,0,23
p2p_proto_fusion_a0p10_best_paraffin_to_frozen,0,1274,/home/data/yh_1/SET_3/p2p-src-zzh-2025/datasets/冰冻-2025/test_image/2022-06-28_11_12_06.kfb_2891.jpg,0,461,0,0,0,0.0,0.0,0.0,1,0,10200,2,465,461,0.0,0.0,0,0,0,0,0,0,0,0
p2p_proto_fusion_a0p10_best_paraffin_to_frozen,0,1275,/home/data/yh_1/SET_3/p2p-src-zzh-2025/datasets/冰冻-2025/test_image/2022-06-28_11_11_09.kfb_2263.jpg,16,43,9,34,7,0.20930232558139536,0.5625,0.30508474576271183,0,1,10200,11,43,43,6.677609191906136,8.024049573474466,0,5,0,2,0,1,1,32
p2p_proto_fusion_a0p10_best_paraffin_to_frozen,0,1276,/home/data/yh_1/SET_3/p2p-src-zzh-2025/datasets/冰冻-2025/test_image/2022-06-28_11_21_44.kfb_116.jpg,184,249,144,105,40,0.5783132530120482,0.782608695652174,0.6651270207852195,0,1,10200,6,250,249,4.5740586621171095,5.780565526750353,0,30,8,2,0,0,20,85
p2p_proto_fusion_a0p10_best_paraffin_to_frozen,0,1277,/home/data/yh_1/SET_3/p2p-src-zzh-2025/datasets/冰冻-2025/test_image/2022-06-28_11_11_09.kfb_659.jpg,25,82,21,61,4,0.25609756097560976,0.84,0.3925233644859813,0,1,10200,50,82,82,4.282198987124764,5.307695343380883,0,2,2,0,0,0,3,58
p2p_proto_fusion_a0p10_best_paraffin_to_frozen,0,1278,/home/data/yh_1/SET_3/p2p-src-zzh-2025/datasets/冰冻-2025/test_image/2022-06-28_11_21_44.kfb_423.jpg,326,423,267,156,59,0.6312056737588653,0.8190184049079755,0.7129506008010682,0,1,10200,7,427,423,4.352775531795041,5.570577000857291,0,40,17,2,0,2,39,115
p2p_proto_fusion_a0p10_best_paraffin_to_frozen,0,1279,/home/data/yh_1/SET_3/p2p-src-zzh-2025/datasets/冰冻-2025/test_image/2022-06-28_11_16_48.kfb_350.jpg,324,348,268,80,56,0.7701149425287356,0.8271604938271605,0.7976190476190476,0,1,10200,4,353,348,5.42192902262371,6.809730030948827,0,41,15,0,0,1,13,66
p2p_proto_fusion_a0p10_best_paraffin_to_frozen,0,1280,/home/data/yh_1/SET_3/p2p-src-zzh-2025/datasets/冰冻-2025/test_image/2022-06-28_11_21_44.kfb_1110.jpg,220,368,188,180,32,0.5108695652173914,0.8545454545454545,0.6394557823129252,0,1,10200,3,372,368,4.786067529655635,6.1350431213987635,0,13,11,8,0,1,29,150
p2p_proto_fusion_a0p10_best_paraffin_to_frozen,0,1281,/home/data/yh_1/SET_3/p2p-src-zzh-2025/datasets/冰冻-2025/test_image/2022-06-28_11_18_14.kfb_1860.jpg,70,116,55,61,15,0.47413793103448276,0.7857142857142857,0.5913978494623656,0,1,10200,8,119,116,3.615247391051077,4.562131994420834,0,12,3,0,0,0,6,55
p2p_proto_fusion_a0p10_best_paraffin_to_frozen,0,1282,/home/data/yh_1/SET_3/p2p-src-zzh-2025/datasets/冰冻-2025/test_image/2022-06-28_11_20_39.kfb_1873.jpg,173,336,153,183,20,0.45535714285714285,0.884393063583815,0.6011787819253438,0,1,10200,3,340,336,4.723046068101805,6.0573706056167875,0,14,5,1,0,1,30,152
p2p_proto_fusion_a0p10_best_paraffin_to_frozen,0,1283,/home/data/yh_1/SET_3/p2p-src-zzh-2025/datasets/冰冻-2025/test_image/2022-06-28_11_11_09.kfb_583.jpg,117,267,94,173,23,0.352059925093633,0.8034188034188035,0.48958333333333337,0,1,10200,5,268,267,5.009036371602886,6.3249570461029725,0,16,5,2,0,0,12,161
p2p_proto_fusion_a0p10_best_paraffin_to_frozen,0,1284,/home/data/yh_1/SET_3/p2p-src-zzh-2025/datasets/冰冻-2025/test_image/2022-06-28_11_11_09.kfb_741.jpg,0,62,0,0,0,0.0,0.0,0.0,1,0,10200,4,62,62,0.0,0.0,0,0,0,0,0,0,0,0
p2p_proto_fusion_a0p10_best_paraffin_to_frozen,0,1285,/home/data/yh_1/SET_3/p2p-src-zzh-2025/datasets/冰冻-2025/test_image/2022-06-28_11_21_44.kfb_1591.jpg,109,154,73,81,36,0.474025974025974,0.6697247706422018,0.5551330798479087,0,1,10200,35,158,154,5.4932602204853564,6.866931288209681,0,27,9,0,0,2,15,64
p2p_proto_fusion_a0p10_best_paraffin_to_frozen,0,1286,/home/data/yh_1/SET_3/p2p-src-zzh-2025/datasets/冰冻-2025/test_image/2022-06-28_11_21_44.kfb_1681.jpg,103,186,82,104,21,0.44086021505376344,0.7961165048543689,0.5674740484429066,0,1,10200,31,190,186,4.7054505529884105,5.9890179924848645,0,19,2,0,0,0,12,92
p2p_proto_fusion_a0p10_best_paraffin_to_frozen,0,1287,/home/data/yh_1/SET_3/p2p-src-zzh-2025/datasets/冰冻-2025/test_image/2022-06-28_11_12_06.kfb_2398.jpg,0,277,0,0,0,0.0,0.0,0.0,1,0,10200,8,277,277,0.0,0.0,0,0,0,0,0,0,0,0
p2p_proto_fusion_a0p10_best_paraffin_to_frozen,0,1288,/home/data/yh_1/SET_3/p2p-src-zzh-2025/datasets/冰冻-2025/test_image/2022-06-28_11_21_44.kfb_2035.jpg,261,500,224,276,37,0.448,0.8582375478927203,0.5886990801576872,0,1,10200,6,506,500,4.65045199410478,5.940557949244976,0,26,9,2,0,3,35,238
p2p_proto_fusion_a0p10_best_paraffin_to_frozen,0,1289,/home/data/yh_1/SET_3/p2p-src-zzh-2025/datasets/冰冻-2025/test_image/2022-06-28_11_21_44.kfb_2459.jpg,194,311,141,170,53,0.4533762057877814,0.7268041237113402,0.5584158415841585,0,1,10200,0,314,311,5.048164331757756,6.470997894364022,0,37,15,1,0,1,17,152
p2p_proto_fusion_a0p10_best_paraffin_to_frozen,0,1290,/home/data/yh_1/SET_3/p2p-src-zzh-2025/datasets/冰冻-2025/test_image/2022-06-28_11_21_44.kfb_2224.jpg,249,481,205,276,44,0.4261954261954262,0.8232931726907631,0.5616438356164384,0,1,10200,2,487,481,4.89581067374203,6.303176123921466,0,21,19,4,0,3,37,236
p2p_proto_fusion_a0p10_best_paraffin_to_frozen,0,1291,/home/data/yh_1/SET_3/p2p-src-zzh-2025/datasets/冰冻-2025/test_image/2022-06-28_11_11_09.kfb_1019.jpg,24,67,18,49,6,0.26865671641791045,0.75,0.39560439560439564,0,1,10200,5,67,67,4.376449741980294,5.660931799146864,0,4,2,0,0,0,5,44
p2p_proto_fusion_a0p10_best_paraffin_to_frozen,0,1292,/home/data/yh_1/SET_3/p2p-src-zzh-2025/datasets/冰冻-2025/test_image/2022-06-28_11_11_09.kfb_673.jpg,0,122,0,0,0,0.0,0.0,0.0,1,0,10200,12,122,122,0.0,0.0,0,0,0,0,0,0,0,0
p2p_proto_fusion_a0p10_best_paraffin_to_frozen,0,1293,/home/data/yh_1/SET_3/p2p-src-zzh-2025/datasets/冰冻-2025/test_image/2022-06-28_11_21_44.kfb_1572.jpg,50,53,29,24,21,0.5471698113207547,0.58,0.5631067961165048,0,1,10200,31,54,53,4.669722589513667,6.1378391364525084,0,19,2,0,0,0,4,20
p2p_proto_fusion_a0p10_best_paraffin_to_frozen,0,1294,/home/data/yh_1/SET_3/p2p-src-zzh-2025/datasets/冰冻-2025/test_image/2022-06-28_11_18_14.kfb_1826.jpg,49,69,32,37,17,0.463768115942029,0.6530612244897959,0.5423728813559322,0,1,10200,2,69,69,3.754157998080862,4.751417398452765,0,16,1,0,0,0,2,35
p2p_proto_fusion_a0p10_best_paraffin_to_frozen,0,1295,/home/data/yh_1/SET_3/p2p-src-zzh-2025/datasets/冰冻-2025/test_image/2022-06-28_11_11_09.kfb_2231.jpg,200,417,173,244,27,0.4148681055155875,0.865,0.5607779578606159,0,1,10200,2,427,417,5.052216764140599,6.470346282672334,0,10,13,4,0,6,41,197
p2p_proto_fusion_a0p10_best_paraffin_to_frozen,0,1296,/home/data/yh_1/SET_3/p2p-src-zzh-2025/datasets/冰冻-2025/test_image/2022-06-28_11_20_39.kfb_2251.jpg,105,141,82,59,23,0.5815602836879432,0.780952380952381,0.6666666666666666,0,1,10200,4,143,141,4.644656226930508,5.901395309262153,0,20,3,0,0,1,8,50
p2p_proto_fusion_a0p10_best_paraffin_to_frozen,0,1297,/home/data/yh_1/SET_3/p2p-src-zzh-2025/datasets/冰冻-2025/test_image/2022-06-28_11_18_14.kfb_1422.jpg,25,35,14,21,11,0.4,0.56,0.4666666666666667,0,1,10200,5,36,35,3.9507948166445432,4.865639141627716,0,8,3,0,0,0,2,19
p2p_proto_fusion_a0p10_best_paraffin_to_frozen,0,1298,/home/data/yh_1/SET_3/p2p-src-zzh-2025/datasets/冰冻-2025/test_image/2022-06-28_11_20_39.kfb_2531.jpg,246,570,216,354,30,0.37894736842105264,0.8780487804878049,0.5294117647058824,0,1,10200,3,577,570,4.424295750735079,5.624947589856607,0,16,11,3,0,2,48,304
p2p_proto_fusion_a0p10_best_paraffin_to_frozen,0,1299,/home/data/yh_1/SET_3/p2p-src-zzh-2025/datasets/冰冻-2025/test_image/2022-06-28_11_11_09.kfb_1811.jpg,29,60,23,37,6,0.38333333333333336,0.7931034482758621,0.5168539325842697,0,1,10200,6,60,60,5.617574310960321,7.126373062963069,0,4,2,0,0,1,3,33
p2p_proto_fusion_a0p10_best_paraffin_to_frozen,0,1300,/home/data/yh_1/SET_3/p2p-src-zzh-2025/datasets/冰冻-2025/test_image/2022-06-28_11_21_44.kfb_2174.jpg,251,432,178,254,73,0.41203703703703703,0.7091633466135459,0.5212298682284041,0,1,10200,5,436,432,4.907019058549439,6.1872188013591085,0,61,12,0,0,4,33,217
p2p_proto_fusion_a0p10_best_paraffin_to_frozen,0,1301,/home/data/yh_1/SET_3/p2p-src-zzh-2025/datasets/冰冻-2025/test_image/2022-06-28_11_21_44.kfb_884.jpg,375,783,343,440,32,0.438058748403576,0.9146666666666666,0.5924006908462867,0,1,10200,5,792,783,4.603379577316066,5.881142466130827,0,12,15,5,0,7,73,360
p2p_proto_fusion_a0p10_best_paraffin_to_frozen,0,1302,/home/data/yh_1/SET_3/p2p-src-zzh-2025/datasets/冰冻-2025/test_image/2022-06-28_11_21_44.kfb_1265.jpg,257,350,211,139,46,0.6028571428571429,0.8210116731517509,0.6952224052718285,0,1,10200,2,352,350,4.669376683094757,5.975732392044427,0,25,19,2,0,4,36,99
p2p_proto_fusion_a0p10_best_paraffin_to_frozen,0,1303,/home/data/yh_1/SET_3/p2p-src-zzh-2025/datasets/冰冻-2025/test_image/2022-06-28_11_21_44.kfb_803.jpg,306,386,242,144,64,0.6269430051813472,0.7908496732026143,0.6994219653179191,0,1,10200,0,390,386,4.753698255634395,6.107253141639648,0,40,23,1,0,1,33,110
p2p_proto_fusion_a0p10_best_paraffin_to_frozen,0,1304,/home/data/yh_1/SET_3/p2p-src-zzh-2025/datasets/冰冻-2025/test_image/2022-06-28_11_18_14.kfb_1424.jpg,23,30,10,20,13,0.3333333333333333,0.43478260869565216,0.3773584905660377,0,1,10200,26,30,30,4.92495304684368,6.1018201351165935,0,12,1,0,0,0,1,19
p2p_proto_fusion_a0p10_best_paraffin_to_frozen,0,1305,/home/data/yh_1/SET_3/p2p-src-zzh-2025/datasets/冰冻-2025/test_image/2022-06-28_11_11_09.kfb_589.jpg,0,117,0,0,0,0.0,0.0,0.0,1,0,10200,3,118,117,0.0,0.0,0,0,0,0,0,0,0,0
p2p_proto_fusion_a0p10_best_paraffin_to_frozen,0,1306,/home/data/yh_1/SET_3/p2p-src-zzh-2025/datasets/冰冻-2025/test_image/2022-06-28_11_21_44.kfb_1824.jpg,144,292,120,172,24,0.410958904109589,0.8333333333333334,0.5504587155963302,0,1,10200,9,295,292,4.653704443899184,5.890006852149965,0,21,2,1,0,0,20,152
p2p_proto_fusion_a0p10_best_paraffin_to_frozen,0,1307,/home/data/yh_1/SET_3/p2p-src-zzh-2025/datasets/冰冻-2025/test_image/2022-06-28_11_18_14.kfb_894.jpg,67,53,39,14,28,0.7358490566037735,0.582089552238806,0.65,0,1,10200,5,54,53,4.698916683078313,5.880674606714481,0,24,3,1,0,2,2,10
p2p_proto_fusion_a0p10_best_paraffin_to_frozen,0,1308,/home/data/yh_1/SET_3/p2p-src-zzh-2025/datasets/冰冻-2025/test_image/2022-06-28_11_18_14.kfb_978.jpg,67,65,38,27,29,0.5846153846153846,0.5671641791044776,0.5757575757575757,0,1,10200,13,67,65,4.395341450135212,5.443838470860534,0,18,10,1,0,0,8,19
p2p_proto_fusion_a0p10_best_paraffin_to_frozen,0,1309,/home/data/yh_1/SET_3/p2p-src-zzh-2025/datasets/冰冻-2025/test_image/2022-06-28_11_20_39.kfb_1753.jpg,125,270,93,177,32,0.34444444444444444,0.744,0.4708860759493671,0,1,10200,3,271,270,5.711484686025164,7.421677148470312,0,23,9,0,0,0,21,156
p2p_proto_fusion_a0p10_best_paraffin_to_frozen,0,1310,/home/data/yh_1/SET_3/p2p-src-zzh-2025/datasets/冰冻-2025/test_image/2022-06-28_11_21_44.kfb_414.jpg,194,307,154,153,40,0.501628664495114,0.7938144329896907,0.6147704590818363,0,1,10200,8,312,307,5.027757323233415,6.440523607390268,0,27,11,2,0,1,25,127
p2p_proto_fusion_a0p10_best_paraffin_to_frozen,0,1311,/home/data/yh_1/SET_3/p2p-src-zzh-2025/datasets/冰冻-2025/test_image/2022-06-28_11_21_44.kfb_1103.jpg,139,242,117,125,22,0.4834710743801653,0.841726618705036,0.6141732283464567,0,1,10200,5,245,242,4.944455964208555,6.279955181301149,0,14,7,1,0,1,22,102
p2p_proto_fusion_a0p10_best_paraffin_to_frozen,0,1312,/home/data/yh_1/SET_3/p2p-src-zzh-2025/datasets/冰冻-2025/test_image/2022-06-28_11_21_44.kfb_411.jpg,111,165,82,83,29,0.49696969696969695,0.7387387387387387,0.5942028985507246,0,1,10200,6,165,165,4.463307981373243,5.628536416263117,0,28,1,0,0,0,7,76
p2p_proto_fusion_a0p10_best_paraffin_to_frozen,0,1313,/home/data/yh_1/SET_3/p2p-src-zzh-2025/datasets/冰冻-2025/test_image/2022-06-28_11_18_14.kfb_3145.jpg,167,280,133,147,34,0.475,0.7964071856287425,0.5950782997762863,0,1,10200,4,282,280,4.255322847271997,5.386174921702621,0,23,9,2,0,0,25,122
p2p_proto_fusion_a0p10_best_paraffin_to_frozen,0,1314,/home/data/yh_1/SET_3/p2p-src-zzh-2025/datasets/冰冻-2025/test_image/2022-06-28_11_20_39.kfb_1872.jpg,132,307,115,192,17,0.3745928338762215,0.8712121212121212,0.5239179954441914,0,1,10200,0,312,307,4.750122881044464,6.003676994987156,0,8,8,1,0,3,34,155
p2p_proto_fusion_a0p10_best_paraffin_to_frozen,0,1315,/home/data/yh_1/SET_3/p2p-src-zzh-2025/datasets/冰冻-2025/test_image/2022-06-28_11_21_44.kfb_714.jpg,203,355,179,176,24,0.504225352112676,0.8817733990147784,0.6415770609318997,0,1,10200,3,357,355,4.5698401427892845,5.819590851581297,0,21,2,1,0,1,26,149
p2p_proto_fusion_a0p10_best_paraffin_to_frozen,0,1316,/home/data/yh_1/SET_3/p2p-src-zzh-2025/datasets/冰冻-2025/test_image/2022-06-28_11_18_14.kfb_2069.jpg,132,241,107,134,25,0.44398340248962653,0.8106060606060606,0.5737265415549598,0,1,10200,7,242,241,4.4810547091414366,5.784180692423172,0,19,5,1,0,1,17,116
p2p_proto_fusion_a0p10_best_paraffin_to_frozen,0,1317,/home/data/yh_1/SET_3/p2p-src-zzh-2025/datasets/冰冻-2025/test_image/2022-06-28_11_18_14.kfb_1666.jpg,81,150,60,90,21,0.4,0.7407407407407407,0.5194805194805194,0,1,10200,7,151,150,4.437471302247138,5.723958381017053,0,16,5,0,0,0,8,82
p2p_proto_fusion_a0p10_best_paraffin_to_frozen,0,1318,/home/data/yh_1/SET_3/p2p-src-zzh-2025/datasets/冰冻-2025/test_image/2022-06-28_11_20_39.kfb_909.jpg,175,315,151,164,24,0.4793650793650794,0.8628571428571429,0.616326530612245,0,1,10200,1,317,315,4.596240671051474,5.808569456567827,0,14,9,1,0,0,29,135
p2p_proto_fusion_a0p10_best_paraffin_to_frozen,0,1319,/home/data/yh_1/SET_3/p2p-src-zzh-2025/datasets/冰冻-2025/test_image/2022-06-28_11_21_44.kfb_1970.jpg,109,211,83,128,26,0.3933649289099526,0.7614678899082569,0.51875,0,1,10200,8,218,211,4.753569638071842,6.062942812241704,0,14,11,1,0,1,24,103
p2p_proto_fusion_a0p10_best_paraffin_to_frozen,0,1320,/home/data/yh_1/SET_3/p2p-src-zzh-2025/datasets/冰冻-2025/test_image/2022-06-28_11_21_44.kfb_999.jpg,193,318,163,155,30,0.5125786163522013,0.844559585492228,0.6379647749510763,0,1,10200,3,320,318,4.621892132472271,5.868486552150702,0,26,4,0,0,3,18,134
p2p_proto_fusion_a0p10_best_paraffin_to_frozen,0,1321,/home/data/yh_1/SET_3/p2p-src-zzh-2025/datasets/冰冻-2025/test_image/2022-06-28_11_21_44.kfb_1586.jpg,134,321,118,203,16,0.367601246105919,0.8805970149253731,0.5186813186813187,0,1,10200,2,322,321,4.812681726097097,6.111470610408461,0,12,4,0,0,0,19,184
p2p_proto_fusion_a0p10_best_paraffin_to_frozen,0,1322,/home/data/yh_1/SET_3/p2p-src-zzh-2025/datasets/冰冻-2025/test_image/2022-06-28_11_11_09.kfb_780.jpg,0,332,0,0,0,0.0,0.0,0.0,1,0,10200,3,332,332,0.0,0.0,0,0,0,0,0,0,0,0
p2p_proto_fusion_a0p10_best_paraffin_to_frozen,0,1323,/home/data/yh_1/SET_3/p2p-src-zzh-2025/datasets/冰冻-2025/test_image/2022-06-28_11_20_39.kfb_3153.jpg,51,217,48,169,3,0.22119815668202766,0.9411764705882353,0.35820895522388063,0,1,10200,5,220,217,4.371406541552044,5.617433627446491,0,2,1,0,0,0,12,157
p2p_proto_fusion_a0p10_best_paraffin_to_frozen,0,1324,/home/data/yh_1/SET_3/p2p-src-zzh-2025/datasets/冰冻-2025/test_image/2022-06-28_11_18_14.kfb_2071.jpg,87,143,67,76,20,0.46853146853146854,0.7701149425287356,0.5826086956521739,0,1,10200,5,144,143,4.274757212350325,5.4832282137515005,0,14,6,0,0,0,9,67
p2p_proto_fusion_a0p10_best_paraffin_to_frozen,0,1325,/home/data/yh_1/SET_3/p2p-src-zzh-2025/datasets/冰冻-2025/test_image/2022-06-28_11_21_44.kfb_1722.jpg,240,417,196,221,44,0.47002398081534774,0.8166666666666667,0.5966514459665145,0,1,10200,2,422,417,4.581168492166752,5.857439916961047,0,32,10,2,0,2,34,185
p2p_proto_fusion_a0p10_best_paraffin_to_frozen,0,1326,/home/data/yh_1/SET_3/p2p-src-zzh-2025/datasets/冰冻-2025/test_image/2022-06-28_11_20_39.kfb_2018.jpg,42,70,34,36,8,0.4857142857142857,0.8095238095238095,0.6071428571428571,0,1,10200,5,70,70,4.175193064963013,5.415127487743604,0,8,0,0,0,0,0,36
p2p_proto_fusion_a0p10_best_paraffin_to_frozen,0,1327,/home/data/yh_1/SET_3/p2p-src-zzh-2025/datasets/冰冻-2025/test_image/2022-06-28_11_20_39.kfb_1827.jpg,88,126,60,66,28,0.47619047619047616,0.6818181818181818,0.5607476635514018,0,1,10200,10,126,126,5.059862763187543,6.494557007153834,0,25,3,0,0,2,7,57
p2p_proto_fusion_a0p10_best_paraffin_to_frozen,0,1328,/home/data/yh_1/SET_3/p2p-src-zzh-2025/datasets/冰冻-2025/test_image/2022-06-28_11_20_39.kfb_3168.jpg,237,683,227,456,10,0.3323572474377745,0.9578059071729957,0.49347826086956526,0,1,10200,3,690,683,4.449570688503865,5.634239751336861,0,6,2,2,0,4,54,398
p2p_proto_fusion_a0p10_best_paraffin_to_frozen,0,1329,/home/data/yh_1/SET_3/p2p-src-zzh-2025/datasets/冰冻-2025/test_image/2022-06-28_11_21_44.kfb_1393.jpg,110,128,69,59,41,0.5390625,0.6272727272727273,0.5798319327731092,0,1,10200,12,129,128,4.760922748952546,6.070908553358434,0,36,4,1,0,0,12,47
p2p_proto_fusion_a0p10_best_paraffin_to_frozen,0,1330,/home/data/yh_1/SET_3/p2p-src-zzh-2025/datasets/冰冻-2025/test_image/2022-06-28_11_20_39.kfb_2409.jpg,42,66,28,38,14,0.42424242424242425,0.6666666666666666,0.5185185185185185,0,1,10200,5,66,66,4.532161776851179,5.7868142468588735,0,12,2,0,0,0,2,36
p2p_proto_fusion_a0p10_best_paraffin_to_frozen,0,1331,/home/data/yh_1/SET_3/p2p-src-zzh-2025/datasets/冰冻-2025/test_image/2022-06-28_11_20_39.kfb_1162.jpg,57,79,38,41,19,0.4810126582278481,0.6666666666666666,0.5588235294117647,0,1,10200,5,80,79,4.409463134508272,5.609032944629073,0,17,2,0,0,0,5,36
p2p_proto_fusion_a0p10_best_paraffin_to_frozen,0,1332,/home/data/yh_1/SET_3/p2p-src-zzh-2025/datasets/冰冻-2025/test_image/2022-06-28_11_18_14.kfb_622.jpg,10,24,7,17,3,0.2916666666666667,0.7,0.4117647058823529,0,1,10200,19,24,24,3.214478784819719,4.249986921037951,0,2,1,0,0,0,0,17
p2p_proto_fusion_a0p10_best_paraffin_to_frozen,0,1333,/home/data/yh_1/SET_3/p2p-src-zzh-2025/datasets/冰冻-2025/test_image/2022-06-28_11_20_39.kfb_2923.jpg,210,481,189,292,21,0.39293139293139295,0.9,0.5470332850940666,0,1,10200,3,482,481,4.425109972561629,5.644893054608945,0,10,7,4,0,0,30,262
p2p_proto_fusion_a0p10_best_paraffin_to_frozen,0,1334,/home/data/yh_1/SET_3/p2p-src-zzh-2025/datasets/冰冻-2025/test_image/2022-06-28_11_20_39.kfb_2769.jpg,368,684,323,361,45,0.4722222222222222,0.8777173913043478,0.6140684410646388,0,1,10200,0,692,684,4.727580405771509,6.020868799265695,0,22,17,6,0,6,82,273
p2p_proto_fusion_a0p10_best_paraffin_to_frozen,0,1335,/home/data/yh_1/SET_3/p2p-src-zzh-2025/datasets/冰冻-2025/test_image/2022-06-28_11_12_06.kfb_2488.jpg,0,347,0,0,0,0.0,0.0,0.0,1,0,10200,1,352,347,0.0,0.0,0,0,0,0,0,0,0,0
p2p_proto_fusion_a0p10_best_paraffin_to_frozen,0,1336,/home/data/yh_1/SET_3/p2p-src-zzh-2025/datasets/冰冻-2025/test_image/2022-06-28_11_11_09.kfb_504.jpg,0,225,0,0,0,0.0,0.0,0.0,1,0,10200,3,227,225,0.0,0.0,0,0,0,0,0,0,0,0
p2p_proto_fusion_a0p10_best_paraffin_to_frozen,0,1337,/home/data/yh_1/SET_3/p2p-src-zzh-2025/datasets/冰冻-2025/test_image/2022-06-28_11_21_44.kfb_185.jpg,269,310,195,115,74,0.6290322580645161,0.724907063197026,0.6735751295336787,0,1,10200,6,312,310,4.746580614840231,6.025949189601801,0,56,15,3,0,3,14,98
p2p_proto_fusion_a0p10_best_paraffin_to_frozen,0,1338,/home/data/yh_1/SET_3/p2p-src-zzh-2025/datasets/冰冻-2025/test_image/2022-06-28_11_21_44.kfb_1390.jpg,124,208,98,110,26,0.47115384615384615,0.7903225806451613,0.5903614457831325,0,1,10200,9,210,208,4.673529676971692,5.84586028176911,0,20,5,1,0,2,6,102
p2p_proto_fusion_a0p10_best_paraffin_to_frozen,0,1339,/home/data/yh_1/SET_3/p2p-src-zzh-2025/datasets/冰冻-2025/test_image/2022-06-28_11_20_39.kfb_1708.jpg,256,660,229,431,27,0.346969696969697,0.89453125,0.5,0,1,10200,2,669,660,4.429047622565801,5.663637470470246,0,8,15,4,0,2,68,361
p2p_proto_fusion_a0p10_best_paraffin_to_frozen,0,1340,/home/data/yh_1/SET_3/p2p-src-zzh-2025/datasets/冰冻-2025/test_image/2022-06-28_11_21_44.kfb_2163.jpg,82,121,45,76,37,0.371900826446281,0.5487804878048781,0.4433497536945813,0,1,10200,4,122,121,4.902478401276524,6.163136694166398,0,29,7,1,0,1,5,70
p2p_proto_fusion_a0p10_best_paraffin_to_frozen,0,1341,/home/data/yh_1/SET_3/p2p-src-zzh-2025/datasets/冰冻-2025/test_image/2022-06-28_11_21_44.kfb_523.jpg,332,512,277,235,55,0.541015625,0.8343373493975904,0.6563981042654028,0,1,10200,2,514,512,5.112902401768187,6.510800896999208,0,33,18,4,0,2,29,204
p2p_proto_fusion_a0p10_best_paraffin_to_frozen,0,1342,/home/data/yh_1/SET_3/p2p-src-zzh-2025/datasets/冰冻-2025/test_image/2022-06-28_11_20_39.kfb_2496.jpg,15,32,9,23,6,0.28125,0.6,0.3829787234042553,0,1,10200,16,32,32,3.9196310238096013,4.843335893419069,0,4,2,0,0,0,2,21
p2p_proto_fusion_a0p10_best_paraffin_to_frozen,0,1343,/home/data/yh_1/SET_3/p2p-src-zzh-2025/datasets/冰冻-2025/test_image/2022-06-28_11_21_44.kfb_1339.jpg,95,111,62,49,33,0.5585585585585585,0.6526315789473685,0.6019417475728156,0,1,10200,6,113,111,4.635390865314924,5.9742533391521855,0,28,4,1,0,0,10,39
p2p_proto_fusion_a0p10_best_paraffin_to_frozen,0,1344,/home/data/yh_1/SET_3/p2p-src-zzh-2025/datasets/冰冻-2025/test_image/2022-06-28_11_11_09.kfb_924.jpg,243,419,203,216,40,0.48448687350835323,0.8353909465020576,0.6132930513595166,0,1,10200,1,425,419,4.7262482292300465,5.928615692213837,0,24,11,5,0,1,28,187
p2p_proto_fusion_a0p10_best_paraffin_to_frozen,0,1345,/home/data/yh_1/SET_3/p2p-src-zzh-2025/datasets/冰冻-2025/test_image/2022-06-28_11_18_14.kfb_372.jpg,8,10,6,4,2,0.6,0.75,0.6666666666666665,0,1,10200,13,10,10,5.729745185572038,7.328533172607415,0,2,0,0,0,0,0,4
p2p_proto_fusion_a0p10_best_paraffin_to_frozen,0,1346,/home/data/yh_1/SET_3/p2p-src-zzh-2025/datasets/冰冻-2025/test_image/2022-06-28_11_21_44.kfb_1452.jpg,131,214,97,117,34,0.4532710280373832,0.7404580152671756,0.5623188405797102,0,1,10200,1,216,214,5.677791972617566,7.125200025814091,0,26,7,1,0,1,13,103
p2p_proto_fusion_a0p10_best_paraffin_to_frozen,0,1347,/home/data/yh_1/SET_3/p2p-src-zzh-2025/datasets/冰冻-2025/test_image/2022-06-28_11_11_09.kfb_2199.jpg,14,34,10,24,4,0.29411764705882354,0.7142857142857143,0.4166666666666667,0,1,10200,12,34,34,3.4841723409745975,4.487363052368174,0,3,1,0,0,0,1,23
p2p_proto_fusion_a0p10_best_paraffin_to_frozen,0,1348,/home/data/yh_1/SET_3/p2p-src-zzh-2025/datasets/冰冻-2025/test_image/2022-06-28_11_11_09.kfb_2083.jpg,375,505,296,209,79,0.5861386138613861,0.7893333333333333,0.6727272727272727,0,1,10200,2,510,505,5.271139645046813,6.744213807421763,0,51,24,4,0,4,47,158
p2p_proto_fusion_a0p10_best_paraffin_to_frozen,0,1349,/home/data/yh_1/SET_3/p2p-src-zzh-2025/datasets/冰冻-2025/test_image/2022-06-28_11_18_14.kfb_1862.jpg,35,52,29,23,6,0.5576923076923077,0.8285714285714286,0.6666666666666667,0,1,10200,20,55,52,5.023914871106052,6.389342899980223,0,6,0,0,0,0,1,22
p2p_proto_fusion_a0p10_best_paraffin_to_frozen,0,1350,/home/data/yh_1/SET_3/p2p-src-zzh-2025/datasets/冰冻-2025/test_image/2022-06-28_11_11_09.kfb_721.jpg,260,338,186,152,74,0.5502958579881657,0.7153846153846154,0.6220735785953178,0,1,10200,2,343,338,5.135784679477609,6.469317318290791,0,52,21,1,0,0,28,124
p2p_proto_fusion_a0p10_best_paraffin_to_frozen,0,1351,/home/data/yh_1/SET_3/p2p-src-zzh-2025/datasets/冰冻-2025/test_image/2022-06-28_11_21_44.kfb_2312.jpg,211,313,165,148,46,0.5271565495207667,0.7819905213270142,0.6297709923664122,0,1,10200,2,316,313,4.587899680881997,5.799206522107362,0,32,14,0,0,0,21,127
p2p_proto_fusion_a0p10_best_paraffin_to_frozen,0,1352,/home/data/yh_1/SET_3/p2p-src-zzh-2025/datasets/冰冻-2025/test_image/2022-06-28_11_21_44.kfb_1153.jpg,466,757,406,351,60,0.5363276089828269,0.871244635193133,0.6639411283728536,0,1,10200,4,771,757,4.879307064380765,6.256374725567296,0,34,19,7,0,2,75,274
p2p_proto_fusion_a0p10_best_paraffin_to_frozen,0,1353,/home/data/yh_1/SET_3/p2p-src-zzh-2025/datasets/冰冻-2025/test_image/2022-06-28_11_18_14.kfb_875.jpg,13,37,8,29,5,0.21621621621621623,0.6153846153846154,0.32,0,1,10200,8,37,37,2.7586041455962738,3.615354299545281,0,5,0,0,0,0,2,27
p2p_proto_fusion_a0p10_best_paraffin_to_frozen,0,1354,/home/data/yh_1/SET_3/p2p-src-zzh-2025/datasets/冰冻-2025/test_image/2022-06-28_11_12_06.kfb_1724.jpg,0,362,0,0,0,0.0,0.0,0.0,1,0,10200,0,364,362,0.0,0.0,0,0,0,0,0,0,0,0
p2p_proto_fusion_a0p10_best_paraffin_to_frozen,0,1355,/home/data/yh_1/SET_3/p2p-src-zzh-2025/datasets/冰冻-2025/test_image/2022-06-28_11_20_39.kfb_1133.jpg,79,152,62,90,17,0.40789473684210525,0.7848101265822784,0.5367965367965367,0,1,10200,2,155,152,4.713996604624261,6.176998515282909,0,13,4,0,0,1,17,72
p2p_proto_fusion_a0p10_best_paraffin_to_frozen,0,1356,/home/data/yh_1/SET_3/p2p-src-zzh-2025/datasets/冰冻-2025/test_image/2022-06-28_11_21_44.kfb_1445.jpg,151,223,117,106,34,0.5246636771300448,0.7748344370860927,0.6256684491978609,0,1,10200,14,227,223,4.567175970447844,5.7786520729717035,0,24,9,1,0,0,22,84
p2p_proto_fusion_a0p10_best_paraffin_to_frozen,0,1357,/home/data/yh_1/SET_3/p2p-src-zzh-2025/datasets/冰冻-2025/test_image/2022-06-28_11_20_39.kfb_2843.jpg,182,425,157,268,25,0.36941176470588233,0.8626373626373627,0.5172981878088961,0,1,10200,5,428,425,4.693473675218331,5.899443757002519,0,18,7,0,0,0,40,228
p2p_proto_fusion_a0p10_best_paraffin_to_frozen,0,1358,/home/data/yh_1/SET_3/p2p-src-zzh-2025/datasets/冰冻-2025/test_image/2022-06-28_11_20_39.kfb_555.jpg,174,268,148,120,26,0.5522388059701493,0.8505747126436781,0.669683257918552,0,1,10200,3,271,268,4.151216226006906,5.310835338927607,0,20,5,1,0,0,13,107
p2p_proto_fusion_a0p10_best_paraffin_to_frozen,0,1359,/home/data/yh_1/SET_3/p2p-src-zzh-2025/datasets/冰冻-2025/test_image/2022-06-28_11_18_14.kfb_1134.jpg,38,50,21,29,17,0.42,0.5526315789473685,0.4772727272727273,0,1,10200,2,50,50,4.567754555760964,5.7789567311604815,0,13,4,0,0,0,3,26
p2p_proto_fusion_a0p10_best_paraffin_to_frozen,0,1360,/home/data/yh_1/SET_3/p2p-src-zzh-2025/datasets/冰冻-2025/test_image/2022-06-28_11_21_44.kfb_2089.jpg,102,137,62,75,40,0.45255474452554745,0.6078431372549019,0.5188284518828451,0,1,10200,11,137,137,4.516647950649038,5.760327869845972,0,31,6,3,0,1,10,64
p2p_proto_fusion_a0p10_best_paraffin_to_frozen,0,1361,/home/data/yh_1/SET_3/p2p-src-zzh-2025/datasets/冰冻-2025/test_image/2022-06-28_11_12_06.kfb_776.jpg,0,387,0,0,0,0.0,0.0,0.0,1,0,10200,2,390,387,0.0,0.0,0,0,0,0,0,0,0,0
p2p_proto_fusion_a0p10_best_paraffin_to_frozen,0,1362,/home/data/yh_1/SET_3/p2p-src-zzh-2025/datasets/冰冻-2025/test_image/2022-06-28_11_20_39.kfb_3169.jpg,192,381,157,224,35,0.4120734908136483,0.8177083333333334,0.5479930191972077,0,1,10200,2,383,381,4.519391396876798,5.754725017365376,0,24,9,2,0,3,20,201
p2p_proto_fusion_a0p10_best_paraffin_to_frozen,0,1363,/home/data/yh_1/SET_3/p2p-src-zzh-2025/datasets/冰冻-2025/test_image/2022-06-28_11_21_44.kfb_1608.jpg,88,126,51,75,37,0.40476190476190477,0.5795454545454546,0.47663551401869164,0,1,10200,4,129,126,5.551699180951301,7.242621945399865,0,31,6,0,0,0,9,66
p2p_proto_fusion_a0p10_best_paraffin_to_frozen,0,1364,/home/data/yh_1/SET_3/p2p-src-zzh-2025/datasets/冰冻-2025/test_image/2022-06-28_11_20_39.kfb_1962.jpg,445,684,370,314,75,0.5409356725146199,0.8314606741573034,0.6554472984942428,0,1,10200,3,688,684,4.482931476158716,5.74057608810631,0,42,29,4,0,2,86,226
p2p_proto_fusion_a0p10_best_paraffin_to_frozen,0,1365,/home/data/yh_1/SET_3/p2p-src-zzh-2025/datasets/冰冻-2025/test_image/2022-06-28_11_20_39.kfb_1052.jpg,139,390,129,261,10,0.33076923076923076,0.9280575539568345,0.48771266540642727,0,1,10200,3,393,390,4.326527257492283,5.6239067454670755,0,8,2,0,0,2,31,228
p2p_proto_fusion_a0p10_best_paraffin_to_frozen,0,1366,/home/data/yh_1/SET_3/p2p-src-zzh-2025/datasets/冰冻-2025/test_image/2022-06-28_11_18_14.kfb_1209.jpg,55,61,36,25,19,0.5901639344262295,0.6545454545454545,0.6206896551724138,0,1,10200,3,61,61,4.487260064253407,5.726601388719337,0,16,3,0,0,0,5,20
p2p_proto_fusion_a0p10_best_paraffin_to_frozen,0,1367,/home/data/yh_1/SET_3/p2p-src-zzh-2025/datasets/冰冻-2025/test_image/2022-06-28_11_18_14.kfb_3148.jpg,105,166,79,87,26,0.4759036144578313,0.7523809523809524,0.5830258302583026,0,1,10200,3,169,166,3.906567533214499,5.053395567061026,0,20,5,1,0,0,11,76
p2p_proto_fusion_a0p10_best_paraffin_to_frozen,0,1368,/home/data/yh_1/SET_3/p2p-src-zzh-2025/datasets/冰冻-2025/test_image/2022-06-28_11_11_09.kfb_2602.jpg,186,169,119,50,67,0.7041420118343196,0.6397849462365591,0.6704225352112676,0,1,10200,2,169,169,5.191878937736569,6.6637154306684225,0,58,8,1,0,1,5,44
p2p_proto_fusion_a0p10_best_paraffin_to_frozen,0,1369,/home/data/yh_1/SET_3/p2p-src-zzh-2025/datasets/冰冻-2025/test_image/2022-06-28_11_18_14.kfb_2192.jpg,55,88,36,52,19,0.4090909090909091,0.6545454545454545,0.5034965034965035,0,1,10200,14,89,88,4.292245413903176,5.464129130045567,0,17,2,0,0,0,2,50
p2p_proto_fusion_a0p10_best_paraffin_to_frozen,0,1370,/home/data/yh_1/SET_3/p2p-src-zzh-2025/datasets/冰冻-2025/test_image/2022-06-28_11_21_44.kfb_1416.jpg,60,66,38,28,22,0.5757575757575758,0.6333333333333333,0.6031746031746033,0,1,10200,4,66,66,4.203743428284906,5.426013193632416,0,20,1,1,0,0,3,25
p2p_proto_fusion_a0p10_best_paraffin_to_frozen,0,1371,/home/data/yh_1/SET_3/p2p-src-zzh-2025/datasets/冰冻-2025/test_image/2022-06-28_11_21_44.kfb_981.jpg,161,259,125,134,36,0.4826254826254826,0.7763975155279503,0.5952380952380952,0,1,10200,8,262,259,4.7137459932428,6.010925754547116,0,27,9,0,0,3,26,105
p2p_proto_fusion_a0p10_best_paraffin_to_frozen,0,1372,/home/data/yh_1/SET_3/p2p-src-zzh-2025/datasets/冰冻-2025/test_image/2022-06-28_11_20_39.kfb_2265.jpg,2,47,1,46,1,0.02127659574468085,0.5,0.04081632653061224,0,1,10200,7,49,47,3.424357595480585,3.518211364746122,0,1,0,0,0,0,1,45
p2p_proto_fusion_a0p10_best_paraffin_to_frozen,0,1373,/home/data/yh_1/SET_3/p2p-src-zzh-2025/datasets/冰冻-2025/test_image/2022-06-28_11_18_14.kfb_1830.jpg,65,83,40,43,25,0.4819277108433735,0.6153846153846154,0.5405405405405406,0,1,10200,11,84,83,4.109516932759403,5.279935836791988,0,19,5,1,0,0,2,41
p2p_proto_fusion_a0p10_best_paraffin_to_frozen,0,1374,/home/data/yh_1/SET_3/p2p-src-zzh-2025/datasets/冰冻-2025/test_image/2022-06-28_11_11_09.kfb_2230.jpg,229,361,177,184,52,0.4903047091412742,0.7729257641921398,0.6000000000000001,0,1,10200,2,362,361,5.033221311706216,6.321181083129623,0,33,17,2,0,1,27,156
p2p_proto_fusion_a0p10_best_paraffin_to_frozen,0,1375,/home/data/yh_1/SET_3/p2p-src-zzh-2025/datasets/冰冻-2025/test_image/2022-06-28_11_18_14.kfb_2030.jpg,115,208,98,110,17,0.47115384615384615,0.8521739130434782,0.6068111455108358,0,1,10200,6,212,208,4.320500342259006,5.510294885051493,0,16,1,0,0,0,12,98
p2p_proto_fusion_a0p10_best_paraffin_to_frozen,0,1376,/home/data/yh_1/SET_3/p2p-src-zzh-2025/datasets/冰冻-2025/test_image/2022-06-28_11_21_44.kfb_1750.jpg,250,364,213,151,37,0.5851648351648352,0.852,0.6938110749185668,0,1,10200,6,368,364,4.690431338774595,5.8673061485021885,0,25,9,3,0,0,18,133
p2p_proto_fusion_a0p10_best_paraffin_to_frozen,0,1377,/home/data/yh_1/SET_3/p2p-src-zzh-2025/datasets/冰冻-2025/test_image/2022-06-28_11_21_44.kfb_1731.jpg,162,289,130,159,32,0.44982698961937717,0.8024691358024691,0.5764966740576496,0,1,10200,6,292,289,4.433609028694062,5.6406229019165055,0,20,11,1,0,4,27,128
p2p_proto_fusion_a0p10_best_paraffin_to_frozen,0,1378,/home/data/yh_1/SET_3/p2p-src-zzh-2025/datasets/冰冻-2025/test_image/2022-06-28_11_20_39.kfb_2417.jpg,73,114,53,61,20,0.4649122807017544,0.726027397260274,0.5668449197860962,0,1,10200,9,115,114,4.528893426327348,5.82921023638743,0,17,2,1,0,0,8,53
p2p_proto_fusion_a0p10_best_paraffin_to_frozen,0,1379,/home/data/yh_1/SET_3/p2p-src-zzh-2025/datasets/冰冻-2025/test_image/2022-06-28_11_20_39.kfb_3147.jpg,148,505,138,367,10,0.2732673267326733,0.9324324324324325,0.42266462480857586,0,1,10200,4,508,505,4.975375478974406,6.388788527336674,0,4,5,1,0,4,38,325
p2p_proto_fusion_a0p10_best_paraffin_to_frozen,0,1380,/home/data/yh_1/SET_3/p2p-src-zzh-2025/datasets/冰冻-2025/test_image/2022-06-28_11_20_39.kfb_2896.jpg,66,146,53,93,13,0.363013698630137,0.803030303030303,0.4999999999999999,0,1,10200,2,147,146,4.717137840271302,6.091625456540094,0,10,3,0,0,1,3,89
p2p_proto_fusion_a0p10_best_paraffin_to_frozen,0,1381,/home/data/yh_1/SET_3/p2p-src-zzh-2025/datasets/冰冻-2025/test_image/2022-06-28_11_18_14.kfb_1011.jpg,65,60,41,19,24,0.6833333333333333,0.6307692307692307,0.6559999999999999,0,1,10200,7,60,60,3.7501607861995074,4.53319793794213,0,21,3,0,0,0,6,13
p2p_proto_fusion_a0p10_best_paraffin_to_frozen,0,1382,/home/data/yh_1/SET_3/p2p-src-zzh-2025/datasets/冰冻-2025/test_image/2022-06-28_11_20_39.kfb_2250.jpg,170,256,139,117,31,0.54296875,0.8176470588235294,0.6525821596244131,0,1,10200,9,257,256,4.739519573044051,6.063233094249698,0,24,6,1,0,1,15,101
p2p_proto_fusion_a0p10_best_paraffin_to_frozen,0,1383,/home/data/yh_1/SET_3/p2p-src-zzh-2025/datasets/冰冻-2025/test_image/2022-06-28_11_18_14.kfb_2896.jpg,67,80,46,34,21,0.575,0.6865671641791045,0.6258503401360543,0,1,10200,3,80,80,3.9984416926477153,5.14224359263544,0,16,4,1,0,0,8,26
p2p_proto_fusion_a0p10_best_paraffin_to_frozen,0,1384,/home/data/yh_1/SET_3/p2p-src-zzh-2025/datasets/冰冻-2025/test_image/2022-06-28_11_18_14.kfb_308.jpg,76,75,44,31,32,0.5866666666666667,0.5789473684210527,0.5827814569536424,0,1,10200,2,77,75,4.788343452726488,6.165009899572893,0,21,10,1,0,1,8,22
p2p_proto_fusion_a0p10_best_paraffin_to_frozen,0,1385,/home/data/yh_1/SET_3/p2p-src-zzh-2025/datasets/冰冻-2025/test_image/2022-06-28_11_21_44.kfb_1614.jpg,109,213,92,121,17,0.431924882629108,0.8440366972477065,0.5714285714285714,0,1,10200,7,215,213,4.231405231956751,5.348065511040065,0,13,4,0,0,0,16,105
p2p_proto_fusion_a0p10_best_paraffin_to_frozen,0,1386,/home/data/yh_1/SET_3/p2p-src-zzh-2025/datasets/冰冻-2025/test_image/2022-06-28_11_20_39.kfb_1601.jpg,347,573,313,260,34,0.5462478184991274,0.9020172910662824,0.6804347826086956,0,1,10200,4,581,573,4.773053208091474,6.045382916356049,0,21,12,1,0,6,64,190
p2p_proto_fusion_a0p10_best_paraffin_to_frozen,0,1387,/home/data/yh_1/SET_3/p2p-src-zzh-2025/datasets/冰冻-2025/test_image/2022-06-28_11_21_44.kfb_1412.jpg,239,409,200,209,39,0.4889975550122249,0.8368200836820083,0.6172839506172839,0,1,10200,1,412,409,4.809685634521416,6.139731535911563,0,28,9,2,0,0,33,176
p2p_proto_fusion_a0p10_best_paraffin_to_frozen,0,1388,/home/data/yh_1/SET_3/p2p-src-zzh-2025/datasets/冰冻-2025/test_image/2022-06-28_11_21_44.kfb_199.jpg,313,374,247,127,66,0.660427807486631,0.7891373801916933,0.7190684133915575,0,1,10200,0,376,374,4.594024534420111,5.889784899800414,0,51,14,1,0,0,22,105
p2p_proto_fusion_a0p10_best_paraffin_to_frozen,0,1389,/home/data/yh_1/SET_3/p2p-src-zzh-2025/datasets/冰冻-2025/test_image/2022-06-28_11_21_44.kfb_1709.jpg,168,125,74,51,94,0.592,0.44047619047619047,0.5051194539249148,0,1,10200,4,128,125,5.166544304269293,6.654923590453902,0,85,8,1,0,0,6,45
p2p_proto_fusion_a0p10_best_paraffin_to_frozen,0,1390,/home/data/yh_1/SET_3/p2p-src-zzh-2025/datasets/冰冻-2025/test_image/2022-06-28_11_20_39.kfb_517.jpg,65,126,48,78,17,0.38095238095238093,0.7384615384615385,0.5026178010471204,0,1,10200,5,127,126,4.83883317472443,6.18664680918058,0,15,1,1,0,0,7,71
p2p_proto_fusion_a0p10_best_paraffin_to_frozen,0,1391,/home/data/yh_1/SET_3/p2p-src-zzh-2025/datasets/冰冻-2025/test_image/2022-06-28_11_20_39.kfb_1139.jpg,276,505,235,270,41,0.46534653465346537,0.8514492753623188,0.6017925736235596,0,1,10200,2,506,505,5.123255414125487,6.528009988906535,0,22,13,6,0,0,41,229
p2p_proto_fusion_a0p10_best_paraffin_to_frozen,0,1392,/home/data/yh_1/SET_3/p2p-src-zzh-2025/datasets/冰冻-2025/test_image/2022-06-28_11_20_39.kfb_3323.jpg,95,274,87,187,8,0.3175182481751825,0.9157894736842105,0.4715447154471544,0,1,10200,4,277,274,4.48988768920031,5.76564445714841,0,2,3,3,0,0,26,161
p2p_proto_fusion_a0p10_best_paraffin_to_frozen,0,1393,/home/data/yh_1/SET_3/p2p-src-zzh-2025/datasets/冰冻-2025/test_image/2022-06-28_11_18_14.kfb_3391.jpg,117,230,92,138,25,0.4,0.7863247863247863,0.5302593659942363,0,1,10200,5,233,230,4.506478534287623,5.729484874269237,0,20,5,0,0,1,8,129
p2p_proto_fusion_a0p10_best_paraffin_to_frozen,0,1394,/home/data/yh_1/SET_3/p2p-src-zzh-2025/datasets/冰冻-2025/test_image/2022-06-28_11_21_44.kfb_282.jpg,322,513,271,242,51,0.5282651072124757,0.8416149068322981,0.6491017964071857,0,1,10200,2,516,513,4.924318248899161,6.148627279429419,0,26,21,4,0,3,44,195
p2p_proto_fusion_a0p10_best_paraffin_to_frozen,0,1395,/home/data/yh_1/SET_3/p2p-src-zzh-2025/datasets/冰冻-2025/test_image/2022-06-28_11_18_14.kfb_2234.jpg,86,130,69,61,17,0.5307692307692308,0.8023255813953488,0.638888888888889,0,1,10200,6,133,130,3.9155465055430776,5.0329225927159404,0,15,2,0,0,0,10,51
p2p_proto_fusion_a0p10_best_paraffin_to_frozen,0,1396,/home/data/yh_1/SET_3/p2p-src-zzh-2025/datasets/冰冻-2025/test_image/2022-06-28_11_21_44.kfb_327.jpg,119,206,93,113,26,0.45145631067961167,0.7815126050420168,0.5723076923076924,0,1,10200,9,209,206,4.852774392142158,6.117595455979786,0,23,3,0,0,2,10,101
p2p_proto_fusion_a0p10_best_paraffin_to_frozen,0,1397,/home/data/yh_1/SET_3/p2p-src-zzh-2025/datasets/冰冻-2025/test_image/2022-06-28_11_21_44.kfb_2164.jpg,110,267,88,179,22,0.3295880149812734,0.8,0.46684350132625996,0,1,10200,5,267,267,5.083206561004721,6.428569636561654,0,16,6,0,0,1,20,158
p2p_proto_fusion_a0p10_best_paraffin_to_frozen,0,1398,/home/data/yh_1/SET_3/p2p-src-zzh-2025/datasets/冰冻-2025/test_image/2022-06-28_11_21_44.kfb_511.jpg,105,145,73,72,32,0.503448275862069,0.6952380952380952,0.5839999999999999,0,1,10200,12,145,145,4.655463389258185,5.9227080541114265,0,28,4,0,0,1,10,61
p2p_proto_fusion_a0p10_best_paraffin_to_frozen,0,1399,/home/data/yh_1/SET_3/p2p-src-zzh-2025/datasets/冰冻-2025/test_image/2022-06-28_11_20_39.kfb_1957.jpg,134,279,109,170,25,0.3906810035842294,0.8134328358208955,0.5278450363196125,0,1,10200,9,286,279,4.514412419439965,5.739797329683919,0,16,7,2,0,1,21,148
p2p_proto_fusion_a0p10_best_paraffin_to_frozen,0,1400,/home/data/yh_1/SET_3/p2p-src-zzh-2025/datasets/冰冻-2025/test_image/2022-06-28_11_21_44.kfb_923.jpg,119,184,92,92,27,0.5,0.773109243697479,0.6072607260726073,0,1,10200,5,186,184,4.849674198314282,6.248911867971002,0,23,4,0,0,0,9,83
p2p_proto_fusion_a0p10_best_paraffin_to_frozen,0,1401,/home/data/yh_1/SET_3/p2p-src-zzh-2025/datasets/冰冻-2025/test_image/2022-06-28_11_21_44.kfb_807.jpg,565,706,472,234,93,0.6685552407932012,0.8353982300884956,0.7427222659323367,0,1,10200,3,715,706,4.7125564972782605,6.064213569891655,0,51,35,7,0,1,71,162
p2p_proto_fusion_a0p10_best_paraffin_to_frozen,0,1402,/home/data/yh_1/SET_3/p2p-src-zzh-2025/datasets/冰冻-2025/test_image/2022-06-28_11_21_44.kfb_1066.jpg,159,242,132,110,27,0.5454545454545454,0.8301886792452831,0.6583541147132169,0,1,10200,11,245,242,4.54085823175105,5.7026978044798895,0,18,8,1,0,1,26,83
p2p_proto_fusion_a0p10_best_paraffin_to_frozen,0,1403,/home/data/yh_1/SET_3/p2p-src-zzh-2025/datasets/冰冻-2025/test_image/2022-06-28_11_11_09.kfb_1399.jpg,116,351,109,242,7,0.31054131054131057,0.9396551724137931,0.4668094218415417,0,1,10200,4,355,351,4.932350082848656,6.194286687658466,0,2,4,1,0,3,18,221
p2p_proto_fusion_a0p10_best_paraffin_to_frozen,0,1404,/home/data/yh_1/SET_3/p2p-src-zzh-2025/datasets/冰冻-2025/test_image/2022-06-28_11_21_44.kfb_249.jpg,203,262,148,114,55,0.5648854961832062,0.729064039408867,0.6365591397849463,0,1,10200,2,264,262,4.3579051444419195,5.676533099767327,0,44,10,1,0,2,15,97
p2p_proto_fusion_a0p10_best_paraffin_to_frozen,0,1405,/home/data/yh_1/SET_3/p2p-src-zzh-2025/datasets/冰冻-2025/test_image/2022-06-28_11_20_39.kfb_1410.jpg,28,39,15,24,13,0.38461538461538464,0.5357142857142857,0.44776119402985076,0,1,10200,4,39,39,4.348530492221538,5.453269831339514,0,12,1,0,0,0,1,23
p2p_proto_fusion_a0p10_best_paraffin_to_frozen,0,1406,/home/data/yh_1/SET_3/p2p-src-zzh-2025/datasets/冰冻-2025/test_image/2022-06-28_11_21_44.kfb_1524.jpg,130,233,109,124,21,0.4678111587982833,0.8384615384615385,0.6005509641873279,0,1,10200,9,235,233,4.4781638484748285,5.700558185577394,0,16,4,1,0,1,13,110
p2p_proto_fusion_a0p10_best_paraffin_to_frozen,0,1407,/home/data/yh_1/SET_3/p2p-src-zzh-2025/datasets/冰冻-2025/test_image/2022-06-28_11_18_14.kfb_471.jpg,14,21,7,14,7,0.3333333333333333,0.5,0.4,0,1,10200,1,21,21,4.91019044658906,6.481730188642227,0,6,1,0,0,0,1,13
p2p_proto_fusion_a0p10_best_paraffin_to_frozen,0,1408,/home/data/yh_1/SET_3/p2p-src-zzh-2025/datasets/冰冻-2025/test_image/2022-06-28_11_18_14.kfb_3151.jpg,44,58,27,31,17,0.46551724137931033,0.6136363636363636,0.5294117647058822,0,1,10200,8,58,58,4.0424616608557375,5.220086609875708,0,17,0,0,0,0,1,30
p2p_proto_fusion_a0p10_best_paraffin_to_frozen,0,1409,/home/data/yh_1/SET_3/p2p-src-zzh-2025/datasets/冰冻-2025/test_image/2022-06-28_11_20_39.kfb_671.jpg,128,236,100,136,28,0.423728813559322,0.78125,0.5494505494505494,0,1,10200,2,236,236,4.981909539656547,6.463759903907778,0,15,12,1,0,1,12,123
p2p_proto_fusion_a0p10_best_paraffin_to_frozen,0,1410,/home/data/yh_1/SET_3/p2p-src-zzh-2025/datasets/冰冻-2025/test_image/2022-06-28_11_20_39.kfb_1811.jpg,152,368,139,229,13,0.37771739130434784,0.9144736842105263,0.5346153846153846,0,1,10200,3,372,368,4.872221963567545,6.160079760517149,0,7,2,4,0,2,23,204
p2p_proto_fusion_a0p10_best_paraffin_to_frozen,0,1411,/home/data/yh_1/SET_3/p2p-src-zzh-2025/datasets/冰冻-2025/test_image/2022-06-28_11_21_44.kfb_2265.jpg,132,220,84,136,48,0.38181818181818183,0.6363636363636364,0.47727272727272735,0,1,10200,2,221,220,4.43602158590104,5.526067421549847,0,40,8,0,0,2,13,121
p2p_proto_fusion_a0p10_best_paraffin_to_frozen,0,1412,/home/data/yh_1/SET_3/p2p-src-zzh-2025/datasets/冰冻-2025/test_image/2022-06-28_11_21_44.kfb_752.jpg,283,424,222,202,61,0.5235849056603774,0.784452296819788,0.628005657708628,0,1,10200,0,425,424,5.225304224866247,6.6472650390487535,0,30,28,3,0,1,25,176
p2p_proto_fusion_a0p10_best_paraffin_to_frozen,0,1413,/home/data/yh_1/SET_3/p2p-src-zzh-2025/datasets/冰冻-2025/test_image/2022-06-28_11_21_44.kfb_531.jpg,229,390,186,204,43,0.47692307692307695,0.8122270742358079,0.6009693053311794,0,1,10200,2,393,390,4.39037279794261,5.583176707708708,0,32,9,2,0,1,28,175
p2p_proto_fusion_a0p10_best_paraffin_to_frozen,0,1414,/home/data/yh_1/SET_3/p2p-src-zzh-2025/datasets/冰冻-2025/test_image/2022-06-28_11_20_39.kfb_2223.jpg,136,252,107,145,29,0.4246031746031746,0.7867647058823529,0.5515463917525774,0,1,10200,7,254,252,4.425502275506287,5.5858332553756584,0,21,6,2,0,0,18,127
p2p_proto_fusion_a0p10_best_paraffin_to_frozen,0,1415,/home/data/yh_1/SET_3/p2p-src-zzh-2025/datasets/冰冻-2025/test_image/2022-06-28_11_20_39.kfb_2163.jpg,224,435,203,232,21,0.4666666666666667,0.90625,0.6160849772382397,0,1,10200,1,437,435,4.984704887874452,6.359361390174902,0,17,4,0,0,3,33,196
p2p_proto_fusion_a0p10_best_paraffin_to_frozen,0,1416,/home/data/yh_1/SET_3/p2p-src-zzh-2025/datasets/冰冻-2025/test_image/2022-06-28_11_21_44.kfb_1529.jpg,182,278,139,139,43,0.5,0.7637362637362637,0.6043478260869565,0,1,10200,28,282,278,5.633033801493961,7.140897435250046,0,33,9,1,0,0,19,120
p2p_proto_fusion_a0p10_best_paraffin_to_frozen,0,1417,/home/data/yh_1/SET_3/p2p-src-zzh-2025/datasets/冰冻-2025/test_image/2022-06-28_11_20_39.kfb_1855.jpg,352,662,297,365,55,0.4486404833836858,0.84375,0.5857988165680473,0,1,10200,3,664,662,4.9411237723143,6.2698984386945025,0,31,20,4,0,2,70,293
p2p_proto_fusion_a0p10_best_paraffin_to_frozen,0,1418,/home/data/yh_1/SET_3/p2p-src-zzh-2025/datasets/冰冻-2025/test_image/2022-06-28_11_21_44.kfb_1704.jpg,114,210,83,127,31,0.3952380952380952,0.7280701754385965,0.5123456790123457,0,1,10200,19,214,210,5.1586105774716495,6.532360852482808,0,20,9,2,0,1,10,116
p2p_proto_fusion_a0p10_best_paraffin_to_frozen,0,1419,/home/data/yh_1/SET_3/p2p-src-zzh-2025/datasets/冰冻-2025/test_image/2022-06-28_11_18_14.kfb_1707.jpg,73,79,56,23,17,0.7088607594936709,0.7671232876712328,0.736842105263158,0,1,10200,5,81,79,4.637776693964915,5.940269478729793,0,12,4,1,0,0,4,19
p2p_proto_fusion_a0p10_best_paraffin_to_frozen,0,1420,/home/data/yh_1/SET_3/p2p-src-zzh-2025/datasets/冰冻-2025/test_image/2022-06-28_11_18_14.kfb_473.jpg,25,29,13,16,12,0.4482758620689655,0.52,0.48148148148148145,0,1,10200,5,30,29,4.362655347300527,5.785804821894724,0,9,3,0,0,0,3,13
p2p_proto_fusion_a0p10_best_paraffin_to_frozen,0,1421,/home/data/yh_1/SET_3/p2p-src-zzh-2025/datasets/冰冻-2025/test_image/2022-06-28_11_18_14.kfb_1290.jpg,21,28,12,16,9,0.42857142857142855,0.5714285714285714,0.48979591836734687,0,1,10200,8,28,28,2.7953522893264804,3.5675220489501953,0,8,1,0,0,0,0,16
p2p_proto_fusion_a0p10_best_paraffin_to_frozen,0,1422,/home/data/yh_1/SET_3/p2p-src-zzh-2025/datasets/冰冻-2025/test_image/2022-06-28_11_11_09.kfb_2161.jpg,298,385,219,166,79,0.5688311688311688,0.7348993288590604,0.6412884333821376,0,1,10200,7,392,385,5.184075963274435,6.6351714286630035,0,52,23,4,0,3,31,132
p2p_proto_fusion_a0p10_best_paraffin_to_frozen,0,1423,/home/data/yh_1/SET_3/p2p-src-zzh-2025/datasets/冰冻-2025/test_image/2022-06-28_11_12_06.kfb_3701.jpg,0,454,0,0,0,0.0,0.0,0.0,1,0,10200,1,463,454,0.0,0.0,0,0,0,0,0,0,0,0
p2p_proto_fusion_a0p10_best_paraffin_to_frozen,0,1424,/home/data/yh_1/SET_3/p2p-src-zzh-2025/datasets/冰冻-2025/test_image/2022-06-28_11_21_44.kfb_1154.jpg,293,534,252,282,41,0.47191011235955055,0.8600682593856656,0.6094316807738814,0,1,10200,1,540,534,4.876992919101353,6.2910899680758305,0,19,19,3,0,8,50,224
p2p_proto_fusion_a0p10_best_paraffin_to_frozen,0,1425,/home/data/yh_1/SET_3/p2p-src-zzh-2025/datasets/冰冻-2025/test_image/2022-06-28_11_21_44.kfb_1764.jpg,130,176,93,83,37,0.5284090909090909,0.7153846153846154,0.607843137254902,0,1,10200,7,177,176,4.275419023204572,5.48863126898325,0,25,11,1,0,0,11,72
p2p_proto_fusion_a0p10_best_paraffin_to_frozen,0,1426,/home/data/yh_1/SET_3/p2p-src-zzh-2025/datasets/冰冻-2025/test_image/2022-06-28_11_18_14.kfb_1325.jpg,35,53,21,32,14,0.39622641509433965,0.6,0.4772727272727273,0,1,10200,2,53,53,4.600994680579044,5.661938576471236,0,12,2,0,0,0,0,32
p2p_proto_fusion_a0p10_best_paraffin_to_frozen,0,1427,/home/data/yh_1/SET_3/p2p-src-zzh-2025/datasets/冰冻-2025/test_image/2022-06-28_11_20_39.kfb_1458.jpg,312,666,291,375,21,0.4369369369369369,0.9326923076923077,0.5950920245398773,0,1,10200,4,677,666,4.593880626327536,5.89888694769738,0,13,8,0,0,5,74,296
p2p_proto_fusion_a0p10_best_paraffin_to_frozen,0,1428,/home/data/yh_1/SET_3/p2p-src-zzh-2025/datasets/冰冻-2025/test_image/2022-06-28_11_20_39.kfb_1142.jpg,194,390,152,238,42,0.38974358974358975,0.7835051546391752,0.5205479452054794,0,1,10200,0,393,390,4.905665158041581,6.180197461655268,0,31,7,4,0,4,23,211
p2p_proto_fusion_a0p10_best_paraffin_to_frozen,0,1429,/home/data/yh_1/SET_3/p2p-src-zzh-2025/datasets/冰冻-2025/test_image/2022-06-28_11_11_09.kfb_2010.jpg,392,414,293,121,99,0.7077294685990339,0.7474489795918368,0.7270471464019851,0,1,10200,2,417,414,5.0563002241463435,6.4258959513068605,0,63,32,4,0,2,27,92
p2p_proto_fusion_a0p10_best_paraffin_to_frozen,0,1430,/home/data/yh_1/SET_3/p2p-src-zzh-2025/datasets/冰冻-2025/test_image/2022-06-28_11_20_39.kfb_1226.jpg,86,213,72,141,14,0.3380281690140845,0.8372093023255814,0.4816053511705685,0,1,10200,4,217,213,4.167629077587005,5.376841677559746,0,11,2,1,0,2,17,122
p2p_proto_fusion_a0p10_best_paraffin_to_frozen,0,1431,/home/data/yh_1/SET_3/p2p-src-zzh-2025/datasets/冰冻-2025/test_image/2022-06-28_11_11_09.kfb_2027.jpg,55,79,43,36,12,0.5443037974683544,0.7818181818181819,0.6417910447761194,0,1,10200,6,79,79,4.561516596742768,5.890742834224255,0,8,1,3,0,0,8,28
p2p_proto_fusion_a0p10_best_paraffin_to_frozen,0,1432,/home/data/yh_1/SET_3/p2p-src-zzh-2025/datasets/冰冻-2025/test_image/2022-06-28_11_11_09.kfb_516.jpg,64,195,53,142,11,0.2717948717948718,0.828125,0.4092664092664093,0,1,10200,5,196,195,5.375476662198212,6.8800286167072855,0,10,1,0,0,1,11,130
p2p_proto_fusion_a0p10_best_paraffin_to_frozen,0,1433,/home/data/yh_1/SET_3/p2p-src-zzh-2025/datasets/冰冻-2025/test_image/2022-06-28_11_20_39.kfb_944.jpg,334,664,298,366,36,0.44879518072289154,0.8922155688622755,0.5971943887775552,0,1,10200,2,673,664,4.737621769391048,6.066662152341549,0,21,14,1,0,3,53,310
p2p_proto_fusion_a0p10_best_paraffin_to_frozen,0,1434,/home/data/yh_1/SET_3/p2p-src-zzh-2025/datasets/冰冻-2025/test_image/2022-06-28_11_20_39.kfb_420.jpg,222,347,185,162,37,0.5331412103746398,0.8333333333333334,0.6502636203866433,0,1,10200,4,349,347,5.280464078169773,6.691671417854929,0,17,16,4,0,4,26,132
p2p_proto_fusion_a0p10_best_paraffin_to_frozen,0,1435,/home/data/yh_1/SET_3/p2p-src-zzh-2025/datasets/冰冻-2025/test_image/2022-06-28_11_11_09.kfb_605.jpg,62,78,29,49,33,0.3717948717948718,0.46774193548387094,0.41428571428571426,0,1,10200,4,78,78,4.791282169217552,5.94284037885995,0,32,1,0,0,0,2,47
p2p_proto_fusion_a0p10_best_paraffin_to_frozen,0,1436,/home/data/yh_1/SET_3/p2p-src-zzh-2025/datasets/冰冻-2025/test_image/2022-06-28_11_11_09.kfb_1092.jpg,9,33,5,28,4,0.15151515151515152,0.5555555555555556,0.2380952380952381,0,1,10200,16,33,33,3.159214625152658,4.2069988250732395,0,4,0,0,0,0,0,28
p2p_proto_fusion_a0p10_best_paraffin_to_frozen,0,1437,/home/data/yh_1/SET_3/p2p-src-zzh-2025/datasets/冰冻-2025/test_image/2022-06-28_11_11_09.kfb_186.jpg,68,67,31,36,37,0.4626865671641791,0.45588235294117646,0.45925925925925926,0,1,10200,15,68,67,4.963062782428642,6.558151260499032,0,33,4,0,0,0,4,32
p2p_proto_fusion_a0p10_best_paraffin_to_frozen,0,1438,/home/data/yh_1/SET_3/p2p-src-zzh-2025/datasets/冰冻-2025/test_image/2022-06-28_11_12_06.kfb_2075.jpg,0,145,0,0,0,0.0,0.0,0.0,1,0,10200,0,145,145,0.0,0.0,0,0,0,0,0,0,0,0
p2p_proto_fusion_a0p10_best_paraffin_to_frozen,0,1439,/home/data/yh_1/SET_3/p2p-src-zzh-2025/datasets/冰冻-2025/test_image/2022-06-28_11_12_06.kfb_2887.jpg,0,511,0,0,0,0.0,0.0,0.0,1,0,10200,2,513,511,0.0,0.0,0,0,0,0,0,0,0,0
p2p_proto_fusion_a0p10_best_paraffin_to_frozen,0,1440,/home/data/yh_1/SET_3/p2p-src-zzh-2025/datasets/冰冻-2025/test_image/2022-06-28_11_11_09.kfb_1129.jpg,137,284,112,172,25,0.39436619718309857,0.8175182481751825,0.5320665083135391,0,1,10200,3,285,284,5.289213403129628,6.754507201058522,0,12,12,1,0,0,12,160
p2p_proto_fusion_a0p10_best_paraffin_to_frozen,0,1441,/home/data/yh_1/SET_3/p2p-src-zzh-2025/datasets/冰冻-2025/test_image/2022-06-28_11_18_14.kfb_1288.jpg,27,39,21,18,6,0.5384615384615384,0.7777777777777778,0.6363636363636364,0,1,10200,6,39,39,4.429910215587231,5.682690393357043,0,6,0,0,0,0,1,17
p2p_proto_fusion_a0p10_best_paraffin_to_frozen,0,1442,/home/data/yh_1/SET_3/p2p-src-zzh-2025/datasets/冰冻-2025/test_image/2022-06-28_11_11_09.kfb_747.jpg,0,252,0,0,0,0.0,0.0,0.0,1,0,10200,1,253,252,0.0,0.0,0,0,0,0,0,0,0,0
p2p_proto_fusion_a0p10_best_paraffin_to_frozen,0,1443,/home/data/yh_1/SET_3/p2p-src-zzh-2025/datasets/冰冻-2025/test_image/2022-06-28_11_18_14.kfb_1921.jpg,62,65,43,22,19,0.6615384615384615,0.6935483870967742,0.6771653543307087,0,1,10200,23,66,65,4.667494003941495,5.806872966677644,0,19,0,0,0,0,1,21
p2p_proto_fusion_a0p10_best_paraffin_to_frozen,0,1444,/home/data/yh_1/SET_3/p2p-src-zzh-2025/datasets/冰冻-2025/test_image/2022-06-28_11_21_44.kfb_2290.jpg,149,289,125,164,24,0.43252595155709345,0.8389261744966443,0.5707762557077627,0,1,10200,3,290,289,4.531187021937306,5.845000599041318,0,19,4,1,0,0,15,149
p2p_proto_fusion_a0p10_best_paraffin_to_frozen,0,1445,/home/data/yh_1/SET_3/p2p-src-zzh-2025/datasets/冰冻-2025/test_image/2022-06-28_11_18_14.kfb_724.jpg,29,38,20,18,9,0.5263157894736842,0.6896551724137931,0.5970149253731344,0,1,10200,4,38,38,4.672562760159667,5.784828948974609,0,7,2,0,0,0,2,16
p2p_proto_fusion_a0p10_best_paraffin_to_frozen,0,1446,/home/data/yh_1/SET_3/p2p-src-zzh-2025/datasets/冰冻-2025/test_image/2022-06-28_11_20_39.kfb_1783.jpg,178,400,156,244,22,0.39,0.8764044943820225,0.5397923875432525,0,1,10200,20,403,400,4.710830427691835,6.073464913245961,0,13,9,0,0,0,35,209
p2p_proto_fusion_a0p10_best_paraffin_to_frozen,0,1447,/home/data/yh_1/SET_3/p2p-src-zzh-2025/datasets/冰冻-2025/test_image/2022-06-28_11_18_14.kfb_1418.jpg,56,61,37,24,19,0.6065573770491803,0.6607142857142857,0.6324786324786325,0,1,10200,2,61,61,4.6516097566730705,5.818530727077176,0,16,3,0,0,0,2,22
p2p_proto_fusion_a0p10_best_paraffin_to_frozen,0,1448,/home/data/yh_1/SET_3/p2p-src-zzh-2025/datasets/冰冻-2025/test_image/2022-06-28_11_18_14.kfb_641.jpg,18,24,7,17,11,0.2916666666666667,0.3888888888888889,0.3333333333333333,0,1,10200,4,24,24,5.000177923128819,6.745415278843473,0,9,2,0,0,0,1,16
p2p_proto_fusion_a0p10_best_paraffin_to_frozen,0,1449,/home/data/yh_1/SET_3/p2p-src-zzh-2025/datasets/冰冻-2025/test_image/2022-06-28_11_18_14.kfb_557.jpg,22,26,11,15,11,0.4230769230769231,0.5,0.4583333333333333,0,1,10200,13,26,26,4.596795623232328,5.89603528109464,0,10,1,0,0,0,1,14
p2p_proto_fusion_a0p10_best_paraffin_to_frozen,0,1450,/home/data/yh_1/SET_3/p2p-src-zzh-2025/datasets/冰冻-2025/test_image/2022-06-28_11_20_39.kfb_2592.jpg,36,69,23,46,13,0.3333333333333333,0.6388888888888888,0.4380952380952381,0,1,10200,14,69,69,4.269065209987169,5.501242451045835,0,12,1,0,0,0,3,43
p2p_proto_fusion_a0p10_best_paraffin_to_frozen,0,1451,/home/data/yh_1/SET_3/p2p-src-zzh-2025/datasets/冰冻-2025/test_image/2022-06-28_11_18_14.kfb_229.jpg,70,89,51,38,19,0.5730337078651685,0.7285714285714285,0.6415094339622641,0,1,10200,12,90,89,4.30253287377217,5.456562481674493,0,15,3,1,0,0,5,33
p2p_proto_fusion_a0p10_best_paraffin_to_frozen,0,1452,/home/data/yh_1/SET_3/p2p-src-zzh-2025/datasets/冰冻-2025/test_image/2022-06-28_11_21_44.kfb_1630.jpg,124,116,61,55,63,0.5258620689655172,0.49193548387096775,0.5083333333333334,0,1,10200,7,117,116,4.063324221731836,5.218927555396911,0,58,5,0,0,0,6,49
p2p_proto_fusion_a0p10_best_paraffin_to_frozen,0,1453,/home/data/yh_1/SET_3/p2p-src-zzh-2025/datasets/冰冻-2025/test_image/2022-06-28_11_21_44.kfb_1640.jpg,313,500,272,228,41,0.544,0.8690095846645367,0.6691266912669127,0,1,10200,1,504,500,4.424288734290612,5.6981496924863135,0,28,10,3,0,2,44,182
p2p_proto_fusion_a0p10_best_paraffin_to_frozen,0,1454,/home/data/yh_1/SET_3/p2p-src-zzh-2025/datasets/冰冻-2025/test_image/2022-06-28_11_21_44.kfb_2300.jpg,303,429,238,191,65,0.5547785547785548,0.7854785478547854,0.6502732240437158,0,1,10200,2,431,429,5.38979230718351,6.884197711224018,0,43,19,3,0,3,29,159
p2p_proto_fusion_a0p10_best_paraffin_to_frozen,0,1455,/home/data/yh_1/SET_3/p2p-src-zzh-2025/datasets/冰冻-2025/test_image/2022-06-28_11_21_44.kfb_1800.jpg,192,256,146,110,46,0.5703125,0.7604166666666666,0.6517857142857143,0,1,10200,7,259,256,5.240054291332594,6.684928270235454,0,35,11,0,0,2,17,91
p2p_proto_fusion_a0p10_best_paraffin_to_frozen,0,1456,/home/data/yh_1/SET_3/p2p-src-zzh-2025/datasets/冰冻-2025/test_image/2022-06-28_11_20_39.kfb_2732.jpg,69,116,54,62,15,0.46551724137931033,0.782608695652174,0.5837837837837838,0,1,10200,2,116,116,4.657983598002493,6.0595632394154855,0,14,1,0,0,0,7,55
p2p_proto_fusion_a0p10_best_paraffin_to_frozen,0,1457,/home/data/yh_1/SET_3/p2p-src-zzh-2025/datasets/冰冻-2025/test_image/2022-06-28_11_21_44.kfb_963.jpg,288,653,264,389,24,0.40428790199081166,0.9166666666666666,0.5611052072263549,0,1,10200,3,660,653,4.836038465546969,6.186781769449059,0,9,12,3,0,5,58,326
p2p_proto_fusion_a0p10_best_paraffin_to_frozen,0,1458,/home/data/yh_1/SET_3/p2p-src-zzh-2025/datasets/冰冻-2025/test_image/2022-06-28_11_18_14.kfb_873.jpg,37,35,19,16,18,0.5428571428571428,0.5135135135135135,0.5277777777777778,0,1,10200,8,35,35,3.976612730179076,5.134384857980827,0,17,1,0,0,0,1,15
p2p_proto_fusion_a0p10_best_paraffin_to_frozen,0,1459,/home/data/yh_1/SET_3/p2p-src-zzh-2025/datasets/冰冻-2025/test_image/2022-06-28_11_21_44.kfb_2369.jpg,123,233,92,141,31,0.3948497854077253,0.7479674796747967,0.5168539325842696,0,1,10200,2,233,233,5.036779660463484,6.2752547784279,0,25,6,0,0,0,11,130
p2p_proto_fusion_a0p10_best_paraffin_to_frozen,0,1460,/home/data/yh_1/SET_3/p2p-src-zzh-2025/datasets/冰冻-2025/test_image/2022-06-28_11_21_44.kfb_2170.jpg,369,456,281,175,88,0.6162280701754386,0.7615176151761518,0.6812121212121213,0,1,10200,0,460,456,5.062517234585688,6.383696831842335,0,65,23,0,0,1,36,138
p2p_proto_fusion_a0p10_best_paraffin_to_frozen,0,1461,/home/data/yh_1/SET_3/p2p-src-zzh-2025/datasets/冰冻-2025/test_image/2022-06-28_11_20_39.kfb_264.jpg,387,470,301,169,86,0.6404255319148936,0.7777777777777778,0.7024504084014003,0,1,10200,2,477,470,5.387334102418481,6.8441851194514784,0,47,31,8,0,5,45,119
p2p_proto_fusion_a0p10_best_paraffin_to_frozen,0,1462,/home/data/yh_1/SET_3/p2p-src-zzh-2025/datasets/冰冻-2025/test_image/2022-06-28_11_20_39.kfb_1073.jpg,163,267,122,145,41,0.45692883895131087,0.7484662576687117,0.5674418604651164,0,1,10200,5,270,267,5.416061644084021,7.015560642617651,0,28,12,1,0,2,20,123
p2p_proto_fusion_a0p10_best_paraffin_to_frozen,0,1463,/home/data/yh_1/SET_3/p2p-src-zzh-2025/datasets/冰冻-2025/test_image/2022-06-28_11_21_44.kfb_1761.jpg,96,100,55,45,41,0.55,0.5729166666666666,0.5612244897959183,0,1,10200,15,103,100,4.636925487636588,5.983500333265822,0,35,5,1,0,0,2,43
p2p_proto_fusion_a0p10_best_paraffin_to_frozen,0,1464,/home/data/yh_1/SET_3/p2p-src-zzh-2025/datasets/冰冻-2025/test_image/2022-06-28_11_11_09.kfb_2184.jpg,6,21,4,17,2,0.19047619047619047,0.6666666666666666,0.2962962962962963,0,1,10200,5,21,21,6.07475530781841,7.999422073364258,0,2,0,0,0,0,0,17
p2p_proto_fusion_a0p10_best_paraffin_to_frozen,0,1465,/home/data/yh_1/SET_3/p2p-src-zzh-2025/datasets/冰冻-2025/test_image/2022-06-28_11_21_44.kfb_1906.jpg,209,380,177,203,32,0.46578947368421053,0.84688995215311,0.601018675721562,0,1,10200,9,387,380,4.99124165670821,6.34439550550644,0,19,10,3,0,1,41,161
p2p_proto_fusion_a0p10_best_paraffin_to_frozen,0,1466,/home/data/yh_1/SET_3/p2p-src-zzh-2025/datasets/冰冻-2025/test_image/2022-06-28_11_21_44.kfb_2142.jpg,205,369,168,201,37,0.45528455284552843,0.8195121951219512,0.5853658536585366,0,1,10200,2,373,369,5.371841076373434,6.825324806429091,0,25,11,1,0,4,25,172
p2p_proto_fusion_a0p10_best_paraffin_to_frozen,0,1467,/home/data/yh_1/SET_3/p2p-src-zzh-2025/datasets/冰冻-2025/test_image/2022-06-28_11_18_14.kfb_1913.jpg,118,204,96,108,22,0.47058823529411764,0.8135593220338984,0.5962732919254659,0,1,10200,4,204,204,4.230223249873164,5.233006735642749,0,14,8,0,0,0,10,98
p2p_proto_fusion_a0p10_best_paraffin_to_frozen,0,1468,/home/data/yh_1/SET_3/p2p-src-zzh-2025/datasets/冰冻-2025/test_image/2022-06-28_11_21_44.kfb_1856.jpg,167,244,115,129,52,0.4713114754098361,0.688622754491018,0.559610705596107,0,1,10200,2,245,244,4.733117033151008,6.158251855684363,0,46,6,0,0,1,21,107
p2p_proto_fusion_a0p10_best_paraffin_to_frozen,0,1469,/home/data/yh_1/SET_3/p2p-src-zzh-2025/datasets/冰冻-2025/test_image/2022-06-28_11_11_09.kfb_444.jpg,44,112,30,82,14,0.26785714285714285,0.6818181818181818,0.3846153846153846,0,1,10200,8,112,112,4.981315698877,6.278264681498214,0,13,1,0,0,0,3,79
p2p_proto_fusion_a0p10_best_paraffin_to_frozen,0,1470,/home/data/yh_1/SET_3/p2p-src-zzh-2025/datasets/冰冻-2025/test_image/2022-06-28_11_21_44.kfb_640.jpg,158,230,131,99,27,0.5695652173913044,0.8291139240506329,0.6752577319587629,0,1,10200,9,232,230,4.682435733579794,5.907483171870688,0,17,9,1,0,0,19,80
p2p_proto_fusion_a0p10_best_paraffin_to_frozen,0,1471,/home/data/yh_1/SET_3/p2p-src-zzh-2025/datasets/冰冻-2025/test_image/2022-06-28_11_20_39.kfb_2937.jpg,160,375,135,240,25,0.36,0.84375,0.5046728971962616,0,1,10200,1,377,375,4.764846421621667,6.003504417560721,0,19,6,0,0,1,26,213
p2p_proto_fusion_a0p10_best_paraffin_to_frozen,0,1472,/home/data/yh_1/SET_3/p2p-src-zzh-2025/datasets/冰冻-2025/test_image/2022-06-28_11_20_39.kfb_1864.jpg,150,312,119,193,31,0.3814102564102564,0.7933333333333333,0.515151515151515,0,1,10200,5,316,312,4.542947053335115,5.750211583466089,0,23,7,1,0,1,23,169
p2p_proto_fusion_a0p10_best_paraffin_to_frozen,0,1473,/home/data/yh_1/SET_3/p2p-src-zzh-2025/datasets/冰冻-2025/test_image/2022-06-28_11_21_44.kfb_1036.jpg,325,710,292,418,33,0.4112676056338028,0.8984615384615384,0.5642512077294686,0,1,10200,7,723,710,4.828725035985987,6.1812699673927005,0,11,19,3,0,6,75,337
p2p_proto_fusion_a0p10_best_paraffin_to_frozen,0,1474,/home/data/yh_1/SET_3/p2p-src-zzh-2025/datasets/冰冻-2025/test_image/2022-06-28_11_21_44.kfb_1814.jpg,149,293,128,165,21,0.43686006825938567,0.8590604026845637,0.579185520361991,0,1,10200,14,296,293,4.30334280755837,5.490753185003996,0,14,4,3,0,2,24,139
p2p_proto_fusion_a0p10_best_paraffin_to_frozen,0,1475,/home/data/yh_1/SET_3/p2p-src-zzh-2025/datasets/冰冻-2025/test_image/2022-06-28_11_21_44.kfb_1961.jpg,198,394,169,225,29,0.4289340101522843,0.8535353535353535,0.570945945945946,0,1,10200,3,397,394,4.461965822789366,5.7385049769158885,0,14,13,2,0,1,21,203
p2p_proto_fusion_a0p10_best_paraffin_to_frozen,0,1476,/home/data/yh_1/SET_3/p2p-src-zzh-2025/datasets/冰冻-2025/test_image/2022-06-28_11_18_14.kfb_3305.jpg,148,306,129,177,19,0.4215686274509804,0.8716216216216216,0.5682819383259913,0,1,10200,8,309,306,4.277145338685178,5.456662806429601,0,14,4,1,0,0,30,147
p2p_proto_fusion_a0p10_best_paraffin_to_frozen,0,1477,/home/data/yh_1/SET_3/p2p-src-zzh-2025/datasets/冰冻-2025/test_image/2022-06-28_11_18_14.kfb_1866.jpg,65,68,45,23,20,0.6617647058823529,0.6923076923076923,0.6766917293233082,0,1,10200,8,68,68,3.805487376694192,4.867927349938283,0,18,2,0,0,0,0,23
p2p_proto_fusion_a0p10_best_paraffin_to_frozen,0,1478,/home/data/yh_1/SET_3/p2p-src-zzh-2025/datasets/冰冻-2025/test_image/2022-06-28_11_20_39.kfb_2850.jpg,125,336,112,224,13,0.3333333333333333,0.896,0.4859002169197396,0,1,10200,24,341,336,4.795833739524883,6.093990551573889,0,12,0,1,0,2,17,205
p2p_proto_fusion_a0p10_best_paraffin_to_frozen,0,1479,/home/data/yh_1/SET_3/p2p-src-zzh-2025/datasets/冰冻-2025/test_image/2022-06-28_11_18_14.kfb_2818.jpg,111,212,91,121,20,0.42924528301886794,0.8198198198198198,0.5634674922600619,0,1,10200,7,213,212,4.074483709263162,5.281609875815255,0,13,5,2,0,1,19,101
p2p_proto_fusion_a0p10_best_paraffin_to_frozen,0,1480,/home/data/yh_1/SET_3/p2p-src-zzh-2025/datasets/冰冻-2025/test_image/2022-06-28_11_21_44.kfb_2584.jpg,168,207,122,85,46,0.5893719806763285,0.7261904761904762,0.6506666666666665,0,1,10200,0,210,207,4.193172120468987,5.234661933768114,0,41,4,1,0,0,13,72
p2p_proto_fusion_a0p10_best_paraffin_to_frozen,0,1481,/home/data/yh_1/SET_3/p2p-src-zzh-2025/datasets/冰冻-2025/test_image/2022-06-28_11_11_09.kfb_1136.jpg,34,57,23,34,11,0.40350877192982454,0.6764705882352942,0.5054945054945055,0,1,10200,6,58,57,4.802355692661602,6.001327970753548,0,10,1,0,0,1,0,33
p2p_proto_fusion_a0p10_best_paraffin_to_frozen,0,1482,/home/data/yh_1/SET_3/p2p-src-zzh-2025/datasets/冰冻-2025/test_image/2022-06-28_11_20_39.kfb_2803.jpg,100,248,95,153,5,0.38306451612903225,0.95,0.5459770114942528,0,1,10200,14,251,248,4.703963312562883,5.993307173879526,0,3,1,1,0,3,29,121
p2p_proto_fusion_a0p10_best_paraffin_to_frozen,0,1483,/home/data/yh_1/SET_3/p2p-src-zzh-2025/datasets/冰冻-2025/test_image/2022-06-28_11_20_39.kfb_611.jpg,260,462,205,257,55,0.44372294372294374,0.7884615384615384,0.5678670360110804,0,1,10200,0,466,462,4.885777832176227,6.216180461790501,0,38,15,2,0,3,39,215
p2p_proto_fusion_a0p10_best_paraffin_to_frozen,0,1484,/home/data/yh_1/SET_3/p2p-src-zzh-2025/datasets/冰冻-2025/test_image/2022-06-28_11_20_39.kfb_2925.jpg,177,383,150,233,27,0.391644908616188,0.847457627118644,0.5357142857142857,0,1,10200,5,387,383,4.677007219923122,6.002738056182863,0,21,6,0,0,0,30,203
p2p_proto_fusion_a0p10_best_paraffin_to_frozen,0,1485,/home/data/yh_1/SET_3/p2p-src-zzh-2025/datasets/冰冻-2025/test_image/2022-06-28_11_18_14.kfb_137.jpg,287,405,229,176,58,0.5654320987654321,0.7979094076655052,0.6618497109826589,0,1,10200,14,405,405,4.163953731811428,5.366687149980704,0,33,23,2,0,1,22,153
p2p_proto_fusion_a0p10_best_paraffin_to_frozen,0,1486,/home/data/yh_1/SET_3/p2p-src-zzh-2025/datasets/冰冻-2025/test_image/2022-06-28_11_20_39.kfb_1707.jpg,286,558,254,304,32,0.4551971326164875,0.8881118881118881,0.6018957345971565,0,1,10200,1,561,558,4.778424307644617,6.065690518364191,0,21,9,2,0,3,57,244
p2p_proto_fusion_a0p10_best_paraffin_to_frozen,0,1487,/home/data/yh_1/SET_3/p2p-src-zzh-2025/datasets/冰冻-2025/test_image/2022-06-28_11_18_14.kfb_1215.jpg,33,42,23,19,10,0.5476190476190477,0.696969696969697,0.6133333333333334,0,1,10200,13,43,42,4.283422287978042,5.423385205476179,0,6,3,1,0,1,2,16
p2p_proto_fusion_a0p10_best_paraffin_to_frozen,0,1488,/home/data/yh_1/SET_3/p2p-src-zzh-2025/datasets/冰冻-2025/test_image/2022-06-28_11_18_14.kfb_540.jpg,51,46,20,26,31,0.43478260869565216,0.39215686274509803,0.4123711340206186,0,1,10200,1,46,46,4.1674029738490415,5.41137690544128,0,26,5,0,0,0,2,24
p2p_proto_fusion_a0p10_best_paraffin_to_frozen,0,1489,/home/data/yh_1/SET_3/p2p-src-zzh-2025/datasets/冰冻-2025/test_image/2022-06-28_11_21_44.kfb_509.jpg,187,271,151,120,36,0.5571955719557196,0.8074866310160428,0.6593886462882097,0,1,10200,2,272,271,4.589328446469855,5.746186827981709,0,29,7,0,0,2,25,93
p2p_proto_fusion_a0p10_best_paraffin_to_frozen,0,1490,/home/data/yh_1/SET_3/p2p-src-zzh-2025/datasets/冰冻-2025/test_image/2022-06-28_11_21_44.kfb_2136.jpg,189,313,160,153,29,0.5111821086261981,0.8465608465608465,0.6374501992031872,0,1,10200,8,316,313,4.730600116684486,6.00399176776409,0,17,10,2,0,2,18,133
p2p_proto_fusion_a0p10_best_paraffin_to_frozen,0,1491,/home/data/yh_1/SET_3/p2p-src-zzh-2025/datasets/冰冻-2025/test_image/2022-06-28_11_20_39.kfb_350.jpg,111,150,69,81,42,0.46,0.6216216216216216,0.5287356321839081,0,1,10200,11,151,150,4.225114038227504,5.437885820001796,0,33,8,1,0,0,14,67
p2p_proto_fusion_a0p10_best_paraffin_to_frozen,0,1492,/home/data/yh_1/SET_3/p2p-src-zzh-2025/datasets/冰冻-2025/test_image/2022-06-28_11_11_09.kfb_1123.jpg,114,283,101,182,13,0.3568904593639576,0.8859649122807017,0.5088161209068011,0,1,10200,1,286,283,5.2792540163756465,6.728325976003514,0,9,3,1,0,1,12,169
p2p_proto_fusion_a0p10_best_paraffin_to_frozen,0,1493,/home/data/yh_1/SET_3/p2p-src-zzh-2025/datasets/冰冻-2025/test_image/2022-06-28_11_21_44.kfb_2242.jpg,162,291,125,166,37,0.42955326460481097,0.7716049382716049,0.5518763796909492,0,1,10200,6,293,291,5.3139135025719115,6.770392358779909,0,27,9,1,0,0,13,153
p2p_proto_fusion_a0p10_best_paraffin_to_frozen,0,1494,/home/data/yh_1/SET_3/p2p-src-zzh-2025/datasets/冰冻-2025/test_image/2022-06-28_11_21_44.kfb_800.jpg,160,265,128,137,32,0.4830188679245283,0.8,0.6023529411764705,0,1,10200,0,267,265,4.3357032281569134,5.462983191013334,0,24,8,0,0,0,17,120
p2p_proto_fusion_a0p10_best_paraffin_to_frozen,0,1495,/home/data/yh_1/SET_3/p2p-src-zzh-2025/datasets/冰冻-2025/test_image/2022-06-28_11_18_14.kfb_1039.jpg,72,63,42,21,30,0.6666666666666666,0.5833333333333334,0.6222222222222222,0,1,10200,10,64,63,4.132705629032924,5.301370007651191,0,21,9,0,0,0,5,16
p2p_proto_fusion_a0p10_best_paraffin_to_frozen,0,1496,/home/data/yh_1/SET_3/p2p-src-zzh-2025/datasets/冰冻-2025/test_image/2022-06-28_11_20_39.kfb_999.jpg,84,159,69,90,15,0.4339622641509434,0.8214285714285714,0.5679012345679013,0,1,10200,2,160,159,4.627574143240845,6.006506878396744,0,11,4,0,0,1,13,76
p2p_proto_fusion_a0p10_best_paraffin_to_frozen,0,1497,/home/data/yh_1/SET_3/p2p-src-zzh-2025/datasets/冰冻-2025/test_image/2022-06-28_11_21_44.kfb_487.jpg,266,339,213,126,53,0.6283185840707964,0.8007518796992481,0.7041322314049587,0,1,10200,1,342,339,4.67931147823762,6.073074524391426,0,40,10,3,0,1,16,109
p2p_proto_fusion_a0p10_best_paraffin_to_frozen,0,1498,/home/data/yh_1/SET_3/p2p-src-zzh-2025/datasets/冰冻-2025/test_image/2022-06-28_11_21_44.kfb_2475.jpg,276,498,243,255,33,0.4879518072289157,0.8804347826086957,0.6279069767441862,0,1,10200,0,505,498,4.376334961639097,5.537516603744567,0,20,9,4,0,1,40,214
p2p_proto_fusion_a0p10_best_paraffin_to_frozen,0,1499,/home/data/yh_1/SET_3/p2p-src-zzh-2025/datasets/冰冻-2025/test_image/2022-06-28_11_20_39.kfb_2939.jpg,397,695,346,349,51,0.497841726618705,0.871536523929471,0.6336996336996337,0,1,10200,2,700,695,4.616787004716982,5.840779985651116,0,25,22,4,0,2,63,284
p2p_proto_fusion_a0p10_best_paraffin_to_frozen,0,1500,/home/data/yh_1/SET_3/p2p-src-zzh-2025/datasets/冰冻-2025/test_image/2022-06-28_11_20_39.kfb_1630.jpg,166,345,141,204,25,0.40869565217391307,0.8493975903614458,0.5518590998043054,0,1,10200,2,346,345,4.885983340098678,6.204524983751014,0,17,7,1,0,0,18,186
p2p_proto_fusion_a0p10_best_paraffin_to_frozen,0,1501,/home/data/yh_1/SET_3/p2p-src-zzh-2025/datasets/冰冻-2025/test_image/2022-06-28_11_14_35.kfb_428.jpg,263,218,173,45,90,0.7935779816513762,0.6577946768060836,0.7193347193347194,0,1,10200,3,221,218,6.063509413444193,7.752101080769448,0,74,16,0,0,0,9,36
p2p_proto_fusion_a0p10_best_paraffin_to_frozen,0,1502,/home/data/yh_1/SET_3/p2p-src-zzh-2025/datasets/冰冻-2025/test_image/2022-06-28_11_20_39.kfb_2122.jpg,310,567,270,297,40,0.47619047619047616,0.8709677419354839,0.6157354618015963,0,1,10200,3,571,567,4.6699863704817846,5.936767522494,0,19,18,3,0,1,55,241
p2p_proto_fusion_a0p10_best_paraffin_to_frozen,0,1503,/home/data/yh_1/SET_3/p2p-src-zzh-2025/datasets/冰冻-2025/test_image/2022-06-28_11_21_44.kfb_1606.jpg,123,137,74,63,49,0.5401459854014599,0.6016260162601627,0.5692307692307693,0,1,10200,12,137,137,5.186726816624699,6.695935429753485,0,45,3,1,0,0,5,58
p2p_proto_fusion_a0p10_best_paraffin_to_frozen,0,1504,/home/data/yh_1/SET_3/p2p-src-zzh-2025/datasets/冰冻-2025/test_image/2022-06-28_11_21_44.kfb_186.jpg,296,343,227,116,69,0.6618075801749271,0.7668918918918919,0.7104851330203443,0,1,10200,11,347,343,4.5694114037865,5.836493626565135,0,48,20,1,0,1,14,101
p2p_proto_fusion_a0p10_best_paraffin_to_frozen,0,1505,/home/data/yh_1/SET_3/p2p-src-zzh-2025/datasets/冰冻-2025/test_image/2022-06-28_11_11_09.kfb_1871.jpg,54,67,35,32,19,0.5223880597014925,0.6481481481481481,0.5785123966942148,0,1,10200,16,68,67,4.726685461081673,6.110760184696743,0,16,3,0,0,0,3,29
p2p_proto_fusion_a0p10_best_paraffin_to_frozen,0,1506,/home/data/yh_1/SET_3/p2p-src-zzh-2025/datasets/冰冻-2025/test_image/2022-06-28_11_20_39.kfb_3087.jpg,147,434,136,298,11,0.31336405529953915,0.9251700680272109,0.4681583476764199,0,1,10200,4,443,434,4.507258459591272,5.684807076173668,0,8,1,2,0,2,28,268
p2p_proto_fusion_a0p10_best_paraffin_to_frozen,0,1507,/home/data/yh_1/SET_3/p2p-src-zzh-2025/datasets/冰冻-2025/test_image/2022-06-28_11_21_44.kfb_2428.jpg,161,304,128,176,33,0.42105263157894735,0.7950310559006211,0.5505376344086022,0,1,10200,3,305,304,4.857877705631503,6.268109056816465,0,19,13,1,0,2,20,154
p2p_proto_fusion_a0p10_best_paraffin_to_frozen,0,1508,/home/data/yh_1/SET_3/p2p-src-zzh-2025/datasets/冰冻-2025/test_image/2022-06-28_11_21_44.kfb_2609.jpg,117,240,88,152,29,0.36666666666666664,0.7521367521367521,0.4929971988795518,0,1,10200,1,243,240,4.904967294344821,6.237610049639344,0,28,1,0,0,1,8,143
p2p_proto_fusion_a0p10_best_paraffin_to_frozen,0,1509,/home/data/yh_1/SET_3/p2p-src-zzh-2025/datasets/冰冻-2025/test_image/2022-06-28_11_20_39.kfb_1171.jpg,68,131,57,74,11,0.4351145038167939,0.8382352941176471,0.5728643216080401,0,1,10200,9,131,131,5.226987202813039,6.761827770032375,0,6,5,0,0,0,7,67
p2p_proto_fusion_a0p10_best_paraffin_to_frozen,0,1510,/home/data/yh_1/SET_3/p2p-src-zzh-2025/datasets/冰冻-2025/test_image/2022-06-28_11_20_39.kfb_1022.jpg,181,451,152,299,29,0.3370288248337029,0.8397790055248618,0.4810126582278481,0,1,10200,0,451,451,4.6926780463399,5.97360110596607,0,19,8,2,0,4,29,266
p2p_proto_fusion_a0p10_best_paraffin_to_frozen,0,1511,/home/data/yh_1/SET_3/p2p-src-zzh-2025/datasets/冰冻-2025/test_image/2022-06-28_11_20_39.kfb_719.jpg,41,69,25,44,16,0.36231884057971014,0.6097560975609756,0.45454545454545453,0,1,10200,1,70,69,3.732014739075351,4.744802818298336,0,16,0,0,0,0,2,42
p2p_proto_fusion_a0p10_best_paraffin_to_frozen,0,1512,/home/data/yh_1/SET_3/p2p-src-zzh-2025/datasets/冰冻-2025/test_image/2022-06-28_11_11_09.kfb_2016.jpg,419,471,316,155,103,0.6709129511677282,0.7541766109785203,0.7101123595505617,0,1,10200,0,474,471,5.192383649423645,6.5781007024306275,0,69,26,8,0,4,39,112
p2p_proto_fusion_a0p10_best_paraffin_to_frozen,0,1513,/home/data/yh_1/SET_3/p2p-src-zzh-2025/datasets/冰冻-2025/test_image/2022-06-28_11_18_14.kfb_1622.jpg,28,38,14,24,14,0.3684210526315789,0.5,0.4242424242424242,0,1,10200,10,38,38,4.652204119482988,6.110106604439872,0,9,5,0,0,0,1,23
p2p_proto_fusion_a0p10_best_paraffin_to_frozen,0,1514,/home/data/yh_1/SET_3/p2p-src-zzh-2025/datasets/冰冻-2025/test_image/2022-06-28_11_21_44.kfb_352.jpg,182,263,149,114,33,0.5665399239543726,0.8186813186813187,0.6696629213483146,0,1,10200,4,264,263,3.97399948667753,5.093380614415112,0,25,6,2,0,1,18,95
p2p_proto_fusion_a0p10_best_paraffin_to_frozen,0,1515,/home/data/yh_1/SET_3/p2p-src-zzh-2025/datasets/冰冻-2025/test_image/2022-06-28_11_20_39.kfb_3154.jpg,52,107,36,71,16,0.3364485981308411,0.6923076923076923,0.45283018867924524,0,1,10200,4,108,107,4.740169101624346,6.149332894219294,0,15,1,0,0,0,5,66
p2p_proto_fusion_a0p10_best_paraffin_to_frozen,0,1516,/home/data/yh_1/SET_3/p2p-src-zzh-2025/datasets/冰冻-2025/test_image/2022-06-28_11_20_39.kfb_2025.jpg,385,605,314,291,71,0.5190082644628099,0.8155844155844156,0.6343434343434344,0,1,10200,3,607,605,4.9313543523264265,6.245133743164642,0,39,29,3,0,4,48,239
p2p_proto_fusion_a0p10_best_paraffin_to_frozen,0,1517,/home/data/yh_1/SET_3/p2p-src-zzh-2025/datasets/冰冻-2025/test_image/2022-06-28_11_11_09.kfb_722.jpg,0,206,0,0,0,0.0,0.0,0.0,1,0,10200,3,207,206,0.0,0.0,0,0,0,0,0,0,0,0
p2p_proto_fusion_a0p10_best_paraffin_to_frozen,0,1518,/home/data/yh_1/SET_3/p2p-src-zzh-2025/datasets/冰冻-2025/test_image/2022-06-28_11_20_39.kfb_1536.jpg,304,655,262,393,42,0.4,0.8618421052631579,0.5464025026068822,0,1,10200,0,665,655,4.812147979284991,6.107425731557018,0,17,19,6,0,3,46,344
p2p_proto_fusion_a0p10_best_paraffin_to_frozen,0,1519,/home/data/yh_1/SET_3/p2p-src-zzh-2025/datasets/冰冻-2025/test_image/2022-06-28_11_18_14.kfb_548.jpg,112,113,75,38,37,0.6637168141592921,0.6696428571428571,0.6666666666666666,0,1,10200,6,113,113,4.472488829233443,5.740941289265952,0,29,8,0,0,1,4,33
p2p_proto_fusion_a0p10_best_paraffin_to_frozen,0,1520,/home/data/yh_1/SET_3/p2p-src-zzh-2025/datasets/冰冻-2025/test_image/2022-06-28_11_21_44.kfb_483.jpg,184,273,142,131,42,0.5201465201465202,0.7717391304347826,0.6214442013129103,0,1,10200,4,278,273,4.896018201614699,6.104445873851506,0,31,8,3,0,3,14,114
p2p_proto_fusion_a0p10_best_paraffin_to_frozen,0,1521,/home/data/yh_1/SET_3/p2p-src-zzh-2025/datasets/冰冻-2025/test_image/2022-06-28_11_20_39.kfb_1046.jpg,163,221,119,102,44,0.5384615384615384,0.7300613496932515,0.6197916666666665,0,1,10200,11,221,221,4.225258976345044,5.36436684792783,0,33,10,1,0,0,21,81
p2p_proto_fusion_a0p10_best_paraffin_to_frozen,0,1522,/home/data/yh_1/SET_3/p2p-src-zzh-2025/datasets/冰冻-2025/test_image/2022-06-28_11_21_44.kfb_1921.jpg,228,459,208,251,20,0.4531590413943355,0.9122807017543859,0.6055312954876273,0,1,10200,0,464,459,4.881252397316294,6.281940661943876,0,8,10,2,0,6,45,200
p2p_proto_fusion_a0p10_best_paraffin_to_frozen,0,1523,/home/data/yh_1/SET_3/p2p-src-zzh-2025/datasets/冰冻-2025/test_image/2022-06-28_11_11_09.kfb_2299.jpg,104,139,69,70,35,0.49640287769784175,0.6634615384615384,0.5679012345679013,0,1,10200,5,140,139,4.543660817012313,5.783917150635646,0,23,12,0,0,0,5,65
p2p_proto_fusion_a0p10_best_paraffin_to_frozen,0,1524,/home/data/yh_1/SET_3/p2p-src-zzh-2025/datasets/冰冻-2025/test_image/2022-06-28_11_21_44.kfb_1053.jpg,239,430,180,250,59,0.4186046511627907,0.7531380753138075,0.5381165919282511,0,1,10200,2,433,430,5.731053846680134,7.356168087323505,0,29,24,6,0,1,32,217
p2p_proto_fusion_a0p10_best_paraffin_to_frozen,0,1525,/home/data/yh_1/SET_3/p2p-src-zzh-2025/datasets/冰冻-2025/test_image/2022-06-28_11_21_44.kfb_2008.jpg,192,329,146,183,46,0.44376899696048633,0.7604166666666666,0.5604606525911708,0,1,10200,3,330,329,5.1970765747606045,6.681794372323441,0,34,10,2,0,0,17,166
p2p_proto_fusion_a0p10_best_paraffin_to_frozen,0,1526,/home/data/yh_1/SET_3/p2p-src-zzh-2025/datasets/冰冻-2025/test_image/2022-06-28_11_21_44.kfb_2012.jpg,141,238,103,135,38,0.4327731092436975,0.7304964539007093,0.5435356200527706,0,1,10200,3,242,238,4.7656968658007495,6.015148533200757,0,32,6,0,0,2,12,121
p2p_proto_fusion_a0p10_best_paraffin_to_frozen,0,1527,/home/data/yh_1/SET_3/p2p-src-zzh-2025/datasets/冰冻-2025/test_image/2022-06-28_11_21_44.kfb_1193.jpg,217,422,172,250,45,0.4075829383886256,0.7926267281105991,0.5383411580594679,0,1,10200,0,424,422,4.876890386822697,6.115308761596681,0,24,19,2,0,1,40,209
p2p_proto_fusion_a0p10_best_paraffin_to_frozen,0,1528,/home/data/yh_1/SET_3/p2p-src-zzh-2025/datasets/冰冻-2025/test_image/2022-06-28_11_20_39.kfb_1599.jpg,278,544,240,304,38,0.4411764705882353,0.8633093525179856,0.583941605839416,0,1,10200,8,550,544,5.022387622863139,6.383769210179646,0,21,14,3,0,3,47,254
p2p_proto_fusion_a0p10_best_paraffin_to_frozen,0,1529,/home/data/yh_1/SET_3/p2p-src-zzh-2025/datasets/冰冻-2025/test_image/2022-06-28_11_18_14.kfb_1257.jpg,54,52,32,20,22,0.6153846153846154,0.5925925925925926,0.6037735849056604,0,1,10200,9,52,52,5.557693730282549,7.046086579561233,0,21,1,0,0,0,0,20
p2p_proto_fusion_a0p10_best_paraffin_to_frozen,0,1530,/home/data/yh_1/SET_3/p2p-src-zzh-2025/datasets/冰冻-2025/test_image/2022-06-28_11_18_14.kfb_134.jpg,232,316,184,132,48,0.5822784810126582,0.7931034482758621,0.6715328467153284,0,1,10200,5,318,316,4.632056579135566,5.914600146853405,0,30,15,3,0,0,24,108
p2p_proto_fusion_a0p10_best_paraffin_to_frozen,0,1531,/home/data/yh_1/SET_3/p2p-src-zzh-2025/datasets/冰冻-2025/test_image/2022-06-28_11_21_44.kfb_2362.jpg,201,328,167,161,34,0.5091463414634146,0.8308457711442786,0.6313799621928167,0,1,10200,2,328,328,4.978637297260313,6.329801569099732,0,19,14,1,0,1,17,143
p2p_proto_fusion_a0p10_best_paraffin_to_frozen,0,1532,/home/data/yh_1/SET_3/p2p-src-zzh-2025/datasets/冰冻-2025/test_image/2022-06-28_11_20_39.kfb_2434.jpg,151,251,120,131,31,0.47808764940239046,0.7947019867549668,0.5970149253731343,0,1,10200,10,254,251,4.63193699181233,5.903149954477948,0,26,5,0,0,1,16,114
p2p_proto_fusion_a0p10_best_paraffin_to_frozen,0,1533,/home/data/yh_1/SET_3/p2p-src-zzh-2025/datasets/冰冻-2025/test_image/2022-06-28_11_11_09.kfb_1540.jpg,75,107,52,55,23,0.48598130841121495,0.6933333333333334,0.5714285714285714,0,1,10200,18,109,107,4.457156458965249,5.618985396165112,0,18,4,1,0,0,5,50
p2p_proto_fusion_a0p10_best_paraffin_to_frozen,0,1534,/home/data/yh_1/SET_3/p2p-src-zzh-2025/datasets/冰冻-2025/test_image/2022-06-28_11_21_44.kfb_2050.jpg,133,443,117,326,16,0.26410835214446954,0.8796992481203008,0.40625,0,1,10200,8,450,443,4.307015996690023,5.45138663919563,0,7,9,0,0,0,31,295
p2p_proto_fusion_a0p10_best_paraffin_to_frozen,0,1535,/home/data/yh_1/SET_3/p2p-src-zzh-2025/datasets/冰冻-2025/test_image/2022-06-28_11_20_39.kfb_364.jpg,153,236,119,117,34,0.5042372881355932,0.7777777777777778,0.6118251928020565,0,1,10200,4,237,236,4.296680990478565,5.465372492285335,0,23,9,2,0,0,24,93
p2p_proto_fusion_a0p10_best_paraffin_to_frozen,0,1536,/home/data/yh_1/SET_3/p2p-src-zzh-2025/datasets/冰冻-2025/test_image/2022-06-28_11_20_39.kfb_1776.jpg,433,724,362,362,71,0.5,0.836027713625866,0.6257562662057043,0,1,10200,1,732,724,5.0382767639470485,6.41857629191151,0,36,32,3,0,4,85,273
p2p_proto_fusion_a0p10_best_paraffin_to_frozen,0,1537,/home/data/yh_1/SET_3/p2p-src-zzh-2025/datasets/冰冻-2025/test_image/2022-06-28_11_11_09.kfb_2331.jpg,26,71,22,49,4,0.30985915492957744,0.8461538461538461,0.45360824742268047,0,1,10200,31,72,71,5.632131949325937,7.1393625086004,0,2,2,0,0,0,2,47
p2p_proto_fusion_a0p10_best_paraffin_to_frozen,0,1538,/home/data/yh_1/SET_3/p2p-src-zzh-2025/datasets/冰冻-2025/test_image/2022-06-28_11_12_06.kfb_2483.jpg,0,546,0,0,0,0.0,0.0,0.0,1,0,10200,2,550,546,0.0,0.0,0,0,0,0,0,0,0,0
p2p_proto_fusion_a0p10_best_paraffin_to_frozen,0,1539,/home/data/yh_1/SET_3/p2p-src-zzh-2025/datasets/冰冻-2025/test_image/2022-06-28_11_12_06.kfb_956.jpg,584,571,420,151,164,0.7355516637478109,0.7191780821917808,0.7272727272727272,0,1,10200,2,582,571,4.951334934545378,6.372204723812284,0,110,45,9,0,9,42,100
p2p_proto_fusion_a0p10_best_paraffin_to_frozen,0,1540,/home/data/yh_1/SET_3/p2p-src-zzh-2025/datasets/冰冻-2025/test_image/2022-06-28_11_20_39.kfb_1606.jpg,266,556,238,318,28,0.42805755395683454,0.8947368421052632,0.5790754257907542,0,1,10200,1,561,556,4.761829120101851,6.048552494089144,0,16,12,0,0,8,55,255
p2p_proto_fusion_a0p10_best_paraffin_to_frozen,0,1541,/home/data/yh_1/SET_3/p2p-src-zzh-2025/datasets/冰冻-2025/test_image/2022-06-28_11_18_14.kfb_192.jpg,122,136,77,59,45,0.5661764705882353,0.6311475409836066,0.5968992248062016,0,1,10200,6,136,136,5.106947076244964,6.3629154911288985,0,28,16,1,0,0,11,48
p2p_proto_fusion_a0p10_best_paraffin_to_frozen,0,1542,/home/data/yh_1/SET_3/p2p-src-zzh-2025/datasets/冰冻-2025/test_image/2022-06-28_11_21_44.kfb_2472.jpg,272,398,202,196,70,0.507537688442211,0.7426470588235294,0.6029850746268658,0,1,10200,1,399,398,4.703566474440968,5.9791330535813145,0,49,20,1,0,1,27,168
p2p_proto_fusion_a0p10_best_paraffin_to_frozen,0,1543,/home/data/yh_1/SET_3/p2p-src-zzh-2025/datasets/冰冻-2025/test_image/2022-06-28_11_21_44.kfb_1377.jpg,115,182,83,99,32,0.45604395604395603,0.7217391304347827,0.5589225589225589,0,1,10200,19,185,182,4.9788391433932455,6.2770591471568675,0,26,4,2,0,0,7,92
p2p_proto_fusion_a0p10_best_paraffin_to_frozen,0,1544,/home/data/yh_1/SET_3/p2p-src-zzh-2025/datasets/冰冻-2025/test_image/2022-06-28_11_20_39.kfb_888.jpg,138,317,116,201,22,0.3659305993690852,0.8405797101449275,0.50989010989011,0,1,10200,5,318,317,4.62080449254838,5.936417813958787,0,19,3,0,0,0,15,186
p2p_proto_fusion_a0p10_best_paraffin_to_frozen,0,1545,/home/data/yh_1/SET_3/p2p-src-zzh-2025/datasets/冰冻-2025/test_image/2022-06-28_11_20_39.kfb_2600.jpg,184,298,142,156,42,0.47651006711409394,0.7717391304347826,0.5892116182572614,0,1,10200,7,299,298,4.050799892564277,5.174744041872698,0,30,10,2,0,1,21,134
p2p_proto_fusion_a0p10_best_paraffin_to_frozen,0,1546,/home/data/yh_1/SET_3/p2p-src-zzh-2025/datasets/冰冻-2025/test_image/2022-06-28_11_21_44.kfb_1854.jpg,107,137,69,68,38,0.5036496350364964,0.6448598130841121,0.5655737704918034,0,1,10200,14,140,137,4.776251793318608,6.187941931296086,0,36,2,0,0,0,10,58
p2p_proto_fusion_a0p10_best_paraffin_to_frozen,0,1547,/home/data/yh_1/SET_3/p2p-src-zzh-2025/datasets/冰冻-2025/test_image/2022-06-28_11_11_09.kfb_575.jpg,0,323,0,0,0,0.0,0.0,0.0,1,0,10200,2,329,323,0.0,0.0,0,0,0,0,0,0,0,0
p2p_proto_fusion_a0p10_best_paraffin_to_frozen,0,1548,/home/data/yh_1/SET_3/p2p-src-zzh-2025/datasets/冰冻-2025/test_image/2022-06-28_11_20_39.kfb_3176.jpg,161,324,147,177,14,0.4537037037037037,0.9130434782608695,0.6061855670103092,0,1,10200,0,329,324,4.397061973907907,5.572941728189687,0,11,2,1,0,1,29,147
p2p_proto_fusion_a0p10_best_paraffin_to_frozen,0,1549,/home/data/yh_1/SET_3/p2p-src-zzh-2025/datasets/冰冻-2025/test_image/2022-06-28_11_21_44.kfb_1657.jpg,56,50,17,33,39,0.34,0.30357142857142855,0.32075471698113206,0,1,10200,19,50,50,5.782426940982177,7.364974302404063,0,38,0,1,0,0,0,33
p2p_proto_fusion_a0p10_best_paraffin_to_frozen,0,1550,/home/data/yh_1/SET_3/p2p-src-zzh-2025/datasets/冰冻-2025/test_image/2022-06-28_11_20_39.kfb_2979.jpg,79,258,72,186,7,0.27906976744186046,0.9113924050632911,0.42729970326409494,0,1,10200,14,261,258,4.6564759678570224,6.02922692563798,0,6,1,0,0,1,8,177
p2p_proto_fusion_a0p10_best_paraffin_to_frozen,0,1551,/home/data/yh_1/SET_3/p2p-src-zzh-2025/datasets/冰冻-2025/test_image/2022-06-28_11_11_09.kfb_1059.jpg,174,462,149,313,25,0.3225108225108225,0.8563218390804598,0.4685534591194969,0,1,10200,17,470,462,5.488701481020369,7.018428477664924,0,13,10,2,0,2,17,294
p2p_proto_fusion_a0p10_best_paraffin_to_frozen,0,1552,/home/data/yh_1/SET_3/p2p-src-zzh-2025/datasets/冰冻-2025/test_image/2022-06-28_11_12_06.kfb_1496.jpg,0,350,0,0,0,0.0,0.0,0.0,1,0,10200,5,350,350,0.0,0.0,0,0,0,0,0,0,0,0
p2p_proto_fusion_a0p10_best_paraffin_to_frozen,0,1553,/home/data/yh_1/SET_3/p2p-src-zzh-2025/datasets/冰冻-2025/test_image/2022-06-28_11_18_14.kfb_1506.jpg,6,9,3,6,3,0.3333333333333333,0.5,0.4,0,1,10200,26,9,9,4.853695355233374,6.268811543782562,0,2,1,0,0,0,1,5
p2p_proto_fusion_a0p10_best_paraffin_to_frozen,0,1554,/home/data/yh_1/SET_3/p2p-src-zzh-2025/datasets/冰冻-2025/test_image/2022-06-28_11_21_44.kfb_1702.jpg,127,179,84,95,43,0.4692737430167598,0.6614173228346457,0.5490196078431372,0,1,10200,14,179,179,4.689451272084692,5.98835767450787,0,37,5,1,0,0,14,81
p2p_proto_fusion_a0p10_best_paraffin_to_frozen,0,1555,/home/data/yh_1/SET_3/p2p-src-zzh-2025/datasets/冰冻-2025/test_image/2022-06-28_11_20_39.kfb_609.jpg,259,502,214,288,45,0.4262948207171315,0.8262548262548263,0.5624178712220763,0,1,10200,1,505,502,4.772429293099746,6.051374045487875,0,31,13,1,0,5,42,241
p2p_proto_fusion_a0p10_best_paraffin_to_frozen,0,1556,/home/data/yh_1/SET_3/p2p-src-zzh-2025/datasets/冰冻-2025/test_image/2022-06-28_11_20_39.kfb_539.jpg,263,452,228,224,35,0.504424778761062,0.8669201520912547,0.6377622377622377,0,1,10200,0,455,452,4.786918165102716,6.084785327576754,0,25,9,1,0,3,31,190
p2p_proto_fusion_a0p10_best_paraffin_to_frozen,0,1557,/home/data/yh_1/SET_3/p2p-src-zzh-2025/datasets/冰冻-2025/test_image/2022-06-28_11_20_39.kfb_2581.jpg,15,29,7,22,8,0.2413793103448276,0.4666666666666667,0.3181818181818182,0,1,10200,8,29,29,5.152793259821083,6.8716599600655615,0,8,0,0,0,0,1,21
p2p_proto_fusion_a0p10_best_paraffin_to_frozen,0,1558,/home/data/yh_1/SET_3/p2p-src-zzh-2025/datasets/冰冻-2025/test_image/2022-06-28_11_21_44.kfb_2524.jpg,87,291,68,223,19,0.23367697594501718,0.7816091954022989,0.3597883597883598,0,1,10200,26,295,291,6.204217245238425,7.839785262871878,0,10,8,1,0,0,15,208
p2p_proto_fusion_a0p10_best_paraffin_to_frozen,0,1559,/home/data/yh_1/SET_3/p2p-src-zzh-2025/datasets/冰冻-2025/test_image/2022-06-28_11_18_14.kfb_2157.jpg,11,26,7,19,4,0.2692307692307692,0.6363636363636364,0.37837837837837834,0,1,10200,14,27,26,7.043494132138855,9.147820063999719,0,4,0,0,0,0,0,19
p2p_proto_fusion_a0p10_best_paraffin_to_frozen,0,1560,/home/data/yh_1/SET_3/p2p-src-zzh-2025/datasets/冰冻-2025/test_image/2022-06-28_11_18_14.kfb_1459.jpg,58,60,32,28,26,0.5333333333333333,0.5517241379310345,0.5423728813559322,0,1,10200,6,61,60,4.5090755274080845,5.789180532097819,0,24,1,1,0,0,1,27
p2p_proto_fusion_a0p10_best_paraffin_to_frozen,0,1561,/home/data/yh_1/SET_3/p2p-src-zzh-2025/datasets/冰冻-2025/test_image/2022-06-28_11_21_44.kfb_1510.jpg,113,203,82,121,31,0.4039408866995074,0.7256637168141593,0.518987341772152,0,1,10200,13,203,203,4.515472854758348,5.714363580796776,0,25,6,0,0,0,13,108
p2p_proto_fusion_a0p10_best_paraffin_to_frozen,0,1562,/home/data/yh_1/SET_3/p2p-src-zzh-2025/datasets/冰冻-2025/test_image/2022-06-28_11_21_44.kfb_1318.jpg,188,280,155,125,33,0.5535714285714286,0.824468085106383,0.6623931623931624,0,1,10200,4,284,280,4.622659889664459,6.0176377265684025,0,22,9,2,0,0,18,107
p2p_proto_fusion_a0p10_best_paraffin_to_frozen,0,1563,/home/data/yh_1/SET_3/p2p-src-zzh-2025/datasets/冰冻-2025/test_image/2022-06-28_11_21_44.kfb_587.jpg,201,264,156,108,45,0.5909090909090909,0.7761194029850746,0.6709677419354839,0,1,10200,5,268,264,4.40091347631078,5.60942261035626,0,32,12,1,0,0,11,97
p2p_proto_fusion_a0p10_best_paraffin_to_frozen,0,1564,/home/data/yh_1/SET_3/p2p-src-zzh-2025/datasets/冰冻-2025/test_image/2022-06-28_11_21_44.kfb_832.jpg,417,747,368,379,49,0.4926372155287818,0.882494004796163,0.6323024054982818,0,1,10200,2,758,747,4.948292855016126,6.353705145094708,0,24,21,4,0,3,98,278
p2p_proto_fusion_a0p10_best_paraffin_to_frozen,0,1565,/home/data/yh_1/SET_3/p2p-src-zzh-2025/datasets/冰冻-2025/test_image/2022-06-28_11_20_39.kfb_1862.jpg,264,445,209,236,55,0.4696629213483146,0.7916666666666666,0.5895627644569816,0,1,10200,3,446,445,4.877376082723457,6.194919911297885,0,33,20,2,0,0,28,208
p2p_proto_fusion_a0p10_best_paraffin_to_frozen,0,1566,/home/data/yh_1/SET_3/p2p-src-zzh-2025/datasets/冰冻-2025/test_image/2022-06-28_11_20_39.kfb_869.jpg,248,460,211,249,37,0.45869565217391306,0.8508064516129032,0.5960451977401131,0,1,10200,5,464,460,4.261869428503189,5.434895067983329,0,25,10,2,0,1,36,212
p2p_proto_fusion_a0p10_best_paraffin_to_frozen,0,1567,/home/data/yh_1/SET_3/p2p-src-zzh-2025/datasets/冰冻-2025/test_image/2022-06-28_11_20_39.kfb_2749.jpg,142,262,117,145,25,0.44656488549618323,0.823943661971831,0.5792079207920792,0,1,10200,3,262,262,4.822554649535571,6.084361646929356,0,21,3,1,0,0,12,133
p2p_proto_fusion_a0p10_best_paraffin_to_frozen,0,1568,/home/data/yh_1/SET_3/p2p-src-zzh-2025/datasets/冰冻-2025/test_image/2022-06-28_11_11_09.kfb_1742.jpg,83,129,69,60,14,0.5348837209302325,0.8313253012048193,0.6509433962264151,0,1,10200,7,130,129,4.700498273590793,5.9200127988621905,0,11,3,0,0,1,4,55
p2p_proto_fusion_a0p10_best_paraffin_to_frozen,0,1569,/home/data/yh_1/SET_3/p2p-src-zzh-2025/datasets/冰冻-2025/test_image/2022-06-28_11_20_39.kfb_2502.jpg,106,188,82,106,24,0.43617021276595747,0.7735849056603774,0.5578231292517007,0,1,10200,11,188,188,4.505947909661872,5.828388935182152,0,23,1,0,0,0,8,98
p2p_proto_fusion_a0p10_best_paraffin_to_frozen,0,1570,/home/data/yh_1/SET_3/p2p-src-zzh-2025/datasets/冰冻-2025/test_image/2022-06-28_11_18_14.kfb_1865.jpg,35,46,24,22,11,0.5217391304347826,0.6857142857142857,0.5925925925925927,0,1,10200,5,46,46,4.90192438796265,6.220400849978128,0,11,0,0,0,0,0,22
p2p_proto_fusion_a0p10_best_paraffin_to_frozen,0,1571,/home/data/yh_1/SET_3/p2p-src-zzh-2025/datasets/冰冻-2025/test_image/2022-06-28_11_21_44.kfb_1202.jpg,251,418,207,211,44,0.49521531100478466,0.8247011952191236,0.6188340807174888,0,1,10200,6,419,418,4.541011469677446,5.699206766874896,0,28,15,1,0,1,29,181
p2p_proto_fusion_a0p10_best_paraffin_to_frozen,0,1572,/home/data/yh_1/SET_3/p2p-src-zzh-2025/datasets/冰冻-2025/test_image/2022-06-28_11_18_14.kfb_2912.jpg,67,83,53,30,14,0.6385542168674698,0.7910447761194029,0.7066666666666667,0,1,10200,10,84,83,3.9722962309000223,5.00612724951978,0,13,1,0,0,0,2,28
p2p_proto_fusion_a0p10_best_paraffin_to_frozen,0,1573,/home/data/yh_1/SET_3/p2p-src-zzh-2025/datasets/冰冻-2025/test_image/2022-06-28_11_21_44.kfb_1578.jpg,26,27,13,14,13,0.48148148148148145,0.5,0.49056603773584906,0,1,10200,22,27,27,6.290319282290836,7.912403473487258,0,11,2,0,0,0,2,12
p2p_proto_fusion_a0p10_best_paraffin_to_frozen,0,1574,/home/data/yh_1/SET_3/p2p-src-zzh-2025/datasets/冰冻-2025/test_image/2022-06-28_11_18_14.kfb_2922.jpg,164,194,118,76,46,0.6082474226804123,0.7195121951219512,0.659217877094972,0,1,10200,8,195,194,4.230664224948944,5.427722726838063,0,32,13,1,0,0,6,70
p2p_proto_fusion_a0p10_best_paraffin_to_frozen,0,1575,/home/data/yh_1/SET_3/p2p-src-zzh-2025/datasets/冰冻-2025/test_image/2022-06-28_11_11_09.kfb_2457.jpg,20,27,3,24,17,0.1111111111111111,0.15,0.12765957446808512,0,1,10200,1,27,27,6.868880302830765,7.4454968770345085,0,14,3,0,0,0,3,21
p2p_proto_fusion_a0p10_best_paraffin_to_frozen,0,1576,/home/data/yh_1/SET_3/p2p-src-zzh-2025/datasets/冰冻-2025/test_image/2022-06-28_11_21_44.kfb_1273.jpg,239,312,167,145,72,0.5352564102564102,0.698744769874477,0.6061705989110707,0,1,10200,0,316,312,5.427972114637436,6.960009492086081,0,56,12,4,0,0,20,125
p2p_proto_fusion_a0p10_best_paraffin_to_frozen,0,1577,/home/data/yh_1/SET_3/p2p-src-zzh-2025/datasets/冰冻-2025/test_image/2022-06-28_11_11_09.kfb_1029.jpg,19,130,17,113,2,0.13076923076923078,0.8947368421052632,0.22818791946308722,0,1,10200,7,131,130,4.757792907493126,5.7176785188562675,0,1,1,0,0,0,4,109
p2p_proto_fusion_a0p10_best_paraffin_to_frozen,0,1578,/home/data/yh_1/SET_3/p2p-src-zzh-2025/datasets/冰冻-2025/test_image/2022-06-28_11_18_14.kfb_546.jpg,29,31,14,17,15,0.45161290322580644,0.4827586206896552,0.4666666666666667,0,1,10200,9,32,31,4.778411250962226,5.951437541416705,0,12,1,2,0,0,0,17
p2p_proto_fusion_a0p10_best_paraffin_to_frozen,0,1579,/home/data/yh_1/SET_3/p2p-src-zzh-2025/datasets/冰冻-2025/test_image/2022-06-28_11_21_44.kfb_2236.jpg,270,416,212,204,58,0.5096153846153846,0.7851851851851852,0.6180758017492711,0,1,10200,3,422,416,4.715091413955822,5.947413928103898,0,44,13,1,0,5,25,174
p2p_proto_fusion_a0p10_best_paraffin_to_frozen,0,1580,/home/data/yh_1/SET_3/p2p-src-zzh-2025/datasets/冰冻-2025/test_image/2022-06-28_11_21_44.kfb_2090.jpg,99,189,68,121,31,0.35978835978835977,0.6868686868686869,0.47222222222222215,0,1,10200,5,189,189,4.26875779291207,5.446479615043194,0,25,4,2,0,0,9,112
p2p_proto_fusion_a0p10_best_paraffin_to_frozen,0,1581,/home/data/yh_1/SET_3/p2p-src-zzh-2025/datasets/冰冻-2025/test_image/2022-06-28_11_21_44.kfb_566.jpg,223,264,160,104,63,0.6060606060606061,0.7174887892376681,0.6570841889117043,0,1,10200,5,267,264,4.713974683703529,5.968293118476867,0,49,13,1,0,0,11,93
p2p_proto_fusion_a0p10_best_paraffin_to_frozen,0,1582,/home/data/yh_1/SET_3/p2p-src-zzh-2025/datasets/冰冻-2025/test_image/2022-06-28_11_21_44.kfb_2303.jpg,258,336,179,157,79,0.5327380952380952,0.6937984496124031,0.6026936026936027,0,1,10200,0,338,336,4.4762133844190615,5.6754965542415,0,51,23,5,0,0,23,134
p2p_proto_fusion_a0p10_best_paraffin_to_frozen,0,1583,/home/data/yh_1/SET_3/p2p-src-zzh-2025/datasets/冰冻-2025/test_image/2022-06-28_11_21_44.kfb_2251.jpg,123,209,96,113,27,0.45933014354066987,0.7804878048780488,0.5783132530120483,0,1,10200,1,210,209,5.307076505378421,6.731830287724731,0,18,6,3,0,4,17,92
p2p_proto_fusion_a0p10_best_paraffin_to_frozen,0,1584,/home/data/yh_1/SET_3/p2p-src-zzh-2025/datasets/冰冻-2025/test_image/2022-06-28_11_21_44.kfb_822.jpg,347,651,317,334,30,0.4869431643625192,0.9135446685878963,0.6352705410821643,0,1,10200,2,657,651,4.7475397608895875,6.027316716191143,0,13,11,6,0,3,74,257
p2p_proto_fusion_a0p10_best_paraffin_to_frozen,0,1585,/home/data/yh_1/SET_3/p2p-src-zzh-2025/datasets/冰冻-2025/test_image/2022-06-28_11_11_09.kfb_2600.jpg,143,111,69,42,74,0.6216216216216216,0.4825174825174825,0.5433070866141733,0,1,10200,3,111,111,5.589643687643893,7.09901599607606,0,67,6,1,0,0,6,36
p2p_proto_fusion_a0p10_best_paraffin_to_frozen,0,1586,/home/data/yh_1/SET_3/p2p-src-zzh-2025/datasets/冰冻-2025/test_image/2022-06-28_11_21_44.kfb_1121.jpg,406,650,360,290,46,0.5538461538461539,0.8866995073891626,0.6818181818181819,0,1,10200,1,656,650,4.608702881903545,5.849468774265713,0,23,21,2,0,5,68,217
p2p_proto_fusion_a0p10_best_paraffin_to_frozen,0,1587,/home/data/yh_1/SET_3/p2p-src-zzh-2025/datasets/冰冻-2025/test_image/2022-06-28_11_20_39.kfb_1045.jpg,435,620,353,267,82,0.5693548387096774,0.8114942528735632,0.6691943127962086,0,1,10200,1,626,620,4.634956476794438,5.869221706228283,0,47,34,1,0,5,75,187
p2p_proto_fusion_a0p10_best_paraffin_to_frozen,0,1588,/home/data/yh_1/SET_3/p2p-src-zzh-2025/datasets/冰冻-2025/test_image/2022-06-28_11_20_39.kfb_1416.jpg,27,63,23,40,4,0.36507936507936506,0.8518518518518519,0.5111111111111111,0,1,10200,7,63,63,3.9036566364222516,5.098671747290571,0,3,1,0,0,0,2,38
p2p_proto_fusion_a0p10_best_paraffin_to_frozen,0,1589,/home/data/yh_1/SET_3/p2p-src-zzh-2025/datasets/冰冻-2025/test_image/2022-06-28_11_20_39.kfb_1779.jpg,237,385,187,198,50,0.4857142857142857,0.7890295358649789,0.6012861736334405,0,1,10200,2,389,385,5.091307620406875,6.501782385423223,0,34,15,1,0,1,19,178
p2p_proto_fusion_a0p10_best_paraffin_to_frozen,0,1590,/home/data/yh_1/SET_3/p2p-src-zzh-2025/datasets/冰冻-2025/test_image/2022-06-28_11_21_44.kfb_1693.jpg,217,312,172,140,45,0.5512820512820513,0.7926267281105991,0.6502835538752364,0,1,10200,4,317,312,4.520503365354191,5.759823214176094,0,34,10,1,0,2,18,120
p2p_proto_fusion_a0p10_best_paraffin_to_frozen,0,1591,/home/data/yh_1/SET_3/p2p-src-zzh-2025/datasets/冰冻-2025/test_image/2022-06-28_11_18_14.kfb_2839.jpg,33,55,26,29,7,0.4727272727272727,0.7878787878787878,0.5909090909090909,0,1,10200,3,55,55,4.0136504827853265,5.0656330402080805,0,5,1,1,0,1,1,27
p2p_proto_fusion_a0p10_best_paraffin_to_frozen,0,1592,/home/data/yh_1/SET_3/p2p-src-zzh-2025/datasets/冰冻-2025/test_image/2022-06-28_11_18_14.kfb_756.jpg,45,44,22,22,23,0.5,0.4888888888888889,0.4943820224719101,0,1,10200,10,44,44,3.9170325598028772,4.935904188589614,0,16,7,0,0,0,0,22
p2p_proto_fusion_a0p10_best_paraffin_to_frozen,0,1593,/home/data/yh_1/SET_3/p2p-src-zzh-2025/datasets/冰冻-2025/test_image/2022-06-28_11_18_14.kfb_350.jpg,17,16,7,9,10,0.4375,0.4117647058823529,0.42424242424242425,0,1,10200,8,16,16,3.38735657014153,4.505568640572684,0,9,1,0,0,0,0,9
p2p_proto_fusion_a0p10_best_paraffin_to_frozen,0,1594,/home/data/yh_1/SET_3/p2p-src-zzh-2025/datasets/冰冻-2025/test_image/2022-06-28_11_11_09.kfb_1478.jpg,174,387,151,236,23,0.39018087855297157,0.867816091954023,0.5383244206773617,0,1,10200,16,392,387,5.12120874200248,6.552462565188378,0,12,5,6,0,0,25,211
p2p_proto_fusion_a0p10_best_paraffin_to_frozen,0,1595,/home/data/yh_1/SET_3/p2p-src-zzh-2025/datasets/冰冻-2025/test_image/2022-06-28_11_21_44.kfb_2460.jpg,181,307,138,169,43,0.4495114006514658,0.7624309392265194,0.5655737704918032,0,1,10200,3,309,307,5.25987715854347,6.74344366413375,0,30,10,3,0,0,19,150
p2p_proto_fusion_a0p10_best_paraffin_to_frozen,0,1596,/home/data/yh_1/SET_3/p2p-src-zzh-2025/datasets/冰冻-2025/test_image/2022-06-28_11_18_14.kfb_1948.jpg,105,150,86,64,19,0.5733333333333334,0.819047619047619,0.6745098039215686,0,1,10200,7,151,150,4.21515750062371,5.400017305862074,0,14,4,1,0,1,14,49
p2p_proto_fusion_a0p10_best_paraffin_to_frozen,0,1597,/home/data/yh_1/SET_3/p2p-src-zzh-2025/datasets/冰冻-2025/test_image/2022-06-28_11_21_44.kfb_2470.jpg,161,280,118,162,43,0.42142857142857143,0.7329192546583851,0.5351473922902494,0,1,10200,0,284,280,4.9340805895269275,6.244017734365945,0,21,14,8,0,0,22,140
p2p_proto_fusion_a0p10_best_paraffin_to_frozen,0,1598,/home/data/yh_1/SET_3/p2p-src-zzh-2025/datasets/冰冻-2025/test_image/2022-06-28_11_11_09.kfb_2162.jpg,236,391,199,192,37,0.5089514066496164,0.8432203389830508,0.634768740031898,0,1,10200,1,396,391,5.04973135588113,6.391898260643736,0,19,16,2,0,4,33,155
p2p_proto_fusion_a0p10_best_paraffin_to_frozen,0,1599,/home/data/yh_1/SET_3/p2p-src-zzh-2025/datasets/冰冻-2025/test_image/2022-06-28_11_11_09.kfb_2371.jpg,243,466,214,252,29,0.4592274678111588,0.8806584362139918,0.6036671368124119,0,1,10200,10,474,466,4.716891974923892,5.96521257128671,0,15,10,4,0,3,48,201
p2p_proto_fusion_a0p10_best_paraffin_to_frozen,0,1600,/home/data/yh_1/SET_3/p2p-src-zzh-2025/datasets/冰冻-2025/test_image/2022-06-28_11_21_44.kfb_1437.jpg,78,100,54,46,24,0.54,0.6923076923076923,0.6067415730337079,0,1,10200,9,102,100,4.8569185768362,6.288773836912932,0,21,2,1,0,1,4,41
p2p_proto_fusion_a0p10_best_paraffin_to_frozen,0,1601,/home/data/yh_1/SET_3/p2p-src-zzh-2025/datasets/冰冻-2025/test_image/2022-06-28_11_18_14.kfb_2657.jpg,58,74,39,35,19,0.527027027027027,0.6724137931034483,0.5909090909090909,0,1,10200,15,75,74,4.5626300721829685,5.771045611454888,0,16,2,1,0,0,6,29
p2p_proto_fusion_a0p10_best_paraffin_to_frozen,0,1602,/home/data/yh_1/SET_3/p2p-src-zzh-2025/datasets/冰冻-2025/test_image/2022-06-28_11_18_14.kfb_1256.jpg,61,72,36,36,25,0.5,0.5901639344262295,0.5413533834586466,0,1,10200,12,74,72,5.42649180742098,6.943071007728576,0,22,3,0,0,0,2,34
p2p_proto_fusion_a0p10_best_paraffin_to_frozen,0,1603,/home/data/yh_1/SET_3/p2p-src-zzh-2025/datasets/冰冻-2025/test_image/2022-06-28_11_21_44.kfb_1278.jpg,280,573,252,321,28,0.4397905759162304,0.9,0.5908558030480656,0,1,10200,7,581,573,4.426940101821953,5.579922127345252,0,14,9,5,0,2,45,274
p2p_proto_fusion_a0p10_best_paraffin_to_frozen,0,1604,/home/data/yh_1/SET_3/p2p-src-zzh-2025/datasets/冰冻-2025/test_image/2022-06-28_11_20_39.kfb_1250.jpg,77,171,62,109,15,0.36257309941520466,0.8051948051948052,0.4999999999999999,0,1,10200,6,173,171,4.486312570789537,5.6661960655643115,0,11,4,0,0,0,11,98
p2p_proto_fusion_a0p10_best_paraffin_to_frozen,0,1605,/home/data/yh_1/SET_3/p2p-src-zzh-2025/datasets/冰冻-2025/test_image/2022-06-28_11_21_44.kfb_533.jpg,97,102,62,40,35,0.6078431372549019,0.6391752577319587,0.6231155778894472,0,1,10200,1,104,102,4.603167068631871,6.008524210222305,0,22,12,1,0,0,11,29
p2p_proto_fusion_a0p10_best_paraffin_to_frozen,0,1606,/home/data/yh_1/SET_3/p2p-src-zzh-2025/datasets/冰冻-2025/test_image/2022-06-28_11_18_14.kfb_1621.jpg,184,238,151,87,33,0.634453781512605,0.8206521739130435,0.7156398104265402,0,1,10200,0,239,238,4.289386175276073,5.486011603020676,0,24,8,1,0,0,15,72
p2p_proto_fusion_a0p10_best_paraffin_to_frozen,0,1607,/home/data/yh_1/SET_3/p2p-src-zzh-2025/datasets/冰冻-2025/test_image/2022-06-28_11_11_09.kfb_1687.jpg,24,102,19,83,5,0.18627450980392157,0.7916666666666666,0.3015873015873016,0,1,10200,11,103,102,5.838399403511964,7.574261364183933,0,3,2,0,0,0,2,81
p2p_proto_fusion_a0p10_best_paraffin_to_frozen,0,1608,/home/data/yh_1/SET_3/p2p-src-zzh-2025/datasets/冰冻-2025/test_image/2022-06-28_11_18_14.kfb_1084.jpg,160,155,121,34,39,0.7806451612903226,0.75625,0.7682539682539682,0,1,10200,5,158,155,6.009875390137376,7.637366906529574,0,31,8,0,0,2,5,27
p2p_proto_fusion_a0p10_best_paraffin_to_frozen,0,1609,/home/data/yh_1/SET_3/p2p-src-zzh-2025/datasets/冰冻-2025/test_image/2022-06-28_11_20_39.kfb_3063.jpg,45,169,39,130,6,0.23076923076923078,0.8666666666666667,0.3644859813084112,0,1,10200,5,170,169,4.722564338548399,6.03856563568115,0,6,0,0,0,1,7,122
p2p_proto_fusion_a0p10_best_paraffin_to_frozen,0,1610,/home/data/yh_1/SET_3/p2p-src-zzh-2025/datasets/冰冻-2025/test_image/2022-06-28_11_18_14.kfb_2736.jpg,66,113,49,64,17,0.4336283185840708,0.7424242424242424,0.547486033519553,0,1,10200,8,114,113,3.863370932569431,4.773261848761107,0,14,3,0,0,1,6,57
p2p_proto_fusion_a0p10_best_paraffin_to_frozen,0,1611,/home/data/yh_1/SET_3/p2p-src-zzh-2025/datasets/冰冻-2025/test_image/2022-06-28_11_21_44.kfb_976.jpg,187,294,130,164,57,0.4421768707482993,0.6951871657754011,0.5405405405405406,0,1,10200,8,296,294,5.09665313137577,6.479031071296105,0,41,13,3,0,0,19,145
p2p_proto_fusion_a0p10_best_paraffin_to_frozen,0,1612,/home/data/yh_1/SET_3/p2p-src-zzh-2025/datasets/冰冻-2025/test_image/2022-06-28_11_20_39.kfb_1880.jpg,411,628,351,277,60,0.5589171974522293,0.8540145985401459,0.6756496631376323,0,1,10200,3,633,628,4.748661946529793,6.088627921210395,0,30,28,2,0,1,79,197
p2p_proto_fusion_a0p10_best_paraffin_to_frozen,0,1613,/home/data/yh_1/SET_3/p2p-src-zzh-2025/datasets/冰冻-2025/test_image/2022-06-28_11_21_44.kfb_1361.jpg,98,103,59,44,39,0.5728155339805825,0.6020408163265306,0.5870646766169154,0,1,10200,8,105,103,4.387160624872817,5.547840554835433,0,29,8,2,0,0,2,42
p2p_proto_fusion_a0p10_best_paraffin_to_frozen,0,1614,/home/data/yh_1/SET_3/p2p-src-zzh-2025/datasets/冰冻-2025/test_image/2022-06-28_11_20_39.kfb_2763.jpg,123,289,105,184,18,0.3633217993079585,0.8536585365853658,0.5097087378640778,0,1,10200,1,292,289,4.135244942216079,5.282773385729111,0,15,3,0,0,0,19,165
p2p_proto_fusion_a0p10_best_paraffin_to_frozen,0,1615,/home/data/yh_1/SET_3/p2p-src-zzh-2025/datasets/冰冻-2025/test_image/2022-06-28_11_11_09.kfb_2534.jpg,0,271,0,0,0,0.0,0.0,0.0,1,0,10200,44,273,271,0.0,0.0,0,0,0,0,0,0,0,0
p2p_proto_fusion_a0p10_best_paraffin_to_frozen,0,1616,/home/data/yh_1/SET_3/p2p-src-zzh-2025/datasets/冰冻-2025/test_image/2022-06-28_11_11_09.kfb_2335.jpg,12,22,6,16,6,0.2727272727272727,0.5,0.3529411764705882,0,1,10200,12,22,22,3.547285328870572,4.660762468973796,0,5,1,0,0,0,0,16
p2p_proto_fusion_a0p10_best_paraffin_to_frozen,0,1617,/home/data/yh_1/SET_3/p2p-src-zzh-2025/datasets/冰冻-2025/test_image/2022-06-28_11_20_39.kfb_1939.jpg,341,484,267,217,74,0.5516528925619835,0.782991202346041,0.6472727272727272,0,1,10200,1,487,484,4.550320942965636,5.808084259318948,0,45,25,4,0,1,46,170
p2p_proto_fusion_a0p10_best_paraffin_to_frozen,0,1618,/home/data/yh_1/SET_3/p2p-src-zzh-2025/datasets/冰冻-2025/test_image/2022-06-28_11_21_44.kfb_2002.jpg,130,325,108,217,22,0.3323076923076923,0.8307692307692308,0.4747252747252747,0,1,10200,1,328,325,4.445717115711371,5.610548434434114,0,14,8,0,0,0,26,191
p2p_proto_fusion_a0p10_best_paraffin_to_frozen,0,1619,/home/data/yh_1/SET_3/p2p-src-zzh-2025/datasets/冰冻-2025/test_image/2022-06-28_11_21_44.kfb_1267.jpg,202,398,173,225,29,0.43467336683417085,0.8564356435643564,0.5766666666666667,0,1,10200,1,403,398,4.521117254808568,5.777221015423018,0,19,6,4,0,0,20,205
p2p_proto_fusion_a0p10_best_paraffin_to_frozen,0,1620,/home/data/yh_1/SET_3/p2p-src-zzh-2025/datasets/冰冻-2025/test_image/2022-06-28_11_20_39.kfb_1158.jpg,66,172,53,119,13,0.3081395348837209,0.803030303030303,0.44537815126050423,0,1,10200,2,173,172,5.256310755190853,6.81329133375636,0,11,2,0,0,0,6,113
p2p_proto_fusion_a0p10_best_paraffin_to_frozen,0,1621,/home/data/yh_1/SET_3/p2p-src-zzh-2025/datasets/冰冻-2025/test_image/2022-06-28_11_20_39.kfb_2452.jpg,255,484,217,267,38,0.44834710743801653,0.8509803921568627,0.5872801082543979,0,1,10200,0,490,484,5.052191036148228,6.418951183969524,0,16,21,1,0,3,66,198
p2p_proto_fusion_a0p10_best_paraffin_to_frozen,0,1622,/home/data/yh_1/SET_3/p2p-src-zzh-2025/datasets/冰冻-2025/test_image/2022-06-28_11_18_14.kfb_2824.jpg,56,81,38,43,18,0.4691358024691358,0.6785714285714286,0.5547445255474452,0,1,10200,3,82,81,4.820235677343659,5.95012529272782,0,15,3,0,0,2,1,40
p2p_proto_fusion_a0p10_best_paraffin_to_frozen,0,1623,/home/data/yh_1/SET_3/p2p-src-zzh-2025/datasets/冰冻-2025/test_image/2022-06-28_11_11_09.kfb_2013.jpg,390,474,287,187,103,0.6054852320675106,0.735897435897436,0.6643518518518519,0,1,10200,3,478,474,5.006237029123282,6.369314932241672,0,54,43,6,0,4,39,144
p2p_proto_fusion_a0p10_best_paraffin_to_frozen,0,1624,/home/data/yh_1/SET_3/p2p-src-zzh-2025/datasets/冰冻-2025/test_image/2022-06-28_11_21_44.kfb_252.jpg,232,380,180,200,52,0.47368421052631576,0.7758620689655172,0.588235294117647,0,1,10200,1,383,380,5.1651246463033065,6.5908309618632,0,37,13,2,0,0,26,174
p2p_proto_fusion_a0p10_best_paraffin_to_frozen,0,1625,/home/data/yh_1/SET_3/p2p-src-zzh-2025/datasets/冰冻-2025/test_image/2022-06-28_11_20_39.kfb_2930.jpg,89,202,71,131,18,0.35148514851485146,0.797752808988764,0.48797250859106533,0,1,10200,2,205,202,4.342329078097921,5.558170157419125,0,17,1,0,0,0,15,116
p2p_proto_fusion_a0p10_best_paraffin_to_frozen,0,1626,/home/data/yh_1/SET_3/p2p-src-zzh-2025/datasets/冰冻-2025/test_image/2022-06-28_11_21_44.kfb_1831.jpg,152,249,120,129,32,0.4819277108433735,0.7894736842105263,0.5985037406483791,0,1,10200,3,252,249,4.208626987685833,5.336707492669421,0,20,9,3,0,1,22,106
p2p_proto_fusion_a0p10_best_paraffin_to_frozen,0,1627,/home/data/yh_1/SET_3/p2p-src-zzh-2025/datasets/冰冻-2025/test_image/2022-06-28_11_21_44.kfb_2522.jpg,83,131,47,84,36,0.35877862595419846,0.5662650602409639,0.4392523364485982,0,1,10200,0,132,131,4.922668423563908,6.294169294073223,0,27,8,1,0,0,4,80
p2p_proto_fusion_a0p10_best_paraffin_to_frozen,0,1628,/home/data/yh_1/SET_3/p2p-src-zzh-2025/datasets/冰冻-2025/test_image/2022-06-28_11_21_44.kfb_2515.jpg,412,482,318,164,94,0.6597510373443983,0.7718446601941747,0.7114093959731543,0,1,10200,0,486,482,5.270990769741952,6.710170931786111,0,58,30,6,0,2,29,133
p2p_proto_fusion_a0p10_best_paraffin_to_frozen,0,1629,/home/data/yh_1/SET_3/p2p-src-zzh-2025/datasets/冰冻-2025/test_image/2022-06-28_11_12_06.kfb_2981.jpg,0,414,0,0,0,0.0,0.0,0.0,1,0,10200,1,422,414,0.0,0.0,0,0,0,0,0,0,0,0
p2p_proto_fusion_a0p10_best_paraffin_to_frozen,0,1630,/home/data/yh_1/SET_3/p2p-src-zzh-2025/datasets/冰冻-2025/test_image/2022-06-28_11_20_39.kfb_2674.jpg,101,213,84,129,17,0.39436619718309857,0.8316831683168316,0.5350318471337578,0,1,10200,11,213,213,4.196759794746135,5.332475514638991,0,10,4,3,0,0,21,108
p2p_proto_fusion_a0p10_best_paraffin_to_frozen,0,1631,/home/data/yh_1/SET_3/p2p-src-zzh-2025/datasets/冰冻-2025/test_image/2022-06-28_11_20_39.kfb_670.jpg,162,241,113,128,49,0.46887966804979253,0.6975308641975309,0.5607940446650124,0,1,10200,5,243,241,5.258461645390172,6.775762899787021,0,38,11,0,0,0,11,117
p2p_proto_fusion_a0p10_best_paraffin_to_frozen,0,1632,/home/data/yh_1/SET_3/p2p-src-zzh-2025/datasets/冰冻-2025/test_image/2022-06-28_11_21_44.kfb_648.jpg,214,331,173,158,41,0.5226586102719033,0.8084112149532711,0.634862385321101,0,1,10200,2,332,331,4.466399820933043,5.662357561850133,0,35,6,0,0,1,23,134
p2p_proto_fusion_a0p10_best_paraffin_to_frozen,0,1633,/home/data/yh_1/SET_3/p2p-src-zzh-2025/datasets/冰冻-2025/test_image/2022-06-28_11_20_39.kfb_974.jpg,305,722,277,445,28,0.38365650969529086,0.9081967213114754,0.5394352482960078,0,1,10200,6,731,722,4.699491939678025,5.996001138583846,0,14,11,3,0,3,77,365
p2p_proto_fusion_a0p10_best_paraffin_to_frozen,0,1634,/home/data/yh_1/SET_3/p2p-src-zzh-2025/datasets/冰冻-2025/test_image/2022-06-28_11_11_09.kfb_2319.jpg,45,64,32,32,13,0.5,0.7111111111111111,0.5871559633027522,0,1,10200,1,64,64,4.656608150647901,5.998433858156208,0,9,4,0,0,0,2,30
p2p_proto_fusion_a0p10_best_paraffin_to_frozen,0,1635,/home/data/yh_1/SET_3/p2p-src-zzh-2025/datasets/冰冻-2025/test_image/2022-06-28_11_21_44.kfb_2596.jpg,123,239,98,141,25,0.4100418410041841,0.7967479674796748,0.5414364640883979,0,1,10200,0,242,239,5.362805363438859,6.839855614156999,0,18,4,3,0,3,13,125
p2p_proto_fusion_a0p10_best_paraffin_to_frozen,0,1636,/home/data/yh_1/SET_3/p2p-src-zzh-2025/datasets/冰冻-2025/test_image/2022-06-28_11_21_44.kfb_1434.jpg,162,226,125,101,37,0.5530973451327433,0.7716049382716049,0.6443298969072164,0,1,10200,4,230,226,4.730784380353098,5.949332651138308,0,25,10,2,0,1,19,81
p2p_proto_fusion_a0p10_best_paraffin_to_frozen,0,1637,/home/data/yh_1/SET_3/p2p-src-zzh-2025/datasets/冰冻-2025/test_image/2022-06-28_11_18_14.kfb_2906.jpg,39,54,25,29,14,0.46296296296296297,0.6410256410256411,0.5376344086021506,0,1,10200,10,55,54,5.184989092431685,6.693765678405761,0,11,3,0,0,0,2,27
p2p_proto_fusion_a0p10_best_paraffin_to_frozen,0,1638,/home/data/yh_1/SET_3/p2p-src-zzh-2025/datasets/冰冻-2025/test_image/2022-06-28_11_21_44.kfb_1450.jpg,329,548,274,274,55,0.5,0.8328267477203647,0.6248574686431015,0,1,10200,0,554,548,5.124909900401126,6.48486884144971,0,31,17,7,0,2,56,216
p2p_proto_fusion_a0p10_best_paraffin_to_frozen,0,1639,/home/data/yh_1/SET_3/p2p-src-zzh-2025/datasets/冰冻-2025/test_image/2022-06-28_11_21_44.kfb_2307.jpg,200,464,176,288,24,0.3793103448275862,0.88,0.5301204819277108,0,1,10200,1,467,464,5.049109000003216,6.43694145072162,0,13,9,2,0,3,38,247
p2p_proto_fusion_a0p10_best_paraffin_to_frozen,0,1640,/home/data/yh_1/SET_3/p2p-src-zzh-2025/datasets/冰冻-2025/test_image/2022-06-28_11_21_44.kfb_1672.jpg,72,93,47,46,25,0.5053763440860215,0.6527777777777778,0.5696969696969698,0,1,10200,3,98,93,4.507575887094744,5.685950360399604,0,22,2,1,0,0,6,40
p2p_proto_fusion_a0p10_best_paraffin_to_frozen,0,1641,/home/data/yh_1/SET_3/p2p-src-zzh-2025/datasets/冰冻-2025/test_image/2022-06-28_11_21_44.kfb_1973.jpg,143,484,134,350,9,0.2768595041322314,0.9370629370629371,0.4274322169059011,0,1,10200,6,501,484,4.8910747207029965,6.211067334929511,0,5,3,1,0,1,28,321
p2p_proto_fusion_a0p10_best_paraffin_to_frozen,0,1642,/home/data/yh_1/SET_3/p2p-src-zzh-2025/datasets/冰冻-2025/test_image/2022-06-28_11_11_09.kfb_517.jpg,69,197,55,142,14,0.27918781725888325,0.7971014492753623,0.41353383458646614,0,1,10200,5,199,197,5.818205137544095,7.365992268649013,0,12,2,0,0,0,5,137
p2p_proto_fusion_a0p10_best_paraffin_to_frozen,0,1643,/home/data/yh_1/SET_3/p2p-src-zzh-2025/datasets/冰冻-2025/test_image/2022-06-28_11_20_39.kfb_963.jpg,422,633,355,278,67,0.5608214849921012,0.8412322274881516,0.6729857819905214,0,1,10200,1,635,633,4.538589918262291,5.811429006952638,0,34,30,3,0,1,58,219
p2p_proto_fusion_a0p10_best_paraffin_to_frozen,0,1644,/home/data/yh_1/SET_3/p2p-src-zzh-2025/datasets/冰冻-2025/test_image/2022-06-28_11_21_44.kfb_1927.jpg,427,735,377,358,50,0.5129251700680272,0.882903981264637,0.648881239242685,0,1,10200,3,742,735,4.773643936338152,6.037404204553254,0,23,21,6,0,2,68,288
p2p_proto_fusion_a0p10_best_paraffin_to_frozen,0,1645,/home/data/yh_1/SET_3/p2p-src-zzh-2025/datasets/冰冻-2025/test_image/2022-06-28_11_20_39.kfb_1115.jpg,253,446,211,235,42,0.4730941704035874,0.83399209486166,0.6037195994277539,0,1,10200,3,453,446,4.4035197583923935,5.618213077292056,0,29,9,4,0,4,39,192
p2p_proto_fusion_a0p10_best_paraffin_to_frozen,0,1646,/home/data/yh_1/SET_3/p2p-src-zzh-2025/datasets/冰冻-2025/test_image/2022-06-28_11_18_14.kfb_3063.jpg,137,156,84,72,53,0.5384615384615384,0.6131386861313869,0.5733788395904437,0,1,10200,10,157,156,4.5384912757167495,5.8735816876093505,0,40,11,2,0,0,11,61
p2p_proto_fusion_a0p10_best_paraffin_to_frozen,0,1647,/home/data/yh_1/SET_3/p2p-src-zzh-2025/datasets/冰冻-2025/test_image/2022-06-28_11_21_44.kfb_838.jpg,149,285,118,167,31,0.41403508771929826,0.7919463087248322,0.543778801843318,0,1,10200,1,290,285,4.809309326364972,6.142812320741554,0,23,8,0,0,0,21,146
p2p_proto_fusion_a0p10_best_paraffin_to_frozen,0,1648,/home/data/yh_1/SET_3/p2p-src-zzh-2025/datasets/冰冻-2025/test_image/2022-06-28_11_21_44.kfb_1209.jpg,154,209,113,96,41,0.5406698564593302,0.7337662337662337,0.6225895316804407,0,1,10200,12,211,209,4.631503134894223,5.884519815444947,0,29,10,2,0,1,14,81
p2p_proto_fusion_a0p10_best_paraffin_to_frozen,0,1649,/home/data/yh_1/SET_3/p2p-src-zzh-2025/datasets/冰冻-2025/test_image/2022-06-28_11_20_39.kfb_1744.jpg,179,293,146,147,33,0.49829351535836175,0.8156424581005587,0.6186440677966102,0,1,10200,2,297,293,4.782847562830517,6.126801460573118,0,20,10,3,0,4,25,118
p2p_proto_fusion_a0p10_best_paraffin_to_frozen,0,1650,/home/data/yh_1/SET_3/p2p-src-zzh-2025/datasets/冰冻-2025/test_image/2022-06-28_11_20_39.kfb_681.jpg,194,398,165,233,29,0.41457286432160806,0.8505154639175257,0.5574324324324323,0,1,10200,3,399,398,4.57095718665667,5.960489943533234,0,14,11,4,0,1,30,202
p2p_proto_fusion_a0p10_best_paraffin_to_frozen,0,1651,/home/data/yh_1/SET_3/p2p-src-zzh-2025/datasets/冰冻-2025/test_image/2022-06-28_11_21_44.kfb_2343.jpg,153,262,113,149,40,0.4312977099236641,0.738562091503268,0.5445783132530121,0,1,10200,4,264,262,4.693054781629412,5.975470754489859,0,30,9,1,0,2,10,137
p2p_proto_fusion_a0p10_best_paraffin_to_frozen,0,1652,/home/data/yh_1/SET_3/p2p-src-zzh-2025/datasets/冰冻-2025/test_image/2022-06-28_11_20_39.kfb_1598.jpg,237,423,198,225,39,0.46808510638297873,0.8354430379746836,0.6000000000000001,0,1,10200,5,426,423,4.440708881218198,5.6478488619881455,0,25,11,3,0,1,28,196
p2p_proto_fusion_a0p10_best_paraffin_to_frozen,0,1653,/home/data/yh_1/SET_3/p2p-src-zzh-2025/datasets/冰冻-2025/test_image/2022-06-28_11_18_14.kfb_1213.jpg,36,41,21,20,15,0.5121951219512195,0.5833333333333334,0.5454545454545454,0,1,10200,7,42,41,4.678200788500778,6.164361136300223,0,13,2,0,0,0,3,17
p2p_proto_fusion_a0p10_best_paraffin_to_frozen,0,1654,/home/data/yh_1/SET_3/p2p-src-zzh-2025/datasets/冰冻-2025/test_image/2022-06-28_11_20_39.kfb_2527.jpg,192,370,156,214,36,0.42162162162162165,0.8125,0.5551601423487544,0,1,10200,1,372,370,4.794158016061405,6.107261202274224,0,29,6,1,0,1,26,187
p2p_proto_fusion_a0p10_best_paraffin_to_frozen,0,1655,/home/data/yh_1/SET_3/p2p-src-zzh-2025/datasets/冰冻-2025/test_image/2022-06-28_11_20_39.kfb_1184.jpg,296,572,258,314,38,0.45104895104895104,0.8716216216216216,0.5944700460829492,0,1,10200,1,576,572,4.769386689388938,6.135007673455764,0,24,12,2,0,5,54,255
p2p_proto_fusion_a0p10_best_paraffin_to_frozen,0,1656,/home/data/yh_1/SET_3/p2p-src-zzh-2025/datasets/冰冻-2025/test_image/2022-06-28_11_18_14.kfb_2910.jpg,17,35,9,26,8,0.2571428571428571,0.5294117647058824,0.34615384615384615,0,1,10200,0,36,35,3.5094217047466607,4.497621324327251,0,8,0,0,0,0,0,26
p2p_proto_fusion_a0p10_best_paraffin_to_frozen,0,1657,/home/data/yh_1/SET_3/p2p-src-zzh-2025/datasets/冰冻-2025/test_image/2022-06-28_11_21_44.kfb_2582.jpg,272,294,196,98,76,0.6666666666666666,0.7205882352941176,0.6925795053003533,0,1,10200,3,296,294,4.737070539699465,6.013000753178942,0,59,16,1,0,3,31,64
p2p_proto_fusion_a0p10_best_paraffin_to_frozen,0,1658,/home/data/yh_1/SET_3/p2p-src-zzh-2025/datasets/冰冻-2025/test_image/2022-06-28_11_18_14.kfb_400.jpg,64,75,51,24,13,0.68,0.796875,0.7338129496402876,0,1,10200,14,75,75,4.041523465022896,5.294939013088451,0,10,3,0,0,0,3,21
p2p_proto_fusion_a0p10_best_paraffin_to_frozen,0,1659,/home/data/yh_1/SET_3/p2p-src-zzh-2025/datasets/冰冻-2025/test_image/2022-06-28_11_20_39.kfb_2660.jpg,62,122,47,75,15,0.38524590163934425,0.7580645161290323,0.5108695652173914,0,1,10200,2,123,122,4.433280012627018,5.736970130433432,0,14,1,0,0,0,7,68
p2p_proto_fusion_a0p10_best_paraffin_to_frozen,0,1660,/home/data/yh_1/SET_3/p2p-src-zzh-2025/datasets/冰冻-2025/test_image/2022-06-28_11_20_39.kfb_2176.jpg,296,469,264,205,32,0.5628997867803838,0.8918918918918919,0.6901960784313727,0,1,10200,9,472,469,4.29013560949883,5.444500616102507,0,18,8,6,0,4,32,169
p2p_proto_fusion_a0p10_best_paraffin_to_frozen,0,1661,/home/data/yh_1/SET_3/p2p-src-zzh-2025/datasets/冰冻-2025/test_image/2022-06-28_11_11_09.kfb_567.jpg,377,345,239,106,138,0.6927536231884058,0.6339522546419099,0.662049861495845,0,1,10200,3,347,345,4.610212775245194,5.867883620401807,0,101,32,5,0,0,14,92
p2p_proto_fusion_a0p10_best_paraffin_to_frozen,0,1662,/home/data/yh_1/SET_3/p2p-src-zzh-2025/datasets/冰冻-2025/test_image/2022-06-28_11_18_14.kfb_399.jpg,39,54,21,33,18,0.3888888888888889,0.5384615384615384,0.45161290322580644,0,1,10200,3,54,54,4.829188745618805,6.026740891592839,0,15,3,0,0,0,3,30
p2p_proto_fusion_a0p10_best_paraffin_to_frozen,0,1663,/home/data/yh_1/SET_3/p2p-src-zzh-2025/datasets/冰冻-2025/test_image/2022-06-28_11_21_44.kfb_2455.jpg,211,359,174,185,37,0.48467966573816157,0.8246445497630331,0.6105263157894736,0,1,10200,4,362,359,5.015163435298717,6.375301177474274,0,31,5,1,0,1,17,167
p2p_proto_fusion_a0p10_best_paraffin_to_frozen,0,1664,/home/data/yh_1/SET_3/p2p-src-zzh-2025/datasets/冰冻-2025/test_image/2022-06-28_11_20_39.kfb_2670.jpg,117,256,103,153,14,0.40234375,0.8803418803418803,0.552278820375335,0,1,10200,4,259,256,4.7917383802658655,6.10994257047338,0,10,3,1,0,2,15,136
p2p_proto_fusion_a0p10_best_paraffin_to_frozen,0,1665,/home/data/yh_1/SET_3/p2p-src-zzh-2025/datasets/冰冻-2025/test_image/2022-06-28_11_20_39.kfb_1384.jpg,223,603,208,395,15,0.3449419568822554,0.9327354260089686,0.5036319612590798,0,1,10200,4,610,603,5.054143488859937,6.384630200954588,0,9,5,1,0,5,42,348
p2p_proto_fusion_a0p10_best_paraffin_to_frozen,0,1666,/home/data/yh_1/SET_3/p2p-src-zzh-2025/datasets/冰冻-2025/test_image/2022-06-28_11_11_09.kfb_915.jpg,0,303,0,0,0,0.0,0.0,0.0,1,0,10200,1,307,303,0.0,0.0,0,0,0,0,0,0,0,0
p2p_proto_fusion_a0p10_best_paraffin_to_frozen,0,1667,/home/data/yh_1/SET_3/p2p-src-zzh-2025/datasets/冰冻-2025/test_image/2022-06-28_11_20_39.kfb_1027.jpg,407,563,337,226,70,0.5985790408525755,0.828009828009828,0.6948453608247424,0,1,10200,0,565,563,4.598841316015738,5.863999141076198,0,45,22,3,0,2,51,173
p2p_proto_fusion_a0p10_best_paraffin_to_frozen,0,1668,/home/data/yh_1/SET_3/p2p-src-zzh-2025/datasets/冰冻-2025/test_image/2022-06-28_11_18_14.kfb_1950.jpg,80,197,67,130,13,0.3401015228426396,0.8375,0.48375451263537916,0,1,10200,5,200,197,4.7022663221559915,5.863800369091886,0,13,0,0,0,1,7,122
p2p_proto_fusion_a0p10_best_paraffin_to_frozen,0,1669,/home/data/yh_1/SET_3/p2p-src-zzh-2025/datasets/冰冻-2025/test_image/2022-06-28_11_21_44.kfb_2039.jpg,217,411,172,239,45,0.41849148418491483,0.7926267281105991,0.5477707006369427,0,1,10200,3,412,411,4.9549219818496475,6.3153443835502445,0,27,16,2,0,3,26,210
p2p_proto_fusion_a0p10_best_paraffin_to_frozen,0,1670,/home/data/yh_1/SET_3/p2p-src-zzh-2025/datasets/冰冻-2025/test_image/2022-06-28_11_20_39.kfb_2017.jpg,52,81,39,42,13,0.48148148148148145,0.75,0.5864661654135339,0,1,10200,13,81,81,4.145437249837615,5.332434299664611,0,12,1,0,0,0,4,38
p2p_proto_fusion_a0p10_best_paraffin_to_frozen,0,1671,/home/data/yh_1/SET_3/p2p-src-zzh-2025/datasets/冰冻-2025/test_image/2022-06-28_11_21_44.kfb_1536.jpg,96,130,66,64,30,0.5076923076923077,0.6875,0.584070796460177,0,1,10200,5,130,130,4.632274992006302,6.07516866019278,0,26,4,0,0,2,4,58
p2p_proto_fusion_a0p10_best_paraffin_to_frozen,0,1672,/home/data/yh_1/SET_3/p2p-src-zzh-2025/datasets/冰冻-2025/test_image/2022-06-28_11_11_09.kfb_646.jpg,0,316,0,0,0,0.0,0.0,0.0,1,0,10200,7,319,316,0.0,0.0,0,0,0,0,0,0,0,0
p2p_proto_fusion_a0p10_best_paraffin_to_frozen,0,1673,/home/data/yh_1/SET_3/p2p-src-zzh-2025/datasets/冰冻-2025/test_image/2022-06-28_11_20_39.kfb_855.jpg,334,533,269,264,65,0.5046904315196998,0.8053892215568862,0.6205305651672434,0,1,10200,2,537,533,4.707513089533809,5.990982101752415,0,36,22,7,0,2,46,216
p2p_proto_fusion_a0p10_best_paraffin_to_frozen,0,1674,/home/data/yh_1/SET_3/p2p-src-zzh-2025/datasets/冰冻-2025/test_image/2022-06-28_11_20_39.kfb_2833.jpg,47,91,27,64,20,0.2967032967032967,0.574468085106383,0.3913043478260869,0,1,10200,19,92,91,4.390557265865545,5.67123427214445,0,19,1,0,0,0,1,63
p2p_proto_fusion_a0p10_best_paraffin_to_frozen,0,1675,/home/data/yh_1/SET_3/p2p-src-zzh-2025/datasets/冰冻-2025/test_image/2022-06-28_11_21_44.kfb_1876.jpg,296,406,232,174,64,0.5714285714285714,0.7837837837837838,0.660968660968661,0,1,10200,1,409,406,4.664035257187019,5.923729557415535,0,45,14,5,0,0,41,133
p2p_proto_fusion_a0p10_best_paraffin_to_frozen,0,1676,/home/data/yh_1/SET_3/p2p-src-zzh-2025/datasets/冰冻-2025/test_image/2022-06-28_11_21_44.kfb_1754.jpg,195,274,156,118,39,0.5693430656934306,0.8,0.6652452025586354,0,1,10200,12,278,274,4.525343003180473,5.7550595295734865,0,28,11,0,0,0,21,97
p2p_proto_fusion_a0p10_best_paraffin_to_frozen,0,1677,/home/data/yh_1/SET_3/p2p-src-zzh-2025/datasets/冰冻-2025/test_image/2022-06-28_11_11_09.kfb_2357.jpg,43,60,28,32,15,0.4666666666666667,0.6511627906976745,0.5436893203883496,0,1,10200,8,60,60,3.9449727202121774,4.9976415974753285,0,15,0,0,0,0,1,31
p2p_proto_fusion_a0p10_best_paraffin_to_frozen,0,1678,/home/data/yh_1/SET_3/p2p-src-zzh-2025/datasets/冰冻-2025/test_image/2022-06-28_11_21_44.kfb_1575.jpg,45,64,21,43,24,0.328125,0.4666666666666667,0.3853211009174312,0,1,10200,29,65,64,5.013841861145384,6.0515675544738725,0,20,3,1,0,1,6,36
p2p_proto_fusion_a0p10_best_paraffin_to_frozen,0,1679,/home/data/yh_1/SET_3/p2p-src-zzh-2025/datasets/冰冻-2025/test_image/2022-06-28_11_21_44.kfb_1511.jpg,90,100,57,43,33,0.57,0.6333333333333333,0.6,0,1,10200,7,100,100,4.824521986250894,6.110098897365099,0,32,1,0,0,0,1,42
p2p_proto_fusion_a0p10_best_paraffin_to_frozen,0,1680,/home/data/yh_1/SET_3/p2p-src-zzh-2025/datasets/冰冻-2025/test_image/2022-06-28_11_21_44.kfb_731.jpg,366,552,302,250,64,0.5471014492753623,0.825136612021858,0.6579520697167756,0,1,10200,1,556,552,4.973135416700431,6.312937248621554,0,45,19,0,0,1,64,185
p2p_proto_fusion_a0p10_best_paraffin_to_frozen,0,1681,/home/data/yh_1/SET_3/p2p-src-zzh-2025/datasets/冰冻-2025/test_image/2022-06-28_11_18_14.kfb_508.jpg,283,236,170,66,113,0.7203389830508474,0.6007067137809188,0.6551059730250481,0,1,10200,1,241,236,4.78184701398729,6.143752774070291,0,75,34,4,0,0,8,58
p2p_proto_fusion_a0p10_best_paraffin_to_frozen,0,1682,/home/data/yh_1/SET_3/p2p-src-zzh-2025/datasets/冰冻-2025/test_image/2022-06-28_11_20_39.kfb_933.jpg,175,480,154,326,21,0.32083333333333336,0.88,0.4702290076335878,0,1,10200,2,483,480,5.480127993210843,6.979219396393024,0,15,5,1,0,1,32,293
p2p_proto_fusion_a0p10_best_paraffin_to_frozen,0,1683,/home/data/yh_1/SET_3/p2p-src-zzh-2025/datasets/冰冻-2025/test_image/2022-06-28_11_18_14.kfb_1339.jpg,64,54,36,18,28,0.6666666666666666,0.5625,0.6101694915254238,0,1,10200,3,54,54,4.014766593895434,5.124853107664322,0,27,1,0,0,0,0,18
p2p_proto_fusion_a0p10_best_paraffin_to_frozen,0,1684,/home/data/yh_1/SET_3/p2p-src-zzh-2025/datasets/冰冻-2025/test_image/2022-06-28_11_11_09.kfb_466.jpg,0,149,0,0,0,0.0,0.0,0.0,1,0,10200,3,152,149,0.0,0.0,0,0,0,0,0,0,0,0
p2p_proto_fusion_a0p10_best_paraffin_to_frozen,0,1685,/home/data/yh_1/SET_3/p2p-src-zzh-2025/datasets/冰冻-2025/test_image/2022-06-28_11_18_14.kfb_1835.jpg,16,26,8,18,8,0.3076923076923077,0.5,0.380952380952381,0,1,10200,10,26,26,3.741609566714034,5.120257616043091,0,7,1,0,0,0,1,17
p2p_proto_fusion_a0p10_best_paraffin_to_frozen,0,1686,/home/data/yh_1/SET_3/p2p-src-zzh-2025/datasets/冰冻-2025/test_image/2022-06-28_11_21_44.kfb_1679.jpg,104,100,50,50,54,0.5,0.4807692307692308,0.49019607843137253,0,1,10200,22,100,100,5.048220516848655,6.372440900802623,0,43,11,0,0,1,9,40
p2p_proto_fusion_a0p10_best_paraffin_to_frozen,0,1687,/home/data/yh_1/SET_3/p2p-src-zzh-2025/datasets/冰冻-2025/test_image/2022-06-28_11_20_39.kfb_2022.jpg,377,623,310,313,67,0.49759229534510435,0.8222811671087533,0.62,0,1,10200,1,634,623,5.154531527232495,6.584635237724549,0,30,34,3,0,4,49,260
p2p_proto_fusion_a0p10_best_paraffin_to_frozen,0,1688,/home/data/yh_1/SET_3/p2p-src-zzh-2025/datasets/冰冻-2025/test_image/2022-06-28_11_11_09.kfb_2234.jpg,449,543,373,170,76,0.6869244935543278,0.8307349665924276,0.7520161290322581,0,1,10200,7,555,543,7.001252848348571,8.818695040032818,0,28,47,1,0,4,51,115
p2p_proto_fusion_a0p10_best_paraffin_to_frozen,0,1689,/home/data/yh_1/SET_3/p2p-src-zzh-2025/datasets/冰冻-2025/test_image/2022-06-28_11_20_39.kfb_628.jpg,285,454,249,205,36,0.5484581497797357,0.8736842105263158,0.6738836265223275,0,1,10200,1,460,454,4.779142840342789,6.0771935914893715,0,29,6,1,0,0,37,168
p2p_proto_fusion_a0p10_best_paraffin_to_frozen,0,1690,/home/data/yh_1/SET_3/p2p-src-zzh-2025/datasets/冰冻-2025/test_image/2022-06-28_11_21_44.kfb_1080.jpg,141,192,108,84,33,0.5625,0.7659574468085106,0.6486486486486486,0,1,10200,4,193,192,4.991417524012761,6.406517655761151,0,25,5,3,0,0,11,73
p2p_proto_fusion_a0p10_best_paraffin_to_frozen,0,1691,/home/data/yh_1/SET_3/p2p-src-zzh-2025/datasets/冰冻-2025/test_image/2022-06-28_11_21_44.kfb_1341.jpg,84,145,62,83,22,0.42758620689655175,0.7380952380952381,0.5414847161572053,0,1,10200,15,150,145,4.463242948876999,5.658854576849169,0,20,2,0,0,1,10,72
p2p_proto_fusion_a0p10_best_paraffin_to_frozen,0,1692,/home/data/yh_1/SET_3/p2p-src-zzh-2025/datasets/冰冻-2025/test_image/2022-06-28_11_21_44.kfb_1566.jpg,130,245,106,139,24,0.4326530612244898,0.8153846153846154,0.5653333333333334,0,1,10200,21,250,245,4.417178190695392,5.7938244882619605,0,16,5,3,0,0,13,126
p2p_proto_fusion_a0p10_best_paraffin_to_frozen,0,1693,/home/data/yh_1/SET_3/p2p-src-zzh-2025/datasets/冰冻-2025/test_image/2022-06-28_11_18_14.kfb_2252.jpg,142,207,116,91,26,0.5603864734299517,0.8169014084507042,0.664756446991404,0,1,10200,4,209,207,4.294083729980405,5.536148034293074,0,21,5,0,0,0,10,81
p2p_proto_fusion_a0p10_best_paraffin_to_frozen,0,1694,/home/data/yh_1/SET_3/p2p-src-zzh-2025/datasets/冰冻-2025/test_image/2022-06-28_11_21_44.kfb_1670.jpg,100,117,75,42,25,0.6410256410256411,0.75,0.6912442396313365,0,1,10200,13,118,117,4.260743342099021,5.503330612182615,0,25,0,0,0,0,5,37
p2p_proto_fusion_a0p10_best_paraffin_to_frozen,0,1695,/home/data/yh_1/SET_3/p2p-src-zzh-2025/datasets/冰冻-2025/test_image/2022-06-28_11_21_44.kfb_2304.jpg,241,353,177,176,64,0.5014164305949008,0.7344398340248963,0.5959595959595959,0,1,10200,0,355,353,4.934335055290716,6.318659144622212,0,38,22,4,0,1,25,150
p2p_proto_fusion_a0p10_best_paraffin_to_frozen,0,1696,/home/data/yh_1/SET_3/p2p-src-zzh-2025/datasets/冰冻-2025/test_image/2022-06-28_11_21_44.kfb_2550.jpg,260,383,201,182,59,0.5248041775456919,0.7730769230769231,0.625194401244168,0,1,10200,0,383,383,5.560266039506495,7.170134903955506,0,41,17,1,0,3,29,150
p2p_proto_fusion_a0p10_best_paraffin_to_frozen,0,1697,/home/data/yh_1/SET_3/p2p-src-zzh-2025/datasets/冰冻-2025/test_image/2022-06-28_11_21_44.kfb_2451.jpg,127,182,93,89,34,0.510989010989011,0.7322834645669292,0.6019417475728155,0,1,10200,3,186,182,5.531713095640871,7.125140596353418,0,26,8,0,0,0,10,79
p2p_proto_fusion_a0p10_best_paraffin_to_frozen,0,1698,/home/data/yh_1/SET_3/p2p-src-zzh-2025/datasets/冰冻-2025/test_image/2022-06-28_11_11_09.kfb_921.jpg,0,334,0,0,0,0.0,0.0,0.0,1,0,10200,3,335,334,0.0,0.0,0,0,0,0,0,0,0,0
p2p_proto_fusion_a0p10_best_paraffin_to_frozen,0,1699,/home/data/yh_1/SET_3/p2p-src-zzh-2025/datasets/冰冻-2025/test_image/2022-06-28_11_20_39.kfb_3011.jpg,202,598,181,417,21,0.30267558528428096,0.8960396039603961,0.45250000000000007,0,1,10200,4,602,598,4.314317540256056,5.5743218996248185,0,9,11,1,0,4,39,374
p2p_proto_fusion_a0p10_best_paraffin_to_frozen,0,1700,/home/data/yh_1/SET_3/p2p-src-zzh-2025/datasets/冰冻-2025/test_image/2022-06-28_11_20_39.kfb_1062.jpg,49,96,35,61,14,0.3645833333333333,0.7142857142857143,0.4827586206896552,0,1,10200,3,99,96,5.6132920912863815,7.133988571166989,0,11,3,0,0,0,10,51
p2p_proto_fusion_a0p10_best_paraffin_to_frozen,0,1701,/home/data/yh_1/SET_3/p2p-src-zzh-2025/datasets/冰冻-2025/test_image/2022-06-28_11_20_39.kfb_3065.jpg,88,218,77,141,11,0.3532110091743119,0.875,0.5032679738562091,0,1,10200,0,220,218,4.711885469274476,6.042446433723746,0,7,2,2,0,1,7,133
p2p_proto_fusion_a0p10_best_paraffin_to_frozen,0,1702,/home/data/yh_1/SET_3/p2p-src-zzh-2025/datasets/冰冻-2025/test_image/2022-06-28_11_21_44.kfb_1730.jpg,222,371,186,185,36,0.5013477088948787,0.8378378378378378,0.627318718381113,0,1,10200,9,376,371,4.814239649872058,6.0970533740135915,0,23,11,2,0,1,32,152
p2p_proto_fusion_a0p10_best_paraffin_to_frozen,0,1703,/home/data/yh_1/SET_3/p2p-src-zzh-2025/datasets/冰冻-2025/test_image/2022-06-28_11_11_09.kfb_2265.jpg,28,59,20,39,8,0.3389830508474576,0.7142857142857143,0.4597701149425287,0,1,10200,48,62,59,6.135427933329599,7.726473844051358,0,4,3,1,0,2,2,35
p2p_proto_fusion_a0p10_best_paraffin_to_frozen,0,1704,/home/data/yh_1/SET_3/p2p-src-zzh-2025/datasets/冰冻-2025/test_image/2022-06-28_11_21_44.kfb_2476.jpg,223,322,165,157,58,0.5124223602484472,0.7399103139013453,0.6055045871559633,0,1,10200,0,325,322,4.424377872693398,5.654878880051083,0,43,12,3,0,1,26,130
p2p_proto_fusion_a0p10_best_paraffin_to_frozen,0,1705,/home/data/yh_1/SET_3/p2p-src-zzh-2025/datasets/冰冻-2025/test_image/2022-06-28_11_11_09.kfb_2358.jpg,14,44,7,37,7,0.1590909090909091,0.5,0.2413793103448276,0,1,10200,8,44,44,4.5837559520149735,6.094128744942799,0,7,0,0,0,0,2,35
p2p_proto_fusion_a0p10_best_paraffin_to_frozen,0,1706,/home/data/yh_1/SET_3/p2p-src-zzh-2025/datasets/冰冻-2025/test_image/2022-06-28_11_11_09.kfb_923.jpg,0,234,0,0,0,0.0,0.0,0.0,1,0,10200,0,238,234,0.0,0.0,0,0,0,0,0,0,0,0
p2p_proto_fusion_a0p10_best_paraffin_to_frozen,0,1707,/home/data/yh_1/SET_3/p2p-src-zzh-2025/datasets/冰冻-2025/test_image/2022-06-28_11_18_14.kfb_2080.jpg,166,348,135,213,31,0.3879310344827586,0.8132530120481928,0.5252918287937743,0,1,10200,3,353,348,4.598965092276517,5.821068809650561,0,22,7,2,0,1,14,198
p2p_proto_fusion_a0p10_best_paraffin_to_frozen,0,1708,/home/data/yh_1/SET_3/p2p-src-zzh-2025/datasets/冰冻-2025/test_image/2022-06-28_11_21_44.kfb_1596.jpg,88,142,67,75,21,0.47183098591549294,0.7613636363636364,0.5826086956521739,0,1,10200,8,145,142,5.069164412179523,6.539032836458576,0,13,7,1,0,0,8,67
p2p_proto_fusion_a0p10_best_paraffin_to_frozen,0,1709,/home/data/yh_1/SET_3/p2p-src-zzh-2025/datasets/冰冻-2025/test_image/2022-06-28_11_20_39.kfb_2851.jpg,128,324,105,219,23,0.32407407407407407,0.8203125,0.4646017699115045,0,1,10200,3,328,324,4.40806147739186,5.603689513887676,0,18,5,0,0,1,22,196
p2p_proto_fusion_a0p10_best_paraffin_to_frozen,0,1710,/home/data/yh_1/SET_3/p2p-src-zzh-2025/datasets/冰冻-2025/test_image/2022-06-28_11_18_14.kfb_565.jpg,75,88,54,34,21,0.6136363636363636,0.72,0.6625766871165645,0,1,10200,13,89,88,4.139812521758547,5.187790685229829,0,18,3,0,0,0,4,30
p2p_proto_fusion_a0p10_best_paraffin_to_frozen,0,1711,/home/data/yh_1/SET_3/p2p-src-zzh-2025/datasets/冰冻-2025/test_image/2022-06-28_11_21_44.kfb_1180.jpg,198,411,178,233,20,0.43309002433090027,0.898989898989899,0.5845648604269295,0,1,10200,1,414,411,4.631033608486674,5.974073546656063,0,12,6,2,0,3,34,196
p2p_proto_fusion_a0p10_best_paraffin_to_frozen,0,1712,/home/data/yh_1/SET_3/p2p-src-zzh-2025/datasets/冰冻-2025/test_image/2022-06-28_11_21_44.kfb_520.jpg,298,524,252,272,46,0.48091603053435117,0.8456375838926175,0.6131386861313869,0,1,10200,1,527,524,4.836635722671362,6.227680089927857,0,21,20,5,0,4,59,209
p2p_proto_fusion_a0p10_best_paraffin_to_frozen,0,1713,/home/data/yh_1/SET_3/p2p-src-zzh-2025/datasets/冰冻-2025/test_image/2022-06-28_11_21_44.kfb_1225.jpg,310,577,256,321,54,0.4436741767764298,0.8258064516129032,0.5772266065388951,0,1,10200,5,579,577,5.106673153780691,6.508097117766738,0,26,23,5,0,4,56,261
p2p_proto_fusion_a0p10_best_paraffin_to_frozen,0,1714,/home/data/yh_1/SET_3/p2p-src-zzh-2025/datasets/冰冻-2025/test_image/2022-06-28_11_20_39.kfb_593.jpg,197,333,151,182,46,0.45345345345345345,0.766497461928934,0.5698113207547169,0,1,10200,2,336,333,4.792262008414453,6.106929924314385,0,36,10,0,0,0,21,161
p2p_proto_fusion_a0p10_best_paraffin_to_frozen,0,1715,/home/data/yh_1/SET_3/p2p-src-zzh-2025/datasets/冰冻-2025/test_image/2022-06-28_11_18_14.kfb_1456.jpg,45,92,39,53,6,0.42391304347826086,0.8666666666666667,0.5693430656934306,0,1,10200,16,92,92,4.420563375136692,5.528550270276193,0,6,0,0,0,0,0,53
p2p_proto_fusion_a0p10_best_paraffin_to_frozen,0,1716,/home/data/yh_1/SET_3/p2p-src-zzh-2025/datasets/冰冻-2025/test_image/2022-06-28_11_20_39.kfb_978.jpg,111,211,97,114,14,0.4597156398104265,0.8738738738738738,0.6024844720496895,0,1,10200,12,212,211,4.550545037815921,5.848691306163356,0,10,4,0,0,1,17,96
p2p_proto_fusion_a0p10_best_paraffin_to_frozen,0,1717,/home/data/yh_1/SET_3/p2p-src-zzh-2025/datasets/冰冻-2025/test_image/2022-06-28_11_11_09.kfb_861.jpg,0,452,0,0,0,0.0,0.0,0.0,1,0,10200,36,454,452,0.0,0.0,0,0,0,0,0,0,0,0
p2p_proto_fusion_a0p10_best_paraffin_to_frozen,0,1718,/home/data/yh_1/SET_3/p2p-src-zzh-2025/datasets/冰冻-2025/test_image/2022-06-28_11_11_09.kfb_882.jpg,44,54,29,25,15,0.5370370370370371,0.6590909090909091,0.5918367346938775,0,1,10200,4,54,54,5.415206351446241,6.8999832087549695,0,14,1,0,0,0,1,24
p2p_proto_fusion_a0p10_best_paraffin_to_frozen,0,1719,/home/data/yh_1/SET_3/p2p-src-zzh-2025/datasets/冰冻-2025/test_image/2022-06-28_11_21_44.kfb_514.jpg,233,282,180,102,53,0.6382978723404256,0.7725321888412017,0.6990291262135923,0,1,10200,14,287,282,4.762473376686643,6.077800149387784,0,40,10,3,0,1,19,82
p2p_proto_fusion_a0p10_best_paraffin_to_frozen,0,1720,/home/data/yh_1/SET_3/p2p-src-zzh-2025/datasets/冰冻-2025/test_image/2022-06-28_11_18_14.kfb_195.jpg,301,267,189,78,112,0.7078651685393258,0.627906976744186,0.6654929577464789,0,1,10200,0,267,267,4.695050913866583,6.012299099927225,0,77,32,3,0,0,18,60
p2p_proto_fusion_a0p10_best_paraffin_to_frozen,0,1721,/home/data/yh_1/SET_3/p2p-src-zzh-2025/datasets/冰冻-2025/test_image/2022-06-28_11_21_44.kfb_906.jpg,335,550,292,258,43,0.5309090909090909,0.8716417910447761,0.6598870056497175,0,1,10200,1,557,550,5.006214938881351,6.393772023997895,0,23,19,1,0,0,48,210
p2p_proto_fusion_a0p10_best_paraffin_to_frozen,0,1722,/home/data/yh_1/SET_3/p2p-src-zzh-2025/datasets/冰冻-2025/test_image/2022-06-28_11_18_14.kfb_670.jpg,5,9,2,7,3,0.2222222222222222,0.4,0.2857142857142857,0,1,10200,13,9,9,3.7314071272526794,4.407461643218994,0,3,0,0,0,0,0,7
p2p_proto_fusion_a0p10_best_paraffin_to_frozen,0,1723,/home/data/yh_1/SET_3/p2p-src-zzh-2025/datasets/冰冻-2025/test_image/2022-06-28_11_20_39.kfb_2651.jpg,21,47,14,33,7,0.2978723404255319,0.6666666666666666,0.4117647058823529,0,1,10200,25,49,47,5.454310234950311,6.798928533281596,0,7,0,0,0,0,2,31
p2p_proto_fusion_a0p10_best_paraffin_to_frozen,0,1724,/home/data/yh_1/SET_3/p2p-src-zzh-2025/datasets/冰冻-2025/test_image/2022-06-28_11_18_14.kfb_1994.jpg,154,291,134,157,20,0.46048109965635736,0.8701298701298701,0.602247191011236,0,1,10200,1,293,291,4.645355540057421,5.87909856483118,0,13,7,0,0,1,18,138
p2p_proto_fusion_a0p10_best_paraffin_to_frozen,0,1725,/home/data/yh_1/SET_3/p2p-src-zzh-2025/datasets/冰冻-2025/test_image/2022-06-28_11_21_44.kfb_1131.jpg,264,296,178,118,86,0.6013513513513513,0.6742424242424242,0.6357142857142857,0,1,10200,2,298,296,5.020780740900715,6.359501367204646,0,61,25,0,0,2,24,92
p2p_proto_fusion_a0p10_best_paraffin_to_frozen,0,1726,/home/data/yh_1/SET_3/p2p-src-zzh-2025/datasets/冰冻-2025/test_image/2022-06-28_11_20_39.kfb_2341.jpg,103,261,79,182,24,0.30268199233716475,0.7669902912621359,0.4340659340659341,0,1,10200,2,263,261,4.615881199872188,5.7910472773298425,0,18,6,0,0,1,16,165
p2p_proto_fusion_a0p10_best_paraffin_to_frozen,0,1727,/home/data/yh_1/SET_3/p2p-src-zzh-2025/datasets/冰冻-2025/test_image/2022-06-28_11_21_44.kfb_595.jpg,348,567,288,279,60,0.5079365079365079,0.8275862068965517,0.6295081967213115,0,1,10200,3,569,567,4.913877927733417,6.2662271472315005,0,28,27,5,0,4,45,230
p2p_proto_fusion_a0p10_best_paraffin_to_frozen,0,1728,/home/data/yh_1/SET_3/p2p-src-zzh-2025/datasets/冰冻-2025/test_image/2022-06-28_11_11_09.kfb_2043.jpg,42,102,31,71,11,0.30392156862745096,0.7380952380952381,0.4305555555555555,0,1,10200,4,104,102,5.327078955717828,6.669571522743469,0,10,1,0,0,0,5,66
p2p_proto_fusion_a0p10_best_paraffin_to_frozen,0,1729,/home/data/yh_1/SET_3/p2p-src-zzh-2025/datasets/冰冻-2025/test_image/2022-06-28_11_20_39.kfb_1979.jpg,111,209,74,135,37,0.35406698564593303,0.6666666666666666,0.4625,0,1,10200,9,213,209,4.584061847959793,5.848641846631034,0,35,2,0,0,3,10,122
p2p_proto_fusion_a0p10_best_paraffin_to_frozen,0,1730,/home/data/yh_1/SET_3/p2p-src-zzh-2025/datasets/冰冻-2025/test_image/2022-06-28_11_20_39.kfb_613.jpg,165,383,132,251,33,0.34464751958224543,0.8,0.48175182481751827,0,1,10200,3,383,383,5.085174831233418,6.4752867619196595,0,22,11,0,0,0,27,224
p2p_proto_fusion_a0p10_best_paraffin_to_frozen,0,1731,/home/data/yh_1/SET_3/p2p-src-zzh-2025/datasets/冰冻-2025/test_image/2022-06-28_11_20_39.kfb_2917.jpg,117,330,96,234,21,0.2909090909090909,0.8205128205128205,0.42953020134228187,0,1,10200,6,334,330,4.558616192067732,5.81903816262881,0,14,6,1,0,0,16,218
p2p_proto_fusion_a0p10_best_paraffin_to_frozen,0,1732,/home/data/yh_1/SET_3/p2p-src-zzh-2025/datasets/冰冻-2025/test_image/2022-06-28_11_21_44.kfb_2542.jpg,417,691,372,319,45,0.5383502170767004,0.8920863309352518,0.6714801444043321,0,1,10200,5,696,691,4.756385924225438,6.047442212206713,0,26,18,1,0,6,52,261
p2p_proto_fusion_a0p10_best_paraffin_to_frozen,0,1733,/home/data/yh_1/SET_3/p2p-src-zzh-2025/datasets/冰冻-2025/test_image/2022-06-28_11_11_09.kfb_1464.jpg,137,250,115,135,22,0.46,0.8394160583941606,0.5943152454780362,0,1,10200,1,252,250,5.296259446288292,6.734990273351254,0,16,2,4,0,1,16,118
p2p_proto_fusion_a0p10_best_paraffin_to_frozen,0,1734,/home/data/yh_1/SET_3/p2p-src-zzh-2025/datasets/冰冻-2025/test_image/2022-06-28_11_21_44.kfb_179.jpg,143,141,91,50,52,0.6453900709219859,0.6363636363636364,0.6408450704225352,0,1,10200,5,142,141,4.783806775795817,6.01011417724274,0,43,7,2,0,0,6,44
p2p_proto_fusion_a0p10_best_paraffin_to_frozen,0,1735,/home/data/yh_1/SET_3/p2p-src-zzh-2025/datasets/冰冻-2025/test_image/2022-06-28_11_21_44.kfb_1997.jpg,94,141,75,66,19,0.5319148936170213,0.7978723404255319,0.6382978723404255,0,1,10200,6,142,141,4.5841988575175,5.834060764312743,0,13,5,1,0,0,11,55
p2p_proto_fusion_a0p10_best_paraffin_to_frozen,0,1736,/home/data/yh_1/SET_3/p2p-src-zzh-2025/datasets/冰冻-2025/test_image/2022-06-28_11_20_39.kfb_2982.jpg,92,397,84,313,8,0.21158690176322417,0.9130434782608695,0.3435582822085889,0,1,10200,4,405,397,4.609057377837586,5.995086425826663,0,5,2,1,0,0,11,302
p2p_proto_fusion_a0p10_best_paraffin_to_frozen,0,1737,/home/data/yh_1/SET_3/p2p-src-zzh-2025/datasets/冰冻-2025/test_image/2022-06-28_11_11_09.kfb_2093.jpg,51,86,40,46,11,0.46511627906976744,0.7843137254901961,0.583941605839416,0,1,10200,8,87,86,4.844716386142369,6.0969361186027475,0,6,4,1,0,2,3,41
p2p_proto_fusion_a0p10_best_paraffin_to_frozen,0,1738,/home/data/yh_1/SET_3/p2p-src-zzh-2025/datasets/冰冻-2025/test_image/2022-06-28_11_21_44.kfb_1957.jpg,341,501,284,217,57,0.5668662674650699,0.8328445747800587,0.6745843230403801,0,1,10200,2,505,501,4.406665135577734,5.55690738516794,0,32,21,4,0,0,36,181
p2p_proto_fusion_a0p10_best_paraffin_to_frozen,0,1739,/home/data/yh_1/SET_3/p2p-src-zzh-2025/datasets/冰冻-2025/test_image/2022-06-28_11_20_39.kfb_1223.jpg,295,403,236,167,59,0.5856079404466501,0.8,0.6762177650429799,0,1,10200,4,415,403,4.419349073687543,5.669069324509573,0,42,14,3,0,0,26,141
p2p_proto_fusion_a0p10_best_paraffin_to_frozen,0,1740,/home/data/yh_1/SET_3/p2p-src-zzh-2025/datasets/冰冻-2025/test_image/2022-06-28_11_12_06.kfb_3163.jpg,0,328,0,0,0,0.0,0.0,0.0,1,0,10200,1,330,328,0.0,0.0,0,0,0,0,0,0,0,0
p2p_proto_fusion_a0p10_best_paraffin_to_frozen,0,1741,/home/data/yh_1/SET_3/p2p-src-zzh-2025/datasets/冰冻-2025/test_image/2022-06-28_11_20_39.kfb_1252.jpg,50,61,31,30,19,0.5081967213114754,0.62,0.5585585585585586,0,1,10200,23,61,61,3.8250142078821017,4.8622718164997645,0,17,2,0,0,0,4,26
p2p_proto_fusion_a0p10_best_paraffin_to_frozen,0,1742,/home/data/yh_1/SET_3/p2p-src-zzh-2025/datasets/冰冻-2025/test_image/2022-06-28_11_21_44.kfb_2433.jpg,352,454,276,178,76,0.6079295154185022,0.7840909090909091,0.684863523573201,0,1,10200,1,454,454,5.2077300805329045,6.509758120718491,0,50,24,2,0,3,36,139
p2p_proto_fusion_a0p10_best_paraffin_to_frozen,0,1743,/home/data/yh_1/SET_3/p2p-src-zzh-2025/datasets/冰冻-2025/test_image/2022-06-28_11_20_39.kfb_433.jpg,378,554,310,244,68,0.5595667870036101,0.8201058201058201,0.6652360515021459,0,1,10200,2,556,554,5.948707289190398,7.544632964418542,0,33,33,2,0,1,49,194
p2p_proto_fusion_a0p10_best_paraffin_to_frozen,0,1744,/home/data/yh_1/SET_3/p2p-src-zzh-2025/datasets/冰冻-2025/test_image/2022-06-28_11_21_44.kfb_2083.jpg,238,472,212,260,26,0.4491525423728814,0.8907563025210085,0.5971830985915494,0,1,10200,8,480,472,4.670785435664797,6.00617228813891,0,13,9,4,0,4,47,209
p2p_proto_fusion_a0p10_best_paraffin_to_frozen,0,1745,/home/data/yh_1/SET_3/p2p-src-zzh-2025/datasets/冰冻-2025/test_image/2022-06-28_11_11_09.kfb_930.jpg,188,425,160,265,28,0.3764705882352941,0.851063829787234,0.5220228384991844,0,1,10200,21,429,425,5.8489692245651295,7.417984931170939,0,18,10,0,0,2,26,237
p2p_proto_fusion_a0p10_best_paraffin_to_frozen,0,1746,/home/data/yh_1/SET_3/p2p-src-zzh-2025/datasets/冰冻-2025/test_image/2022-06-28_11_21_44.kfb_1934.jpg,112,147,68,79,44,0.46258503401360546,0.6071428571428571,0.5250965250965252,0,1,10200,5,148,147,4.643678020271043,5.901409191243784,0,36,7,1,0,1,9,69
p2p_proto_fusion_a0p10_best_paraffin_to_frozen,0,1747,/home/data/yh_1/SET_3/p2p-src-zzh-2025/datasets/冰冻-2025/test_image/2022-06-28_11_11_09.kfb_787.jpg,266,455,219,236,47,0.48131868131868133,0.8233082706766918,0.60748959778086,0,1,10200,1,457,455,4.8285335540294945,6.14109255407499,0,30,9,8,0,0,23,213
